_id,Pipeline Status,Application Number,Date Received,Description,Address,Ward,Proposed Residential Gross Floor Area,Proposed Non-Residential Gross Floor Area,Proposed Gross Floor Area,Proposed Residential Units,Application Information Centre Link
1,Built,09 189714 STE 20 SA,2009-11-19,Site Plan approval for Phase 1 of CN Tower lands re development - for new entertainment complex containing 3 storey Ripleys Aquarium Phase 1 consists of easterly portion of lands and construction of southerly portion of 2 storey aquarium. Future phase 2,292 BREMNER BLVD,10,0,9846,9846,0,
2,Built,18 267198 ESC 24 SA,2018-12-11,"Condo Building B known as 30 Meadowglen Place.  File created as sub-folder to 13 199513 ESC 38 SA. Revised site plan application based on OMB Case No. PL131280 proposes the redevelopment of the site with 32 stacked townhouses, a 16 storey, 146 residentia",1-2 MEADOWGLEN PL,24,25762,483,26245,327,http://app.toronto.ca/AIC/index.do?folderRsn=pKf6n0PLhyateCPdOt0NXA%3D%3D
3,Active,17 266727 STE 21 OZ,2017-11-24,"Zoning By-Law Amendment to facilitate the conversion and expansion of existing , vacant building for the purpose of a single family dwelling unit by: severing and registering an easement over 598 Rushton Road to provide outdoor amenity space and servicin",596 R RUSHTON RD,12,221,0,221,1,http://app.toronto.ca/AIC/index.do?folderRsn=t8azL5CdVyfpI9wSo5ZMpA%3D%3D
4,Under Review,19 118245 STE 11 OZ,2019-02-22,"Zoning By-Law Amendment application to permit a 9-storey institutional building, containing 14,770 square metres of non-residential gross floor area. The proposal includes heritage conservation on the site.",78 QUEEN'S PARK,11,0,14768.77,14768.77,0,http://app.toronto.ca/AIC/index.do?folderRsn=3FdbGkCG4wk5NEqq31pKZQ%3D%3D
5,Built,13 132867 STE 20 SA,2013-03-14,"Proposed Site Plan application for a renovation and addition to the existing Flavelle House and Bora Laskin Library wing.  The proposed demolition of the current rotunda connection, partial demolition of the Bora Laskin Library wing and construction of a",78 QUEEN'S PARK,11,0,3275.3,3275.3,0,
6,Under Review,20 210389 NNY 17 SA,2020-10-23,"Site Plan application to permit the proposal for the South development consisting of two towers with proposed heights of 29 and 30 storeys connected by a single podiumn building for a total gross floor area of 65,670 square metres, 50,350 residential gro",2901 BAYVIEW AVE,17,50349.25,15316.22,65665.47,682,http://app.toronto.ca/AIC/index.do?folderRsn=rzOjXOHvMBZWOr61WvpILg%3D%3D
7,Built,11 250612 ESC 37 SA,2011-08-03,Site plan application for two 19-storey and one 17-storey condominium towers.  A total of 593 residential units are proposed (North Building: 227 units; West Building: 206 units; South Building: 160 units).  A total of 400 m2 of ground floor retail space,2150 LAWRENCE AVE E,21,47687.03,631.6,48318.63,586,
8,Active,14 248860 NNY 10 OZ,2014-11-06,"This rezoning application proposes a 10-storey, residential building, which has 2-storey townhouses at grade, and 4-storey, stacked, back-to-back townhouses along Greenwin Village Road.  The proposal also includes a 1-storey, 550 square metre retail buil",755 STEELES AVE W,18,11883,550,12433,152,http://app.toronto.ca/AIC/index.do?folderRsn=LtkyZGE%2B6UDj%2FazopjPERg%3D%3D
9,Built,10 309448 STE 20 OZ,2010-12-06,"Proposal to construct a 3 story rear addition to the existing building for a mental health and wellness centre, geared to seniors.",407 HURON ST,11,0,1018.4,1018.4,0,
10,Built,15 112180 NNY 24 OZ,2015-02-04,"Application to permit proposed 14-storey mixed-use building consisting of 542 square metre retail floor area at grade and 13,238 residential gross floor area.",3237 BAYVIEW AVE,17,12375,0,12375,151,
11,Built,15 267377 NNY 16 OZ,2015-12-21,Maintain the conversion of the existing one-storey mixed use building converted from residential to office/residential uses and to construct a two-storey addition atop the existing building in order to accommodate either a two-storey residential unit on,2100 AVENUE RD,8,0,171.62,171.62,0,
12,Built,04 150643 NNY 16 OZ,2004-06-25,"Propose a 4 storey podium along Yonge St. with a 17-19 storey apartment building with a density of 7.51FSI.  Revised proposal received on Nov. 24/05 to propose a 16 storey, 215 unit apartment building with FSI of 6.42.  Revised proposal on July 25, 2006",3018 YONGE ST,8,16775,200,16975,188,
13,Under Review,20 215681 ESC 22 OZ,2020-11-05,CLOSED - Refer to the new application:  24 106385 ESC 22 OZ    Development of a 4-storey residential building with 35 units and 41 vehicle parking spaces.,3175 SHEPPARD AVE E,22,4603.73,0,4603.73,35,http://app.toronto.ca/AIC/index.do?folderRsn=bGZWOvD3%2FN%2F5vPoVWQEVOQ%3D%3D
14,Built,14 259035 WET 11 SA,2014-12-02,"Proposed conversion of an existing industrial warehouse building to a fitness centre (L.A. Fitness) and grocery store (Organic Garage).  Vestibule additions will be added to the building along the north, east, and west facades.",43 JUNCTION RD,5,0,6426,6426,0,
15,Built,16 226496 WET 02 SA,2016-09-21,"The application proposes additions to the existing 3-storey self-storage building on the subject property. The additions comprise a 3-storey building and a 1-storey building having a gross floor area of 2,950 m2 and 250 m2, respectively. February 2, 2017",55 KELFIELD ST,1,0,4740,4740,0,http://app.toronto.ca/AIC/index.do?folderRsn=35xZMZ0hMRFKWEEUpXzadQ%3D%3D
16,Built,13 196243 ESC 44 OZ,2013-06-28,To permit a six (6) lot residential subdivision conisting of three (3) pairs of semi-detached dwellings on a 23 m public street.,67 KIRKDENE DR,25,1055.69,0,1055.69,6,
17,Under Review,19 186975 STE 19 OZ,2019-07-11,"Zoning By- Law Amendment Application to permit to permit a 10-storey mixed-use building, containing 60 rental dwelling units and 127 square metres of non-residential gross floor area.     This application is being reviewed and considered concurrently wit",1821 DANFORTH AVE,19,1877,74,1951,30,http://app.toronto.ca/AIC/index.do?folderRsn=0fCYLDauDIxKY8D3MGCxOA%3D%3D
18,Built,11 329885 STE 20 OZ,2011-12-22,Rezoning application to construct a mixed use development at 120 and 130 Harbour Street and 10 York Street.  The application is for a residential tower with a 4 storey podium and a proposed tower of approximately 65 storeys or 224 metres including mechan,130 HARBOUR ST,10,56462,218,56680,694,
19,Built,08 111649 NNY 26 OZ,2008-02-14,This application is to permit the development of two apartment buildings 28 and 30 storeys in height and 26 townhouses for a total of 639 units and an FSI of 4.35 on the site of an existing office building and surface parking lot.  The office building ha,1185 EGLINTON AVE E,16,50180,0,50180,655,
20,Built,13 159180 WET 01 SA,2013-04-30,To construct a Cultural Centre building (589 square metres) in connection with two existing buildings that are used as a Priest's residence at 2103 Codlin Crescent and a Place of Worship at 2107 Codlin Crescent.,2103 CODLIN CRES,1,0,203,203,0,
21,Built,16 269049 STE 22 OZ,2016-12-20,Proposal for rezoning related to 5 townhouse dwelling units,145 CHAPLIN CRES,12,1621.3,0,1621.3,5,http://app.toronto.ca/DevelopmentApplications/associatedApplicationsList.do?action=init&folderRsn=4082774&isCofASearch=false
22,Built,09 111145 STE 20 OZ,2009-02-20,Rezoning application for 30 storey mixed use apartment building with commercial at grade and second floor - commercial suites 4 - residential suites 183 - parking spaces 176 - 7 storeys of above grade parking - 1 type G loading space,200 BLOOR ST W,11,20049,8059,28108,204,
23,Built,17 226913 STE 20 OZ,2017-09-01,"This application proposes a principal three-storey detached residential building fronting Huron Street and two ancillary detached residential buildings, one at two-storeys and one at three-storeys, fronting the laneway at 366-370 Huron Street.  Each buil",368 HURON ST,11,421,0,421,3,http://app.toronto.ca/DevelopmentApplications/associatedApplicationsList.do?action=init&folderRsn=4238960&isCofASearch=false
24,Built,13 215423 STE 20 OZ,2013-08-02,"A Zoning Amendment application for a mixed-use development that includes a 14-storey office building adjoined by a 16-storey residential building.   The proposed development shall include new residential gross floor area of 10,288m2.  116 units proposed.",602 KING ST W,10,10061,24051,34112,115,
25,Built,15 249779 WET 06 SA,2015-11-10,Proposal for 14 grade-related townhouse units.,431 ROYAL YORK RD,3,1720,0,1720,14,http://app.toronto.ca/DevelopmentApplications/associatedApplicationsList.do?action=init&folderRsn=3856753&isCofASearch=false
26,Built,17 181649 ESC 44 OZ,2017-06-16,"Infill development of 8 freehold, detached dwellings accessed from a private driveway off Lawrence Ave E.  The private road and landscaped areas are to be owned by a condominium corporation (common element).",4342 LAWRENCE AVE E,25,2007.62,0,2007.62,8,http://app.toronto.ca/DevelopmentApplications/associatedApplicationsList.do?action=init&folderRsn=4186664&isCofASearch=false
27,Built,12 298398 NNY 24 OZ,2012-12-28,"Revised application proposes a mixed use development with building height of 6 to 10 storeys containing 186 dwelling units, 1,676 square metres of grade related retail space and second floor office space and 265 parking spaces in three levels of undergro",593 SHEPPARD AVE E,17,14697,2690,17387,201,
28,Active,15 213190 STE 30 OZ,2015-08-26,"The proposed development consists of eighteen (18) 4-storey townhouses comprising a total of 3,697 square metres on the subject site and a density of approximately 1.5 FSI. Each unit will contain three bedrooms and contain one parking space in an integra",395 LESLIE ST,14,2811,0,2811,10,http://app.toronto.ca/AIC/index.do?folderRsn=ZEL4YG2n9QB78KCNMlrWJQ%3D%3D
29,Under Review,20 170883 WET 03 SA,2020-07-22,"The proposed development consists of a 18,744 m2 new 12 storey office building.",181 THE WEST MALL,3,0,18745,18745,0,http://app.toronto.ca/AIC/index.do?folderRsn=1zDGb22maTLN7EsHTZ8eDw%3D%3D
30,Under Review,16 189275 STE 20 SA,2016-07-12,"Site Plan Application for a 10-storey mixed-use building with a restaurant at grade and 14 residential units above. The development does not include any vehicular parking, but includes 2 short-term and 13 long-term bicycle parking spaces. Associated vari",86 JOHN ST,10,1665,477,2142,14,http://app.toronto.ca/AIC/index.do?folderRsn=Ns7SA1uzTKI6bFy%2BixxhEg%3D%3D
31,Active,19 264170 STE 09 OZ,2019-12-23,"Offical Plan and Zoning By'law Amendments to facilitate redevelopment of the site with a 6-storey mixed-use building: 30 dwelling units, commercial and retail uses on ground floor, mezzanine and basement levels of the new building.",466 DOVERCOURT RD,9,2279,993,3272,30,http://app.toronto.ca/AIC/index.do?folderRsn=toB%2BkN5OygCNjVdBd5bcMw%3D%3D
32,Built,12 253035 WET 07 SA,2012-09-25,To convert the existing vacant industrial building into a place of worship and to construct a 98 square metre one-storey addition to the southwest corner of the building.,226 MILVAN DR,7,0,98,98,0,
33,Under Review,20 232602 ESC 22 SA,2020-12-21,Infill development comprising of additions to existing rental townhouse blocks for an additional 36 new stacked townhouse units.,2830 MIDLAND AVE,22,3012.5,0,3012.5,36,http://app.toronto.ca/AIC/index.do?folderRsn=VHqQKBCvQCGJZxVGwfIysA%3D%3D
34,Active,15 186678 NNY 24 OZ,2015-07-07,"January 29 resubmission: 21 freehold townhouses 3 storeys in height with a below grade shared/common element parking garage. OMB Decision dated January 5, 2017 (PL160059), but the final Order is pending the finalization of the site plan control applicati",3057 BAYVIEW AVE,17,5689.32,0,5689.32,21,http://app.toronto.ca/AIC/index.do?folderRsn=nG1bmKiP%2FeAcvo7WDX6kHw%3D%3D
35,Built,16 165265 STE 30 SA,2016-05-31,"Site Plan Approval for a new 5-storey, 14,975.5 square metre industrial self storage facility.  40 parking spaces are proposed to be provided.  Landscaping enhancements are proposed along Eastern and Booth Avenues.",459 EASTERN AVE,14,0,14975.5,14975.5,0,http://app.toronto.ca/DevelopmentApplications/associatedApplicationsList.do?action=init&folderRsn=3962060&isCofASearch=false
36,Under Review,20 233673 NNY 17 OZ,2020-12-23,"Official Plan and Zoning By Law Amendment application that proposes to build a new 14 storey mixed use building, with retail and residential uses. The development will have Gross floor area of 15,096 square metres. The relocation of the Thomas Clark Hous",589 SHEPPARD AVE E,17,14686,410,15096,160,http://app.toronto.ca/AIC/index.do?folderRsn=lD2rvzEhaH0ANYRx04sMuQ%3D%3D
37,Built,07 114857 STE 28 OZ,2007-03-09,DEVELOPMENT OF A 57- STOREY RESIDENTIAL BUILDING AND ARTSLAB CULTURAL COMPONENT.,1 FRONT ST E,13,46788,0,46788,591,
38,Built,11 326074 STE 22 OZ,2011-12-14,Rezoning application to permit the redevelopment of the lands for the purposes of a new mixed use building comprised of two residential towers 58 stories and  36 stories in height respectively connected by a 3 storey podium containing retail and office u,2263 YONGE ST,12,71855,5266,77121,1089,
39,Built,12 243614 NNY 24 OZ,2012-09-10,"The applicant has submitted an official plan amendment, zoning by-law amendment, plan of subdivision and site plan application for a 58 unit townhouse development consisting of 8 blocks.  Six of the blocks would front on to a new proposed  public road ha",238 FINCH AVE E,18,12502,0,12502,58,
40,Built,11 169962 STE 20 OZ,2011-04-08,Rezoning application to permit the lands municipally known as 124-128 Pears Ave to be used for the purposes of a new 11 storey mixed use building containing ground floor commercial area and 43 residential suites above.  Included in the proposal are 49 ve,124 PEARS AVE,11,5684,416,6100,43,
41,Active,04 137823 ESC 42 SA,2004-05-21,Industrial site plan for .24 hectare site.,2711 MARKHAM RD,23,0,1212.26,1212.26,0,
42,Built,18 110406 ESC 42 SA,2018-01-26,"Proposed 36,138 sq.m. one storey industrial building including 2,768 sq.m. of office space in a two-storey building in the south-west portion of the building, 38 loading spaces and 248 vehicle parking spaces.",1395 TAPSCOTT RD,23,0,36138,36138,0,http://app.toronto.ca/AIC/index.do?folderRsn=eJgosihItloxac4Km6fYDQ%3D%3D
43,Under Review,21 110243 STE 10 OZ,2021-01-29,"Phase 2 of the 215 Lake Shore Blvd E block.  The proposal is comprised of a 43-storey mixed-use building containing 844 residential dwelling units, of which, 110 are affordable housing units.  The proposal is comprised of 2728.7 square metres of non-resi",215 LAKE SHORE BLVD E,10,62116.7,2728.7,64845.4,844,http://app.toronto.ca/AIC/index.do?folderRsn=LqncXCV3H1WmJTQhtvnmnw%3D%3D
44,Active,14 255027 STE 27 SA,2014-11-21,To obtain site plan approval to construct a two-storey addition to the existing Manulife Centre which will be for retail purposes.,55 BLOOR ST W,11,0,3336,3336,0,http://app.toronto.ca/AIC/index.do?folderRsn=mY9HxdLNR8lDwvRxRfkW3w%3D%3D
45,Built,11 213852 STE 20 SA,2011-06-08,"Site plan approval for Phase 3 of development for a new 32 storey office building complete with retail at grade and 238 sub-surface parking spaces.  Connected to the residential ""Ice"" condominium buildings to the south.",16 YORK ST,10,0,74392,74392,0,http://app.toronto.ca/DevelopmentApplications/associatedApplicationsList.do?action=init&folderRsn=2921167&isCofASearch=false
46,Built,13 101816 WET 13 OZ,2013-01-07,This address covers 51 - 77 Quebec  Avenue and 40 - 66 High Park Avenue. Propose to remove (2) blocks of townhouses and construct (2) new residential use only apartment buildingsof Bldg A and B and a (2) storey amenity block building. (2) existing reside,51 QUEBEC AVE,4,39300,0,39300,528,
47,Built,18 124934 WET 05 OZ,2018-03-05,Zoning By-law Amendment and lifting of the 'H' applications to replace the existing Distribution Centre at 25 Vickers Road on an expanded site with a new Distribution Centre incorporating 17 & 75 Vickers Road.,17 VICKERS RD,3,0,26428,26428,0,http://app.toronto.ca/AIC/index.do?folderRsn=%2FY%2F1zs2eArW9S9ZgfQ9U7g%3D%3D
48,Built,15 188411 NNY 08 SA,2015-07-10,"Proposal to obtain site plan approval for a two storey addition (2039.42 m2) at the northeast corner  and a five storey addition (5,620.33 m2) to the south of the existing Toronto Research Chemicals for to be used for labs, inventory and office uses.",2 BRISBANE RD,6,0,3750,3750,0,http://app.toronto.ca/AIC/index.do?folderRsn=a1YLWk%2Bt0U3IkVvQ1qaciQ%3D%3D
49,Under Review,20 227337 STE 12 SA,2020-12-09,"Site Plan Approval for Phase B of the site to permit a 6-storey rental apartment building containing 65 dwelling units, and having a gross floor area of 4960 square metres.",1996 BATHURST ST,12,4960,0,4960,65,http://app.toronto.ca/AIC/index.do?folderRsn=UQ%2BmUeQPkZPidEtEv57CsA%3D%3D
50,Built,13 108892 NNY 15 SA,2013-01-21,Proposal to convert existing warehouse to 1980.62 square meter office space with a floor space index of 0.49 times the lot area. Application also proposes to demolish a portion of the existing building (at rear) and reconfigure parking lot with surface s,2811 DUFFERIN ST,8,0,353.54,353.54,0,
51,Built,09 168632 STE 19 SA,2009-09-14,"Site plan approval to construct new 20 Storey residential condo apartment building contaning 262 units - 247 parking spaces - 8 levels below grade parking. - Block , committee of adjustment approval for additional density and provision for daycare space",19 WESTERN BATTERY RD,10,32647,690,33337,538,http://app.toronto.ca/AIC/index.do?folderRsn=nQXKDzeLYPK9Tzz53X%2B0Kg%3D%3D
52,Built,14 112972 STE 19 SA,2014-02-04,"Site Plan Control for 4 two-bedroom residential units with 4 parking spaces. This resubmission addresses comments from Toronto Buildings, and Urban Design.",243 NIAGARA ST,10,455.2,0,455.2,4,http://app.toronto.ca/AIC/index.do?folderRsn=SSLp4%2FWu4YUhhNfN9Hzurg%3D%3D
53,Active,17 108234 STE 19 SA,2017-01-24,"Site Plan Application for a 2 storey retail development at 1221 Dundas Street West. Minor Variance Application will be heard on the March 29th, 2017 agenda.",1221 DUNDAS ST W,10,0,491,491,0,http://app.toronto.ca/AIC/index.do?folderRsn=ApUEBm88xG1mU3rFxoZZ2Q%3D%3D
54,Active,14 141250 STE 28 SA,2014-04-10,Site plan application to permit the construction of a 3-storey addition to the existing 1-storey non-residential building.  The building would be used as a restaurant.,501-503 KING ST E,13,0,463.3,463.3,0,http://app.toronto.ca/DevelopmentApplications/associatedApplicationsList.do?action=init&folderRsn=3533234&isCofASearch=false
55,Active,16 109705 ESC 37 OZ,2016-01-28,"Proposed development of four separate blocks of vacant land southwest of Lawrence Avenue East and Midland Avenue. The proposal includes seven buildings ranging in height from 6 to 27 storeys, 1,462 dwelling units, 1,245 bicycle parking spaces and 1,953 v",1380 MIDLAND AVE,21,112557,39821,152378,1462,http://app.toronto.ca/AIC/index.do?folderRsn=96CEVWxTB%2F1KUmjGRK%2B5Sg%3D%3D
56,Built,20 158332 STE 09 SA,2020-06-19,Site Plan Approval application to facilitate the development of the site for a 3-storey affordable housing apartment building comprised of 2234 square metres of residential gross floor area and 44 dwelling units.,150 HARRISON ST,9,2234,0,2234,44,http://app.toronto.ca/AIC/index.do?folderRsn=Ke1%2FvOXPW95Z%2BcYfa%2Bwvsw%3D%3D
57,Active,18 178838 ESC 38 SA,2018-06-15,"To modify the existing two-storey hotel with a third-storey addition for the northwest wing with an area of 1,278 m2. The additional floor will comprise 30 new suites for a total of 163 suites of the hotel.",50 ESTATE DR,24,0,1277.5,1277.5,0,http://app.toronto.ca/AIC/index.do?folderRsn=O7CJB5Z2A0F%2BeIWmuWwd2A%3D%3D
58,Active,11 330299 NNY 15 OZ,2011-12-22,"Proposed development of a 9-storey (68 units) south addition, and a 10-storey (209 units) north addition with an 11th storey amenity pavilion, attached to the existing 19-storey apartment building. There would be a total of 502 units (existing and propos",3636 BATHURST ST,8,21077.51,645.36,21722.87,317,http://app.toronto.ca/AIC/index.do?folderRsn=IGhNgGRTPwFgh6eIx53vnA%3D%3D
59,Built,14 102961 ESC 44 SA,2014-01-10,Proposal for an addition to the process control building,51 BEECHGROVE DR,25,0,807,807,0,
60,Built,12 295181 WET 07 SA,2012-12-18,"Proposed development of an aggregate and vehicle storage, office and laboratory",91-97 ARROW RD,7,0,11395,11395,0,
61,Built,18 267836 WET 01 SA,2018-12-12,"Proposed 6,602 square metre building addition to accommodate an expansion of the data centre operation.  In addition to the building expansion, the site will include areas for outdoor mechanical equipment, areas for parking, a loading/delivery area and a",310 HUMBERLINE DR,1,0,6602,6602,0,http://app.toronto.ca/AIC/index.do?folderRsn=Aya%2FMayyWxV1WEnhRBbovw%3D%3D
62,Built,17 278270 NNY 34 SA,2017-12-21,Site Plan application to construct a four-storey addition to the north side of the existing two-storey self-storage building.,196 BARTLEY DR,16,0,3429.5,3429.5,0,http://app.toronto.ca/DevelopmentApplications/associatedApplicationsList.do?action=init&folderRsn=4299806&isCofASearch=false
63,Built,16 135323 WET 17 SA,2016-04-04,Proposal to construct a new 2-storey Library (Toronto Public Library Silverthorn Branch),1748 ST CLAIR AVE W,9,0,425,425,0,http://app.toronto.ca/DevelopmentApplications/associatedApplicationsList.do?action=init&folderRsn=3926071&isCofASearch=false
64,Built,11 229840 STE 20 SA,2011-06-29,Site Plan approval application to construct a new 1 storey building with 2 levels below grade. Proposal includes the reconstruction of the existing machine shop building above ground with a new Hydro Transformer Station below ground.  To be constructed o,255 BREMNER BLVD,10,0,9143,9143,0,
65,Built,11 288589 STE 28 SA,2011-10-06,"Proposal to construct a new 44 storey mixed use building on the lands complete with a 9 storey podium and tower above. Proposal  includes retail at grade, five below grade parking levels and 552 residential units.",12 BONNYCASTLE ST,10,43177,1066,44243,551,
66,Active,12 295537 WET 13 OZ,2012-12-18,"13-storey mixed-use building with 297 rental apartment units. The proposal has a total of 22,231.6 sq m, consisting of 1,784 sq m of non-residential uses and 20,447.6 sq m of residential use.",3775 DUNDAS ST W,4,20473,1576,22049,297,http://app.toronto.ca/AIC/index.do?folderRsn=bF2Y8ZHQhAAmQCU8xMoiBA%3D%3D
67,Built,17 267482 NNY 15 SA,2017-11-27,Site Plan application to construct a self storage facility,200 FAIRBANK AVE,8,0,22570.88,22570.88,0,http://app.toronto.ca/AIC/index.do?folderRsn=BWkzDuTXQMthRAKvmEqvbQ%3D%3D
68,Active,14 193205 WET 11 SA,2014-07-18,"Proposed revisions to a previous conditionally approved site plan application (02 035179 ATC 11 SA) to a change in types of units, aesthetics and general layout of a proposed 5-storey, 105-unit seniors apartment building.  The conditions related to the p",2 BUTTONWOOD AVE,5,5800,503,6303,105,
69,Built,16 104808 STE 28 SA,2016-01-15,"Block 26 (Phase 3):  Proposal 27-storey residential tower with a 6-storey podium, 343 residential units, retail at grade, 2 levels of underground parking with 212 parking spaces,",591 DUNDAS ST E,13,23530,941,24471,343,http://app.toronto.ca/DevelopmentApplications/associatedApplicationsList.do?action=init&folderRsn=3887602&isCofASearch=false
70,Built,15 118233 STE 30 OZ,2015-02-17,"Revised Proposal Submitted on December 22, 2015:875 Queen Lofts Inc. proposes to demolish the existing buildings at 875 and 887 Queen Street East (Woodgreen Church - St. Matthew's Cathedral and the Woodgreen Discount Drugs building, respectively), and to",875 QUEEN ST E,14,9294,3482,12776,122,
71,Built,17 241044 STE 27 OZ,2017-09-29,"Applications for Official Plan Amendment, Zoning By-law Amendment and Rental Housing  Demolition proposing the expansion and conversion of the first two storeys of an existing 18-  storey, 116 unit residential rental apartment building to permit a two-st",155 WELLESLEY ST E,13,0,2415,2415,0,http://app.toronto.ca/DevelopmentApplications/associatedApplicationsList.do?action=init&folderRsn=4255533&isCofASearch=false
72,Built,16 242851 ESC 39 SA,2016-10-26,Proposal for a commercial retail plaza development incorporating two buildings: one large format food retailer and a multi-unit retail/restaurant building.,2150 MCNICOLL AVE,22,0,9611.3,9611.3,0,http://app.toronto.ca/DevelopmentApplications/associatedApplicationsList.do?action=init&folderRsn=4051764&isCofASearch=false
73,Built,16 196569 NNY 24 SA,2016-07-25,"FULL SITE PLAN APPROVAL/NOAC ISSUANCE FOR BUILDINGS B AND C ONLY. Approval of a Master Site Plan as it pertains to buildings placement and site organization, and Site Plan Approval for Buildings B and C.  Buildings A, D, E, F, and G require individual Si",3125 STEELES AVE E,17,0,29214,29214,0,http://app.toronto.ca/AIC/index.do?folderRsn=qwQZrfivqQ%2BV2eDRc211aQ%3D%3D
74,Built,14 159612 NNY 08 OZ,2014-05-21,"Phase 1 proposes two 6-storey residential buildings buildings C1 and C2 with commercial uses at grade south-east of The Pond Road and Sentinel Road, south of the York University Campus Core on what is currently a parking lot.",4700 KEELE ST,7,25720,1238,26958,437,
75,Built,13 120056 WET 06 SA,2013-02-14,To construct new 3-storey Lake Shore Kipling Elementary School.,6 COLONEL SAMUEL SMITH PARK DR,3,0,5218,5218,0,
76,Built,09 142634 STE 20 OZ,2009-05-28,"Rezoning appplication to permit the vacant parcel of lands located on Block 31 of the Railway lands- being part 1 on Plan 66R 16838 to be rezoned for the purposes of a mixed use building containing 322 affordable housing units, 2 schools (TDSB and TDCSB)",20 BRUNEL CRT,10,0,14767.15,14767.15,0,
77,Built,14 159828 STE 27 OZ,2014-05-22,"Site Plan application, Official Plan and Zoning By-law Amendment applications have been submitted to permit a 37-storey mixed use building on Wellesley Street with ground floor retail; and semi-detached houses fronting Dundonald Street, with a row of tow",46 WELLESLEY ST E,13,26656,270,26926,377,
78,Built,12 115750 STE 20 OZ,2012-02-01,"Rezoning application for a new 49-storey mixed use building comprising retail/commercial at grade; commercial parking garage with 106 spaces on floors 2-4, 598 residential units above and 93 residential parking spaces on 3 levels below grade.",81 PETER ST,10,37440,5377,42817,630,
79,Built,15 245019 ESC 36 OZ,2015-10-30,"The proposal is for a 9 storey, 99 unit development with 8091GFA and FSI of 2.85  Parking is provided at 130 total vehicular spaces (105 tenant parking and 25 visitor), and 115 bicycle parking spaces.",3655 KINGSTON RD,24,8491.69,0,8491.69,99,http://app.toronto.ca/DevelopmentApplications/associatedApplicationsList.do?action=init&folderRsn=3851215&isCofASearch=false
80,Built,16 159202 NNY 16 SA,2016-05-20,Proposal to construct two additions (one to the Havergal Junior school and one to the Upper school).,1451 AVENUE RD,8,0,4381,4381,0,http://app.toronto.ca/DevelopmentApplications/associatedApplicationsList.do?action=init&folderRsn=3955275&isCofASearch=false
81,Built,15 193672 STE 28 SA,2015-07-20,"(Block 32) The proposed development is a mixed use development that consists of a 12 storey seniors building with retail and support services provided for at grade. The retail uses at grade are located along the Sumach Street frontage, across from the ne",591 DUNDAS ST E,13,23499,576,24075,332,http://app.toronto.ca/DevelopmentApplications/associatedApplicationsList.do?action=init&folderRsn=3790833&isCofASearch=false
82,Built,06 199913 STE 22 OZ,2006-12-28,"Proposed replacement of existing mixed-commercial units with a mixed-use development; retail at grade, residential units above (186 dwellings) of which 33 are for rental replacement purposes in a 8-storey building stepping to a 4 and 2 -storey podium bui",1985 YONGE ST,12,17023,1220,18243,219,
83,Under Review,20 151274 NNY 15 OZ,2020-06-02,Zoning By-law Amendment Application to permit a three storey (9.6 metre) residential building containing five 3-bed units on the north and east portions of the property. The existing two-storey heritage building on the site would be retained in its entir,2 VALLEYANNA DR,15,1687.06,0,1687.06,4,http://app.toronto.ca/AIC/index.do?folderRsn=IKw4ryc6Jd3SufHK1Ro%2BCQ%3D%3D
84,Active,18 210112 WET 07 SA,2018-08-15,Proposal to construct a new gas station,1900 WILSON AVE,7,0,168,168,0,http://app.toronto.ca/AIC/index.do?folderRsn=aX8zLGMDJWFRTYHAkLUK5w%3D%3D
85,Built,12 105496 ESC 44 OZ,2012-01-12,"Zoning By-law amendment to reduce the minimum lot frontage requirement from 21m to 15 m to enable the severance of the existing 5 lots into 12 new lots for single detached dwellings,  to allow for a reduced side yard building setback of 1.2 m on one side",1383 MILITARY TRL,25,3779.41,0,3779.41,12,
86,Built,16 109575 NNY 26 SA,2016-01-27,"The applicant proposes to construct a six-storey self-storage facility, having a gross floor area of 15,684 square metres and a height of 22.9 metres.  Fourteen parking spaces are proposed, one of which would be barrier-free.  Four bicycle parking spaces",19 ESANDAR DR,15,0,15609.78,15609.78,0,http://app.toronto.ca/DevelopmentApplications/associatedApplicationsList.do?action=init&folderRsn=3893360&isCofASearch=false
87,Built,18 150564 ESC 37 SA,2018-04-30,"To construct 21 three-storey townhouses at the rear of the property. The townhouses will have a height of 13.68 m and gross floor area of 2,498 m2. The existing six-storey rental apartment building containing 71 units will be maintained.",1255 BIRCHMOUNT RD,21,2498.35,0,2498.35,21,http://app.toronto.ca/AIC/index.do?folderRsn=3y4bcR6bXuNfbZ4wvsoWHQ%3D%3D
88,Active,18 258039 ESC 42 SA,2018-11-19,Development for a one industrial building with a total gross floor are of approximately 31 0000 square metres (95% industrial uses and 5% ancillary office uses).on vacant land.  The property is located at the northwest corner of Neilson Road/Morningisde,1730 NEILSON RD,23,0,30996,30996,0,http://app.toronto.ca/AIC/index.do?folderRsn=Ic08PvIvqg8Lk2nd2pEWPQ%3D%3D
89,Active,17 277147 NNY 16 OZ,2017-12-19,Proposed 13-storey mixed-use building with 85 residential units and at-grade retail. 87 underground parking spaces.,2908 YONGE ST,8,8138,421,8559,85,http://app.toronto.ca/AIC/index.do?folderRsn=RX2xNuDRSnP3gmqcFvW8Cg%3D%3D
90,Built,14 153126 NNY 33 SA,2014-05-07,"Revised development application as per Committee of Adjustment decisions. Floor area increased and number of storey's increased. SF April 7th, 2016. Site Plan approval application (Phase 2) to construct a mixed use development comprising a 23 and 19 stor",2205 SHEPPARD AVE E,17,47574,653,48227,574,http://app.toronto.ca/DevelopmentApplications/associatedApplicationsList.do?action=init&folderRsn=3547033&isCofASearch=false
91,Under Review,20 154351 ESC 23 SA,2020-06-10,Development of vacant land for a concrete batching plant and ancillary office trailers.,0 PASSMORE AVE,23,0,1030,1030,0,http://app.toronto.ca/AIC/index.do?folderRsn=v3xMw6mL1ymlxlyt15%2B3aA%3D%3D
92,Active,17 241092 NNY 34 SA,2017-09-29,Site Plan application to permit a self storage warehouse within the existing building,150 DUNCAN MILL RD,16,0,3540,3540,0,http://app.toronto.ca/DevelopmentApplications/associatedApplicationsList.do?action=init&folderRsn=4255591&isCofASearch=false
93,Active,17 278590 WET 01 SA,2017-12-22,"The proposal is for a one-storey convenience store with a drive-thru, a car-wash and a gas-bar on Parcel A and a 4-storey hotel (140 rooms) and a one-storey restaurant building on Parcel B.",2045 CODLIN CRES,1,0,7574,7574,0,http://app.toronto.ca/AIC/index.do?folderRsn=u9RqwPgw4htekBgINipdpQ%3D%3D
94,Built,11 323517 NNY 33 SA,2011-12-09,"Two-storey, 5,461 square metre Public Community Centre including an 846 square metre Child Care Centre and 533 square metre Pool Pavilion building. The application also includes general parkland landscape enhancements and amenity replacements including a",55 FOREST MANOR RD,17,0,5143,5143,0,
95,Under Review,16 112944 STE 20 SA,2016-02-04,Proposal for site plan approval related to a new 4 storey mixed use building with commercial uses on the 1st and 2nd floors and residential units on the 3rd and 4th floors (4 residential units in total).,399 DUNDAS ST W,10,314,301,615,4,http://app.toronto.ca/AIC/index.do?folderRsn=y%2B0KbfnaBzzUTPP%2Btvll5w%3D%3D
96,Built,18 150948 WET 07 SA,2018-04-30,"To demolish the existing industrial building and construct a one-storey multi unit industrial building with a GFA of 13,579 square metres.",40 NORELCO DR,7,0,13579,13579,0,http://app.toronto.ca/AIC/index.do?folderRsn=wyRdYgpGqpazBjyvmGMM4A%3D%3D
97,Under Review,17 278508 NNY 15 SA,2017-12-21,"Proposed 3 storey building with a gym in the basement, offices on first through third floors, banquet hall on basement and first floor.",110 FAIRBANK AVE,8,0,2275.56,2275.56,0,http://app.toronto.ca/AIC/index.do?folderRsn=mG2yKZPPyC9%2FnkA%2B3BNeHw%3D%3D
98,Built,17 190778 NNY 23 SA,2017-06-30,third floor addition to Avondale School,171 AVONDALE AVE,18,0,1994,1994,0,http://app.toronto.ca/DevelopmentApplications/associatedApplicationsList.do?action=init&folderRsn=4197102&isCofASearch=false
99,Built,14 252207 NNY 23 SA,2014-11-14,"Application to permit new 6,468 square mtre two-storey elementary school with daycare. The existing elementary school will be demolished and replace by this proposed development.",171 AVONDALE AVE,18,0,6468,6468,0,
100,Built,16 123362 ESC 42 OZ,2016-03-03,Proposal to lift the holding provision to facilitate a future development,5131 SHEPPARD AVE E,23,24681.54,0,24681.54,328,
101,Active,02 035102 SHY 18 SA,2002-10-16,Construct 17 unit rental residential building with retail,989 COLLEGE ST,9,991,189,1180,17,
102,Active,16 154617 WET 17 OZ,2016-05-12,"Proposed amendments to the Official Plan and Zoning By-laws to permit the development of a 6-storey residential building (84 units) with a total gross floor area of 6,685.07 square metres. A total of 113 parking spaces are proposed (surface parking lot a",150 BRONOCO AVE,9,6685.07,0,6685.07,84,http://app.toronto.ca/AIC/index.do?folderRsn=DKtYzjdwvf49%2FCwu8IJr7Q%3D%3D
103,Active,18 271310 STE 19 OZ,2018-12-21,"Zoning by-law amendment to permit a 10-storey (32.45 metres, excluding mechanical penthouse) residential mixed-use building with 126 units and retail at grade.  This application was scheduled to be considered by Toronto and East York Community Council at",968 O'CONNOR DR,19,9269,364,9633,126,http://app.toronto.ca/AIC/index.do?folderRsn=zzMp4CUPppS9O9JBBHd7YQ%3D%3D
104,Built,10 316220 STE 22 OZ,2010-12-17,Zoning by law amendment applicaiton to permit the redevelopmetn of the land for a new 7 unit infill townhouse development (Freehold) serviced by common element driveway leading to private parking to the rear of each unit.  Each unit to front onto a munic,538 EGLINTON AVE E,15,1453,0,1453,7,
105,Built,16 168927 STE 20 SA,2016-06-06,"SPA Phase 2 : Site Plan Approval application for Block 8.  Two residential towers, heights 120.2 metres and 130.8 metres, a retail building and at-grade parking under the Gardiner Expressway",500 LAKE SHORE BLVD W,10,53181.8,3157.4,56339.2,886,http://app.toronto.ca/AIC/index.do?folderRsn=MUlA7zAdBISNLA6O%2BSAwWw%3D%3D
106,Built,15 129557 STE 30 SA,2015-03-19,"Revised Application Submitted on December 15, 2017: The Applicant, Belleterre Real Estate Partners Limited, has submitted a revised application for Site Plan Control, which proposes the development of a 5-storey, 13,447 m2, self-storage warehouse (Storag",300 COMMISSIONERS ST,14,0,13447,13447,0,http://app.toronto.ca/AIC/index.do?folderRsn=ppTDE5B5TBA8IUnz6kYbGw%3D%3D
107,Built,13 220414 NNY 25 OZ,2013-08-14,To permit 5 freehold townhouse dwelling units and 2 single detached dwelling units together with a private access road.,108 BAYVIEW RIDGE,15,2751,0,2751,7,
108,Built,16 237355 STE 18 OZ,2016-10-14,Rezoning application for a three-storey plus mezzanine residential condominium containing seven dwelling units. The building height is 12.19 metres. The total GFA of the project is 1000.26 square metres.,1025 DUPONT ST,9,1003,0,1003,7,http://app.toronto.ca/DevelopmentApplications/associatedApplicationsList.do?action=init&folderRsn=4045321&isCofASearch=false
109,Built,13 280673 WET 05 OZ,2013-12-20,To redevelop the site with 2 and 3-storey retail podium base and 38 storey residential tower above (40 storeys total).  A total of 333 residential units are proposed along with 4132 square metres of retail floor area.  Parking will be provided in a 5 lev,5245 DUNDAS ST W,3,27419,4132,31551,333,
110,Under Review,21 161284 STE 14 OZ,2021-05-27,"Zoning by-law Amendment application to facilitate the development of the site for a 15-storey, plus mezzanine non-residential building having a gross floor area of approximately 18343 square metres.  46 parking spaces will be provided on the lot, located",33 DAVIES AVE,14,0,18343,18343,0,http://app.toronto.ca/AIC/index.do?folderRsn=AzG78J2G7c71oFrWlJ3Tbw%3D%3D
111,Under Review,25 113651 STE 10 OZ,2025-02-06,Queen Spadina Transit Oriented Communities (TOC) placeholder folder,443 QUEEN ST W,10,14676,1912,16588,217,
112,Under Review,25 113661 STE 10 OZ,2025-02-06,King Bathurst Transit Oriented Communities (TOC) placeholder folder,645 KING ST W,10,37839,1315,39154,422,
113,Built,10 288955 STE 27 OZ,2010-11-01,"Rezoning application for a 22-storey mixed use building containing 127 residential suites, including 3 storeys of retail. A total of 87 parking spaces are provided in 5 levels of underground parking.  Site Plan Application No. 10 288949 STE 27 SA has bee",94 CUMBERLAND ST,11,15504,508,16012,196,
114,Built,14 242937 NNY 16 SA,2014-10-24,Site Plan Control application for a proposed 4-storey (plus mechanical penthouse) commercial building located at the north-west corner of Avenue Road and Brooke Avenue. Retail at grade and office uses above. Step-back at 3rd floor. 0 parking is proposed,1914 AVENUE RD,8,0,1695,1695,0,http://app.toronto.ca/DevelopmentApplications/associatedApplicationsList.do?action=init&folderRsn=3648750&isCofASearch=false
115,Active,16 110485 STE 20 SA,2016-01-29,Proposal for a 4 storey commercial building,336 QUEEN ST W,10,0,3714,3714,0,http://app.toronto.ca/AIC/index.do?folderRsn=ILlcBogtvrU9Wz6TOZlsgQ%3D%3D
116,Built,16 117899 NNY 24 OZ,2016-02-18,Construct new 2-storey secondary school. Pre-existing school demolished (permit 14-185037),500 CUMMER AVE,18,0,9252,9252,0,http://app.toronto.ca/DevelopmentApplications/associatedApplicationsList.do?action=init&folderRsn=3903977&isCofASearch=false
117,Under Review,20 147756 STE 12 SA,2020-05-22,"Site Plan approval for proposed renovations and additions to the existing place of worship.  The proposed addition will be approximately 719 square metres, for a total gross floor area of 5038 square metres.",1445 EGLINTON AVE W,12,0,719,719,0,http://app.toronto.ca/AIC/index.do?folderRsn=Rzx79FRBy8Ha8Cv%2Fc6nkzg%3D%3D
118,Active,17 279785 NNY 24 OZ,2017-12-28,The proposal is for 7 townhosues with integral garages at the rear with driveway access from Clearcrest Ave.  A reduced GFA to 1255m2 (FSI 1.47) with a 35 degree angular plane.,21 CLEARCREST AVE,18,1255.07,0,1255.07,7,http://app.toronto.ca/AIC/index.do?folderRsn=FLCJfpAg%2BTB6PnGr6a3deA%3D%3D
119,Built,13 135076 STE 27 OZ,2013-03-18,"Zoning By-Law Amendment (13 135076 STE 27 OZ) and rental housing Demolition (13 135082 STE 27 RH) to erect a 37-storey mixed use building, including a 7-storey base building .",70 CARLTON ST,13,34887,658,35545,537,
120,Built,09 199813 NNY 15 OZ,2009-12-24,To permit the development of an 18-storey mixed use building containing 204 residential units and approximately 1425 m2 of ground floor and mezzanine level retail.  The proposed building would have a 9-storey base building and the total building height w,1603 EGLINTON AVE W,12,16900.4,613.7,17514.1,219,
121,Built,13 134203 STE 28 SA,2013-03-15,"This is a Gold Star Site Plan Control application for a proposed a 17-storey office tower at 351 King Street East with a 5 storey podium and retail uses at grade.  The proposal comprises 46,520 m2 of non-residential Gross Floor Area, of which 44,532 m2 i",333 KING ST E,13,0,46520,46520,0,
122,Built,17 136577 WET 05 SA,2017-03-30,To construct a new two storey addition to the south side of the existing Norseman Junior Middle School as well as interior alterations to six existing classrooms and a reconfiguration of the existing parking lot on the north side of the site. The total G,105 NORSEMAN ST,3,0,1496,1496,0,http://app.toronto.ca/DevelopmentApplications/associatedApplicationsList.do?action=init&folderRsn=4130238&isCofASearch=false
123,Built,12 142308 STE 32 OZ,2012-03-23,"Proposed new six storey mixed use building with 29 residential units, retail at grade and below grade parking",1880 QUEEN ST E,19,3748,647,4395,31,
124,Built,18 173092 WET 12 SA,2018-06-06,Eglinton Crosstown Light Rail Tranist Energy - Storage Facility -,55 RAY AVE,5,0,1500,1500,0,http://app.toronto.ca/DevelopmentApplications/associatedApplicationsList.do?action=init&folderRsn=4388334&isCofASearch=false
125,Active,17 145066 NNY 25 OZ,2017-04-18,A 12-­storey residential building on a property that currently operates as a surface parking area. The building will front onto Broadway Avenue. The existing 17-­storey rental apartment building on the site will be retained.,55 ERSKINE AVE,15,9061,0,9061,103,http://app.toronto.ca/AIC/index.do?folderRsn=32yOvptADC4PjY77TvVhOw%3D%3D
126,Active,13 173059 NNY 34 OZ,2013-05-23,"Proposal is to demolish the existing rental buildings and replace them with 3 new residential buildings - a 10 storey condo building, 4 storey condo building and 4 storey rental replacement building.  Total of 324 residential dwelling units (263 condo un",40 MOCCASIN TRL,16,26511,0,26511,294,http://app.toronto.ca/AIC/index.do?folderRsn=CWy3kkarmv7tLwx2VdQYkQ%3D%3D
127,Built,16 262319 NNY 16 SA,2016-12-09,"Proposal for a new three storey mixed use building with retail at grade, office at 2nd storey, and residential on 3rd floor.",1560 AVENUE RD,8,173.77,359.25,533.02,1,http://app.toronto.ca/AIC/index.do?folderRsn=PnKPQcA03hLHZWYcUeDtmA%3D%3D
128,Built,10 215620 STE 28 OZ,2010-07-08,"Rezoning application to construct new 2 tower condo - 19 and 21 stories - with 527 residential dwelling units, 852 square metres of ground floor retail space, 286 parking spaces in 3 levels underground parking  - APPLICATION IS FOR BOTH 424-460 ADELAIDE",424 ADELAIDE ST E,13,35628.18,851.91,36480.09,527,
129,Active,19 112609 STE 04 OZ,2019-02-06,"Proposed Zoning By-law Amendment to  to permit 6-storey addition to the existing Lakeside Longterm care facility at 150 Dunn Avenue, with approximately 11,736 square metres of gross floor area and 192 new long-term care beds. These new beds will be joint",160 DUNN AVE,4,0,10270,10270,0,http://app.toronto.ca/AIC/index.do?folderRsn=%2BlYYxPOxIoB8e5kJKcJY4w%3D%3D
130,Built,15 175970 NNY 15 OZ,2015-06-17,5 blocks of 3 storey back to back townhouses containing 84 dwelling units and 1 level of under ground parking with 89 vehicle parking spaces proposed and 63 bicycle parking spaces proposed,713 LAWRENCE AVE W,8,6507.1,0,6507.1,84,http://app.toronto.ca/DevelopmentApplications/associatedApplicationsList.do?action=init&folderRsn=3770361&isCofASearch=false
131,Under Review,21 179319 NNY 06 SA,2021-07-04,Site Plan application,4190 BATHURST ST,6,1559.3,0,1559.3,18,http://app.toronto.ca/AIC/index.do?folderRsn=QFYrxoTf3WNyY4xYaMo8fw%3D%3D
132,Built,14 139814 STE 27 SA,2014-04-08,"To obtain site plan approval to redevelope the existing site containing a ""Shoppers Drug Mart"" retail store.  The proposal is for a three-storey commercial building containing a two-storey ""Shoppers Drug Mart"" and seperate office uses on the third floor",720 YONGE ST,13,0,1948,1948,0,
133,Built,11 255341 STE 22 OZ,2011-08-11,OPA and Rezoning application for a new 11 storey mixed use building - 109 residential suites - 3 levels below grade parking - 125 bicycle parking spaces - 4 retail units at grade.,1331 YONGE ST,12,15681,895,16576,109,
134,Under Review,21 183828 ESC 25 SA,2021-07-13,"5-storey commercial office building with ground floor retail and a drive-thru restaurant (15,954.7 m2 of GFA); Building B: 1-storey retail building (1,408.5 m2); and 293 parking spaces (159 surface and 134 below grade).",0 MORNINGSIDE AVE,25,0,17363.22,17363.22,0,http://app.toronto.ca/AIC/index.do?folderRsn=HyUrY6j7KoGlLJD4U8VDCg%3D%3D
135,Active,21 102281 STE 13 OZ,2021-01-08,"Housing Now Initiative. City-initiated rezoning.  Proposed 25-storey mixed use building with Proposed Housing Now Initiative.  Proposed 25-storey mixed use building with 266 dwelling units, including 133 affordable housing units, and community facility s",405 SHERBOURNE ST,13,18841,168,19009,267,http://app.toronto.ca/AIC/index.do?folderRsn=s69SCfA9zTciIS7%2F7J1rgA%3D%3D
136,Built,13 271686 STE 22 OZ,2013-11-28,"To rezone the subject property to allow for the construction of two 24/26 storey  residential buildings containing  a total of 519 residential rental dwelling units, 37,846 m2 and plus 510 non-residential square metres for daycare facility.  A total of 5",45 DUNFIELD AVE,12,37488.21,535,38023.21,560,
137,Built,11 233999 ESC 43 SA,2011-07-07,A Site Plan application has been submitted to permit a 503.23 square metre one- and two-storey addition to the rear of Eastview Junior Public School; a two lane one way drop off loop in front of the school; and an expansion of the existing parking lot ea,20 WALDOCK ST,24,0,503.23,503.23,0,
138,Built,17 189038 WET 04 SA,2017-06-28,Site Plan application applies to Phase 2 of the proposed development. Proposal includes a 8 storey mixed use building that contains 137 dwelling units and at grade retail uses frontong onto Dundas Street West.,4208 DUNDAS ST W,2,10590,1500,12090,137,http://app.toronto.ca/AIC/index.do?folderRsn=LVKch5MWMqT5T1kbfBB9uA%3D%3D
139,Built,14 267088 NNY 10 OZ,2014-12-23,31 single detached dwellings on a public cul-de-sac. Draft Plan of Subdivision file no. 16 264833 NNY 10 SB,451 PATRICIA AVE,18,9915.36,0,9915.36,31,http://app.toronto.ca/AIC/index.do?folderRsn=3677196
140,Under Review,15 205085 NNY 23 OZ,2015-08-11,"This proposal is currently before the LPAT.  It has been revised to propose16 3-storey townhouses, arranged in 2 blocks and two single detached 'transition' dwellings, 3 soreys in height. The proposed gross floor area is 3,812m2 and a FSI of 1.35.",2932 BAYVIEW AVE,18,3910.18,0,3910.18,18,http://app.toronto.ca/AIC/index.do?folderRsn=caDmPTVNrfEX%2F6Maj765OA%3D%3D
141,Under Review,21 187487 STE 13 SA,2021-07-21,Site Plan Approval for a proposed expansion of the existing Bunton House Salvation Army building. A 3-storey addition is proposed which would replace the existing link corridor between the two buildings on the site with usable living space located to the,422 SHERBOURNE ST,13,762,497,1259,34,http://app.toronto.ca/AIC/index.do?folderRsn=6qGhHjDpIn4ijWDM6fh9Zw%3D%3D
142,Built,14 238671 STE 20 SA,2014-10-16,To obtain site plan approval for the proposed seven storey commercial building with a non residential floor are of 20353 m2 and a total of 246 commercial spaces located below grade with the proposed residential parking spaces. PHASE 1 SITE PLAN- COMMERCI,500 LAKE SHORE BLVD W,10,0,20498,20498,0,http://app.toronto.ca/AIC/index.do?folderRsn=kMf6OfukEsoVKtOJgAvLug%3D%3D
143,Under Review,21 188693 WET 05 OZ,2021-07-23,"Proposal for a 9 storey, mid-rise mixed-use development, inclusive of 59 residential units. The development will feature6291 square metres of total Gross Floor Area (GFA), a Floor Space Index (FSI) of 3.45 times the lot area.",1681 WESTON RD,5,6291,136,6427,59,http://app.toronto.ca/AIC/index.do?folderRsn=PgeAngrsnMcOXjXAVlsIpw%3D%3D
144,Built,16 204076 WET 06 OZ,2016-08-09,"Proposed development of a 4 to 6 storey,  residential condominium with ground floor commercial and an underground parking garage.",408 BROWNS LINE,3,7399,270,7669,81,http://app.toronto.ca/DevelopmentApplications/associatedApplicationsList.do?action=init&folderRsn=4006967&isCofASearch=false
145,Active,18 213774 WET 06 SA,2018-08-22,"New Warehouse, Cooler Dock and Freezer Addition.",550 KIPLING AVE,3,0,6297,6297,0,http://app.toronto.ca/AIC/index.do?folderRsn=EYiudto%2FeXWIsD%2FpqtTinA%3D%3D
146,Built,19 243338 WET 01 SA,2019-10-30,New Purolator hub,325 HUMBER COLLEGE BLVD,1,0,30433,30433,0,http://app.toronto.ca/AIC/index.do?folderRsn=IJRqM34OZ8WlT6fC6Ig0Tg%3D%3D
147,Built,14 128794 STE 19 OZ,2014-03-14,"Proposed renovations and adaptive reuse of the existing buildings on the property for office uses with retail and services commercial use at the lower levels. Two new building are proposed within the existing surface parking lot areas, including a 8-stor",99 ATLANTIC AVE,10,0,12854,12854,0,
148,Under Review,21 191414 STE 10 OZ,2021-07-29,"Zoning by-law amendment application to facilitate the development of 5,509 square metres of non-residential retail space located below the Gardiner Expressway.",470 R LAKE SHORE BLVD W,10,0,5509,5509,0,http://app.toronto.ca/AIC/index.do?folderRsn=PuOwmk1SA%2FYpscQAZHWB0A%3D%3D
149,Built,13 133965 NNY 16 OZ,2013-03-15,"Four blocks of three storey residential condominium townhouses, each containing 3 dwelling units and one level of underground parking under the site.  Total of 12 dwelling units proposed.    Zoning By-law 1191-2017 (OMB)",117 ROSELAWN AVE,8,2189.3,0,2189.3,12,
150,Active,18 104519 NNY 23 OZ,2018-01-12,"Revised proposal for LPAT hearing:  a 17-storey residential building with a 2-level underground parking garage total GFA of 10.717.30m2 (FSI 4.51) with a 96 vehicle parking spaces.  Note, the tower with shift slightly to the east to increase the west sid",35 HOLMES AVE,18,10717.3,0,10717.3,154,http://app.toronto.ca/AIC/index.do?folderRsn=iz%2FmNF12gch%2FreIUM3Zo%2BA%3D%3D
151,Under Review,21 193927 NNY 15 SA,2021-08-05,Site Plan application,36 YORK MILLS RD,15,0,966,966,0,http://app.toronto.ca/AIC/index.do?folderRsn=hfPiGYZO8SEFaY5PEuq2eg%3D%3D
152,Under Review,21 195890 ESC 20 SA,2021-08-09,"Demolish the existing 4-storey brick apartment building in order to redevelop the subject lands with an 8-storey apartment building with 112 units (gross floor area of 6,996 sq. m.);  below grade parking. The proposed vehicular access would be provided b",1336 KINGSTON RD,20,6996,0,6996,112,http://app.toronto.ca/AIC/index.do?folderRsn=TU%2BfcsKxFC5j7dL2vGuYbQ%3D%3D
153,Built,16 118636 ESC 39 SA,2016-02-19,This Site Plan Control application (Phase 2) proposes to construct a 14- storey residential (Life Lease) apartment building (Building A) and a one-storey mixed-use building addition to the existing community centre (Building C). The portion of the above-,1030 MCNICOLL AVE,22,16939.19,967.27,17906.46,177,http://app.toronto.ca/AIC/index.do?folderRsn=PPrpS2GuDM%2BGafHoNzb1Bg%3D%3D
154,Active,06 116641 ESC 35 OZ,2006-03-13,"Proposal to redevelop the existing single family dwelling with five, two-storey townhouse units fronting onto Danforth Road.  The townhouses will have access to parking/garages from the rear of the lots off of Mack Avenue.",240 DANFORTH RD,20,1046.57,0,1046.57,5,
155,Active,13 205120 ESC 44 OZ,2013-07-16,Rezoning applications for Lifting of Hold (H) to permit a proposed place of worship at 8861 Sheppard Avenue East. The applicant has amended the development proposal to remove the previously proposed parking on the hydro corridor. All proposed parking wou,8861 SHEPPARD AVE E,25,0,494.38,494.38,0,http://app.toronto.ca/AIC/index.do?folderRsn=ECVk22iDiZCw%2FHidF46VKw%3D%3D
156,Built,13 199513 ESC 38 SA,2013-07-05,"Rental Building ""A"" known as 40 Meadowglen Place. Revised site plan application based on OMB Case No. PL131280 proposes the redevelopment of the site with 32 stacked townhouses, a 16 storey, 146 residential unit rental apartment building, and three condo",1-2 MEADOWGLEN PL,24,14402,0,14402,146,http://app.toronto.ca/AIC/index.do?folderRsn=3XH5h%2B7n0AIoZaVq2FMrow%3D%3D
157,Built,13 105888 STE 22 OZ,2013-01-15,"Proposed new mixed use commercial residential building approximately 56, 418.00 square metres.  The proposal contemplates a podium consisting of primarily retail commercial uses and a food store.  Residential units are proposed with a top floor restauran",2131 YONGE ST,12,43936.4,7290.6,51227,624,
158,Built,12 138120 STE 31 OZ,2012-03-16,A proposal to construct a 7 storey mixed use building containing 142 residential units with commercial at grade.  A total of 151 parking spaces will be provided in 2 levels underground.  Also see Site Plan Application 12 138115 STE 31 SA [updated Decembe,1401 O'CONNOR DR,19,10711,597,11308,142,
159,Under Review,21 201461 ESC 21 OZ,2021-08-19,"Bousfields Inc. has submitted an application for Zoning By-law Amendment.  The application proposes three mixed-use buildings with heights of 25, 30 and 37 storeys. The proposed development would be deployed in 2 phases with phase 1 consisting of the 37-",2956 EGLINTON AVE E,21,67992,522,68514,935,http://app.toronto.ca/AIC/index.do?folderRsn=D6n1dFUoX6FR2TUqVfSGmg%3D%3D
160,Under Review,20 211508 WET 05 SA,2020-10-27,Proposal for a 3 storey addition above the existing one storey office building. The existing basement is to be converted into a parking level and the existing roof is to be enclosed to create a mechanical level with three additional storey's above to be,74 INDUSTRY ST,5,0,2994,2994,0,http://app.toronto.ca/AIC/index.do?folderRsn=YZGNNdakIpwdVtV2KovqAQ%3D%3D
161,Built,16 200185 STE 20 SA,2016-08-02,Site Plan Approval for renovations to an existing hotel and office/retail building.  The proposal includes conversion of a portion of the building to residential use.,4 AVENUE RD,11,11003,0,11003,65,http://app.toronto.ca/AIC/index.do?folderRsn=DAkJWpWranfVtBXeBtfNwQ%3D%3D
162,Built,11 257217 STE 27 OZ,2011-08-15,"To demolish existing two storey semi-detached structure, and to construct a new five storey office building complete with one storey below grade and four surface parking spaces. Permit includes 21, 23, 25 Price Street.",21 PRICE ST,11,0,1319.93,1319.93,0,
163,Active,20 156414 ESC 23 SA,2020-06-15,Development of vacant land for a new one storey industrial warehouse building with ancillary offices. Closed Circulation without Engineering Comments.  Applicant will resubmit Complete application.  There are no transportation issues.,3825 MCNICOLL AVE,23,0,12129.65,12129.65,0,http://app.toronto.ca/AIC/index.do?folderRsn=yYLZlPLf%2Fz7p2XvfZzj1Tg%3D%3D
164,Under Review,21 205033 STE 04 SA,2021-08-27,Proposal to remove the existing three-storey front portion of the residential building and to construct a two-storey addition for the purpose of introducing a Place of Worship. The 14 residential units located in the existing rear portion of the building,10 MAYNARD AVE,4,0,477.6,477.6,0,http://app.toronto.ca/AIC/index.do?folderRsn=rwgdEJht%2FIZDp8%2BX9UGC9w%3D%3D
165,Under Review,16 270578 ESC 35 SA,2016-12-23,"Proposal to permit an eight-storey mixed-use building with 139 m2 of retail uses at grade and 30 residential units above.  A total of 16 parking spaces are proposed at grade, of which 15 would be in a parking stacker system.    Revised Submission January",3258 DANFORTH AVE,20,1902,73,1975,25,http://app.toronto.ca/AIC/index.do?folderRsn=VCbLzxBzNHD484oZvunOOg%3D%3D
166,Under Review,21 199636 STE 14 OZ,2021-08-17,"Official Plan and Zoning By-law Amendment to fa ciliate the development of the site for a 35-storey tower including a 7-storey podium base building, having a non-residential gross floor area of 2090.5 square metres, and a residential gross floor area of",682 BROADVIEW AVE,14,38035.2,2090.5,40125.7,503,http://app.toronto.ca/AIC/index.do?folderRsn=wb6WDURk0SCXwF4US%2F7EFA%3D%3D
167,Built,14 222791 STE 27 OZ,2014-09-16,"Rezoning application to add a 45-storey residential tower, with a floor plate of approximately 490 square metres (5,285 square feet), on the west side of the property.  The new residential gross floor area is approximately 20,856 square metres (224,494 s",700 BAY ST,11,21740.2,167.9,21908.1,274,
168,Under Review,14 154265 STE 20 SA,2014-05-09,"An application for Site Plan Control to permit a 5-storey mixed-use building with 7 dwelling units, 1 commercial unit, . TLAB decision on minor variances issued Oct 30, 2019.",1079 BATHURST ST,11,608,268,876,7,http://app.toronto.ca/AIC/index.do?folderRsn=qHpct8oDOKpSeQPY%2FvoGJw%3D%3D
169,Built,18 171361 WET 05 OZ,2018-06-04,Addition to the existing 'Metro' distribution centre with a new distribution centre,170 THE WEST MALL,3,0,19463,19463,0,http://app.toronto.ca/AIC/index.do?folderRsn=077kwlX85THF3deyOOvC5Q%3D%3D
170,Built,14 148284 STE 28 OZ,2014-04-28,"A revised rezoning application at 93-95 Berkeley St & 112,114,116,118,120,122,124 Parliament St. to allow for the construction of a 19 storey mixed use building containing 278 dwelling units, retail on the ground floor, and offices on the ground floor se",93 BERKELEY ST,13,22406,1030,23436,330,
171,Built,05 110000 WET 11 SA,2005-02-18,Proposal to permit the construction of a one-storey supermarket (Sobeys/Frescho) with a total non-residential gross floor area of 4016 m2 and 177 parking sapces.,55 DENISON RD E,5,0,4016,4016,0,
172,Built,17 152194 STE 22 SA,2017-05-01,"A proposal to replace Davisville Public School & Spectrum Alternative School with a new 3-storey elementary school with frontage on Davisville Avenue. The proposed building is 8,201 sq.m. in GFA, and is designed to accommodate 731 students, as well as a",43 MILLWOOD RD,12,0,7739,7739,0,http://app.toronto.ca/AIC/index.do?folderRsn=cV%2F2yExdxlhSdqTeQbJ1ew%3D%3D
173,Built,15 108969 STE 28 SA,2015-01-27,Proposal to construct Phase 2 of the Wellesley Community Centre.  A two storey addition with a pool and community facilities. In connection with previous SPA file 02-035207 STE 28 SA,495 SHERBOURNE ST,13,0,2354,2354,0,
174,Active,18 149402 STE 19 SA,2018-04-26,Site Plan Control application to permit the construction of a new 4-storey office/retail building (1653.0 sq. m.),12 OSSINGTON AVE,10,0,1278,1278,0,http://app.toronto.ca/AIC/index.do?folderRsn=NjvmlZ23acoOaEd30ssHhA%3D%3D
175,Under Review,21 146032 STE 10 OZ,2021-04-26,"150 Queens Wharf Road Housing Now Zoning By-law Amendment application to facilitate the development of the site for a 29-storey mixed-use building having a non-residential gross floor area of 307.0 square metres, and a residential gross floor area of 21,",150 QUEENS WHARF RD,10,21583,307,21890,282,http://app.toronto.ca/AIC/index.do?folderRsn=duIgNzWj0SCrZPvHAg8f7w%3D%3D
176,Under Review,18 219970 NNY 09 OZ,2018-09-04,Proposal to construct a 12-storey rental addition to existing rental building. The applicant proposes to alter and partially demolish the northern portion of the existing 4-storey apartment building at 1277 Wilson Avenue and redevelop this portion of the,1277 WILSON AVE,6,21270,0,21270,260,http://app.toronto.ca/AIC/index.do?folderRsn=p8XpEW9rsrhzhhPUM%2FGKOQ%3D%3D
177,Built,08 231178 STE 28 OZ,2008-12-19,"Rezoning application on the whole of the lands for the redevelopment of existing one storey commercial component with same, additional commercial street frontage development, 410 additional residential rental units including street front townhouse units.",545-565 SHERBOURNE ST,13,30422,0,30422,410,
178,Built,14 264174 STE 19 OZ,2014-12-15,An official plan amendment and rezoning applicant for  a new 32 storey condo tower with 459 residential units and 4 levels of underground parking (total of  420 parking spaces),65 GRAND MAGAZINE ST,10,28500,0,28500,459,
179,Built,16 245598 NNY 10 OZ,2016-11-01,"Alter existing development Blocks on site specific zoning by-law 1297-2013 schedule 1 of M-2(68) to permit a new 3-storey, 15,000 square metre manufacturing building on the southern portion of the site. There are 3 applications: Also see File 16 245607 N",1755 STEELES AVE W,6,0,15660.1,15660.1,0,http://app.toronto.ca/DevelopmentApplications/associatedApplicationsList.do?action=init&folderRsn=4055174&isCofASearch=false
180,Active,16 270525 NNY 33 OZ,2016-12-23,Revised:  The applicant proposes a 31 storey residential building containing 319 units and three levels of underground parking as well as a three storey block of 12 stacked back-to-back townhouses.  The existing 15-storey apartment building containing 14,1650 SHEPPARD AVE E,17,22728.72,0,22728.72,331,http://app.toronto.ca/AIC/index.do?folderRsn=9rKS%2B4FI7VXe0eqtewwGXw%3D%3D
181,Built,15 177235 STE 19 OZ,2015-06-19,Rezoning application to permit the construction of a 6 storey 25-unit residential building with 24 parking spaces.,45 DOVERCOURT RD,10,2945,0,2945,25,
182,Active,19 130425 NNY 15 OZ,2019-03-25,Zoning By-law amendment to permit six 3-storey townhouse units fronting onto Bayview Avenue.  Access to the underground parking will be from Tudor Gate. 1.19 FSI.  12 vehicular parking spaces plus 1 for visitors.,1 TUDOR GT,15,1563,0,1563,6,http://app.toronto.ca/AIC/index.do?folderRsn=QxT6m%2BsRWfYyQG90BZHWWA%3D%3D
183,Built,16 179683 ESC 41 OZ,2016-06-23,"Proposal to permit a 12 storey rental apartment building on an existing rental apartment building site containing a 18-storey apartment building. A total of 186 new units and gross floor area of 13,629 square metres is proposed. Upon completion, the site",25 THUNDER GRV,23,13629.24,0,13629.24,186,
184,Built,16 255783 ESC 38 SA,2016-11-24,To construct a 185.8 m2 rear addition to the existing Place of Worship building.,801 PROGRESS AVE,24,0,185.81,185.81,0,http://app.toronto.ca/AIC/index.do?folderRsn=1CE%2FLW1%2BEyM46Bmf%2BV%2FXHA%3D%3D
185,Built,12 256312 STE 32 OZ,2012-10-01,Proposed 6 storey Mixed-use building with 47 dwelling units.,1884 QUEEN ST E,19,4585,590,5175,47,
186,Built,13 237724 ESC 36 OZ,2013-09-18,To permit a 9-storey mixed use building with 188 residential units and 1328 m2 of comm/retail space.,2799 KINGSTON RD,20,14409,1328,15737,188,http://app.toronto.ca/AIC/index.do?folderRsn=3DiFqwOvBUkbx4IGlFjctA%3D%3D
187,Active,16 264775 STE 14 OZ,2016-12-15,Zoning Amendment application to redevelop the site with a five-storey commercial building containing office and retail uses. The existing building will be maintained on the site. No vehicular parking will be provided on site but 30 bicycle parking spaces,421 RONCESVALLES AVE,4,0,1731,1731,0,http://app.toronto.ca/AIC/index.do?folderRsn=WC2r27Zza0O5Mr9HS2o8qw%3D%3D
188,Active,16 232828 STE 27 OZ,2016-10-04,"A revised submission was received on November 6, 2017. The proposal is to develop a 73-storey mixed-use building tower with a 6-storey base building. The base building includes retail uses on the first and second floors, office uses on the third and four",2 CARLTON ST,13,69448,10037,79485,1014,http://app.toronto.ca/AIC/index.do?folderRsn=YW93WQ5AB79QZxKfHqRATw%3D%3D
189,Built,18 126761 STE 32 SA,2018-03-08,Site Plan Approval for a  new 6-storey mixed use building,1602 QUEEN ST E,14,965.8,143.4,1109.2,8,http://app.toronto.ca/AIC/index.do?folderRsn=8v3JJUk0vCiELjUGnezSFA%3D%3D
190,Built,18 241113 STE 32 SA,2018-10-12,"Site Plan Appication to allow a proposed 6-storey building with retail at grade and residential above.6 residential units, 2 retail units. Total GFA 244.5 sq.m. FSI 2.52.",1598 QUEEN ST E,14,901.8,177.4,1079.2,10,http://app.toronto.ca/AIC/index.do?folderRsn=Ns9Xj4UAXkseeJy99z8Ccw%3D%3D
191,Under Review,21 217842 ESC 22 SA,2021-09-26,3-storey office and operations building for Enbridge along with an associated parking and operations yard.,3157 KENNEDY RD,22,0,6646.31,6646.31,0,http://app.toronto.ca/AIC/index.do?folderRsn=Ufbzavb0d8gKHPyZ9i71UQ%3D%3D
192,Built,05 193926 STE 22 OZ,2005-10-14,"Official Plan Amendment and Zoning By-Law Amendment to facilitate a redevelopment of the site with a 16 storey, 54 unit terraced residential condominium development.  OMB APPROVED.",609 AVENUE RD,12,14546,0,14546,160,
193,Built,16 194024 WET 12 SA,2016-07-20,"Application to convert the ground floor of the existing building on the site to a retail use, the second floor to an office space and to add an addition with a floor area of 22 m2 for a new entrance",2265 KEELE ST,5,0,22,22,0,http://app.toronto.ca/AIC/index.do?folderRsn=tIgyyOJMJXrTZ8NnD%2FonGA%3D%3D
194,Under Review,21 221491 ESC 23 SA,2021-10-04,demolish a portion of their existing main level washroom and chapel support areas to construct a new parish hall addition to the north of the existing site.,59 HEATHER RD,23,0,482.91,482.91,0,http://app.toronto.ca/AIC/index.do?folderRsn=TRffjUge0UpP0Qtaovk3Xg%3D%3D
195,Built,20 153087 ESC 20 SA,2020-06-05,Development of vacant land for a 3 storey residential building.,11 MACEY AVE,20,2685,0,2685,56,http://app.toronto.ca/AIC/index.do?folderRsn=7xHxJoCYHca2P%2F6HtkDMnQ%3D%3D
196,Built,13 169170 STE 22 OZ,2013-05-15,"Proposal to construct 17 storey condo containing 129 residential units and 5 levels of below grade parking.  11 LILLIAN ST, 132, 134, 136, 138, 140, and 142 SOUDAN AVE.",11 LILLIAN ST,12,12237,0,12237,160,
197,Built,03 172936 NNY 07 OZ,2003-09-09,"Revised application for Medallion Properties Limited (UDOZ-99-06) as well as additional, but related, applications to Lift the ""H"" zoning conditions on the lands and for site plan approval for Phase 1 of the development.  (X. REF. UDSP-99-021)Please note",2345 FINCH AVE W,7,56452,1183,57635,634,
198,Active,14 266776 STE 22 OZ,2014-12-22,"Proposal for a 65 storey mixed use building containing 600 residential units, 8 floors of non-residential uses including office and retail, and 247 parking spaces in a 6-level underground parking garage.",1 EGLINTON AVE E,12,43684.6,11226,54910.6,600,http://app.toronto.ca/AIC/index.do?folderRsn=46yvaEcr9boRV19lCe5jBw%3D%3D
199,Built,17 115356 STE 27 CD,2017-02-10,Draft Plan of Standard Condominium to permit 20 non-residential (office/retail) units with 26 vehicle parking spaces (zero visitor) and 6 bicycle parking spaces.,1133 YONGE ST,11,0,147.3,147.3,0,http://app.toronto.ca/DevelopmentApplications/associatedApplicationsList.do?action=init&folderRsn=4105168&isCofASearch=false
200,Built,13 142125 STE 20 OZ,2013-03-28,Official Plan Amendment and Rezoning for a proposed 19-storey mixed use building (plus mezzanine) containing an 8-storey podium with outdoor amenity space. A total of 158 residential units including 26 rental apartment units with two levels of below grad,233 COLLEGE ST,11,11064.22,381.24,11445.46,150,
201,Active,17 158876 ESC 39 SA,2017-05-12,replace a series of portables on the site with a two storey addition to the existing elementary school building.,185 WINTERMUTE BLVD,22,0,2653,2653,0,http://app.toronto.ca/AIC/index.do?folderRsn=9swLLTqO4eZmVm6omguIZg%3D%3D
202,Under Review,19 109784 WET 05 OZ,2019-01-30,Proposal for a 4-storey townhouse building containing 7 residential units. No parking is proposed.,2421 EGLINTON AVE W,5,1021,0,1021,7,http://app.toronto.ca/AIC/index.do?folderRsn=uvDl7Y4VcyOdZOmjBvQGXA%3D%3D
203,Active,14 102565 NNY 16 OZ,2014-01-09,"The proposal is for a 12 storey, (42 metres high) residential/mixed use building. The proposal includes 150 residential units and 478 square metres of grade-related commercial space having a total gross floor area of 12,609 square metres and an FSI of 4.",491 GLENCAIRN AVE,8,9907,440,10347,105,http://app.toronto.ca/AIC/index.do?folderRsn=eQ5luRp32x%2FhDmggk1DxrA%3D%3D
204,Built,17 232793 ESC 43 SA,2017-09-14,Proposed 3rd storey addition to the existing building to create the new Guild Park and Gardens Arts and Cultural Facility (Clark Centre for the Arts).,191 GUILDWOOD PKWY,24,0,371.5,371.5,0,http://app.toronto.ca/DevelopmentApplications/associatedApplicationsList.do?action=init&folderRsn=4245809&isCofASearch=false
205,Built,12 139054 NNY 25 OZ,2012-03-20,Five freehold three-storey townhouses and one single family detached dwelling,6 BAYTREE CRES,15,1867.26,0,1867.26,6,
206,Active,18 106382 WET 02 SA,2018-01-17,To construct a gas station and a one-storey commercial building (convenience store).,954-970 SCARLETT RD,2,0,112,112,0,http://app.toronto.ca/AIC/index.do?folderRsn=xl7Iau4iAGsh0tBhvhlpWg%3D%3D
207,Active,18 249444 NNY 26 OZ,2018-10-29,"6 storey office building (7,076 square metres) with two levels of underground parking with a total of 67 parking spaces along with a bike room and 18 outdoor short-term bicycle spaces.",154 WICKSTEED AVE,15,0,7073.3,7073.3,0,http://app.toronto.ca/AIC/index.do?folderRsn=0Vz0pV044%2F6KCE6comsSNg%3D%3D
208,Under Review,21 233427 ESC 20 OZ,2021-11-02,Official Plan and Zoning By-law Amendment application to add a Site and Area Specific Policy for 40 Eglinton Square to permit a mixed-use development with building heights that range from 13 to 30 storeys and 892 residential units. A total gross floor ar,40 EGLINTON SQ,20,70675,3752,74427,892,http://app.toronto.ca/AIC/index.do?folderRsn=OQvl5eIlHoCLDl1RCb6KKQ%3D%3D
209,Built,12 134356 NNY 23 OZ,2012-03-08,"An application to amend the zoning by-law to permit an increase in height from 26 to 31 storeys, and from 283  to 346 residential apartment units.  The development will provide 347 parking spaces accessed from Canterbury Place.",75 CANTERBURY PL,18,23920.57,0,23920.57,371,http://app.toronto.ca/AIC/index.do?folderRsn=lsPKjbVh0whyitjvEu1U3A%3D%3D
210,Active,19 257796 ESC 23 SA,2019-12-05,Development comprising of a 1-storey industrial building for vehicle repair/service on vacant land.,0 SCOTTFIELD DR   S/S,23,0,1859,1859,0,http://app.toronto.ca/AIC/index.do?folderRsn=HXn4v1oAKF2WUlbysXuRJA%3D%3D
211,Under Review,10 197695 STE 20 OZ,2010-06-16,"Standard rezoning application for construction of new 55-storey mixed-use building (187 metres to the top of the mechancial penthouse) containing 2,273 square metres of retail use on two floors with residential above.  A total of 615 residential units ar",401-409 KING ST W,10,26582.6,17622.6,44205.2,435,
212,Under Review,20 226916 STE 11 OZ,2020-12-08,Official Plan and Zoning By-law Amendment application appealed to the Ontario Land Tribunal (Case No. OLT-21-001809). OLT approved (final order pending fulfillment of conditions) a 19-storey residential building. The Official Plan Amendment is required t,49 JACKES AVE,11,15576.68,0,15576.68,217,http://app.toronto.ca/AIC/index.do?folderRsn=nDTSDkpx54gG1QfbotD2gw%3D%3D
213,Built,11 259011 ESC 35 OZ,2011-08-17,"Proposal is to construct eight 4-storey townhouses, each with an enclosed garage.",40 DANFORTH RD,20,1267.6,0,1267.6,8,
214,Active,14 268423 STE 22 OZ,2014-12-30,The proposal for a 42-storey mixed-use building with 420 residential units and commericial space on the 1st and 2nd floors and 4 levels of underground parking with 136 parking spaces was refused by City Council and appealed to the OMB.  The applicant has,1421 YONGE ST,12,26668,1028,27696,198,
215,Active,14 174007 STE 28 OZ,2014-06-13,"To obtain an Official Plan amendment and Zoning By-law amendment for the subject lands located at 31A Parliament St., 370 and 370A Cherry St. to construct a 57-storey mixed use building containing 496 dwelling units and the 4 to 5-storey mixed use ""Ribbo",370 CHERRY ST,10,38333.6,29000.8,67334.4,590,http://app.toronto.ca/AIC/index.do?folderRsn=MtYoG2XJFmQb9royBB7OOA%3D%3D
216,Built,16 161156 STE 32 SA,2016-05-25,Application for Site Plan Approval for use conversion from an off-track betting facility to an event space for live performance.  Proposal includes an infill addition at the second floor mezzanine.,1661 QUEEN ST E,19,0,407,407,0,
217,Active,16 269352 WET 06 OZ,2016-12-21,Official Plan Amendment application to permit a mixed-use development consisting of one residential apartment building.,25 AUDLEY ST,3,30437,2059,32496,479,http://app.toronto.ca/AIC/index.do?folderRsn=w0KRMhNEtygwZN5YHzMyOQ%3D%3D
218,Built,16 203845 STE 27 SA,2016-08-09,Site Plan Control application to permit the adaptive re-use of the existing heritage-listed building at 44 Gerrard St E; a 5-storey addition to the east (behind 46 Gerrard St E). The existing surface parking lot to the north would be replaced with a 3-st,44 GERRARD ST E,13,0,4149,4149,0,http://app.toronto.ca/DevelopmentApplications/associatedApplicationsList.do?action=init&folderRsn=4006704&isCofASearch=false
219,Active,17 268827 STE 28 SA,2017-11-29,"Site Plan Control application to construct a three storey residential addition (11 dwelling units) above an existing two-storey commercial building, which is to be retained.",595 PARLIAMENT ST,13,2140,0,2140,11,http://app.toronto.ca/AIC/index.do?folderRsn=aq%2F6aokhUeDc9zqgn%2F%2Bvfg%3D%3D
220,Active,05 171818 STE 28 OZ,2005-08-17,"To build a mixed use bldg comprising a retail store, home improvement centre (Home Depot) and residential bldg (six apartment bldgs containing 33-55 storey bldgs).",429 LAKE SHORE BLVD E,10,153960,32880,186840,2280,
221,Under Review,21 235806 ESC 20 OZ,2021-11-09,"The proposal is comprised of seven mid-rise and tall buildings, located on three development blocks, and supported by new public and private roads,",375 KENNEDY RD,20,163716,6321,170037,2345,http://app.toronto.ca/AIC/index.do?folderRsn=voDhKpHHv7HQ9oPr6%2FcAXg%3D%3D
222,Built,14 251911 NNY 15 SA,2014-11-14,"Application to permit third and final phase of dvelopment on Block 1 of the subject lands, in accordance with By-law 1231-2013 (OMB Approved). This phase consists of a 15-storey mixed use building with a gross floor area of 29,764 square metres. The resi",3091 DUFFERIN ST,8,27666,1425,29091,372,http://app.toronto.ca/DevelopmentApplications/associatedApplicationsList.do?action=init&folderRsn=3658977&isCofASearch=false
223,Built,13 250500 STE 19 SA,2013-10-15,"Proposal for Site Plan Control of the present Place of Worship for additions to its front, north and rear sides for an expansion. The expansion of 1009.9m2 will allow for larger areas throughout the facility.",686 OSSINGTON AVE,9,0,436.3,436.3,0,
224,Built,15 215421 STE 28 SA,2015-08-31,"The proposed development (Block 17N) will consist of a total of 160 rental units. The proposed development will have a gross floor area of 15,296.3 square meters (164,648 ft2) of residential space. A total of 64 parking spaces are provided for in one lev",620 DUNDAS ST E,13,14811,0,14811,158,http://app.toronto.ca/AIC/index.do?folderRsn=4GXfvx7b2DqrqBV94ixCHA%3D%3D
225,Built,18 130962 STE 20 SA,2018-03-19,Site Plan Approval application to redvelop the site with six three storey townhouses facing Dupont Street. Each unit will contain an underground parking space accessed by a driveway from Brunswick Avenue.,536 BRUNSWICK AVE,11,1183.86,0,1183.86,6,http://app.toronto.ca/AIC/index.do?folderRsn=ec%2Fz4F0YpqKFxmYiTUXuzw%3D%3D
226,Built,14 265429 ESC 40 OZ,2014-12-17,Official Plan Amendment from Neighbourhoods to Apartment Neighbourhoods with a Site and Specific Policy and a Zoning By-law Amendment to permit a 18 storey mixed use residential building with a 7 storey podium and a 11storey tower element. 280 residentia,3105 SHEPPARD AVE E,22,20543.63,1004.13,21547.76,264,
227,Built,15 241882 STE 29 OZ,2015-10-23,An amendment to the Zoning By-law for a new 4-storey apartment building having a gross floor area of 3401square metres with 32 residential units. A total of  26 vehicular and  32 bicycle parking spaces will be provided. The proposal also contemplates the,14 DEWHURST BLVD,14,3402,0,3402,32,http://app.toronto.ca/DevelopmentApplications/associatedApplicationsList.do?action=init&folderRsn=3847477&isCofASearch=false
228,Built,17 170226 NNY 08 SA,2017-05-31,Construct an apartment building with 3 below grade parking levels; 14 storeys of residential and 1 storey mechanical on the roof. See PPR 17-155343 ZPR,20 DE BOERS DR,6,13468,0,13468,180,http://app.toronto.ca/DevelopmentApplications/associatedApplicationsList.do?action=init&folderRsn=4173842&isCofASearch=false
229,Under Review,11 326392 ESC 38 SA,2011-12-15,To construct a two-storey used car dealership and automobile service garage.,2401 ELLESMERE RD,24,0,517.01,517.01,0,http://app.toronto.ca/AIC/index.do?folderRsn=HRBb3QkuebqvA%2BY7o05zjA%3D%3D
230,Under Review,20 217637 ESC 21 SA,2020-11-12,"Site Plan application for a new gas station with a retail component.    IMPENDING FILE CLOSURE-LETTER SENT  DATE: SEPTEMBER 20, 2023    Renrick Ashby would monitor the file",1339 DANFORTH RD,21,0,157.25,157.25,0,http://app.toronto.ca/AIC/index.do?folderRsn=zXhHBtsi7GGqnJ0ARAqp%2Fg%3D%3D
231,Built,13 275737 ESC 35 SA,2013-12-09,"Site plan approval submission to permit the construction of 314 residential units, and a minimum of 50,000 square feet of commercial space.  Located along the Warden Avenue frontage at Deans Drive will be a mid-rise mixed use building containing a maximu",743 WARDEN AVE,20,25898.59,0,25898.59,184,http://app.toronto.ca/DevelopmentApplications/associatedApplicationsList.do?action=init&folderRsn=3475878&isCofASearch=false
232,Active,95 035702 ESC 38 OZ,1995-03-27,"114 UNIT, 11 STOREY RESIDENTIAL APARTMENT BUILDING",1744 ELLESMERE RD,24,18005.4,0,18005.4,242,
233,Active,20 115792 ESC 21 SA,2020-02-14,"Proposed one-storey, 544 square metre retail building with 4 units located within the existing Kennedy Commons parking lot. A new sitting & landscaped area is also proposed beside William Kitchen Rd.",8 WILLIAM KITCHEN RD,21,0,544,544,0,http://app.toronto.ca/AIC/index.do?folderRsn=o%2FCW9qMewOups9tstx623A%3D%3D
234,Built,15 209692 STE 14 SA,2015-08-19,Site Plan approval to construct a new 5 storey heavy timber office/retail building of approximately 7906m2 of Gross Floor Area. The building will contain 78 parking stalls in 2 levels of underground parking.,60 ATLANTIC AVE,10,0,7902,7902,0,http://app.toronto.ca/DevelopmentApplications/associatedApplicationsList.do?action=init&folderRsn=3809704&isCofASearch=false
235,Under Review,19 121598 STE 13 SA,2019-03-04,Site Plan Control Application to permit six 3-bedroom townhouse dwellings with with integral garages.  Total proposed gross floor area is 1125 square metres.,238 BERKELEY ST,13,1123.75,0,1123.75,6,http://app.toronto.ca/AIC/index.do?folderRsn=TJWFJn%2B8t3Pi%2FS%2F%2FlUQrOw%3D%3D
236,Under Review,16 136299 STE 27 SA,2016-04-06,Site Plan Approval for mixed -use development plan consisting of two buildings over a common underground garage.,100 EDWARD ST,11,35859.4,976,36835.4,515,http://app.toronto.ca/AIC/index.do?folderRsn=d2pjSZbs6pcgZiQTElVi6Q%3D%3D
237,Active,13 277919 WET 11 OZ,2013-12-13,"Proposal consists of  fourteen 3-storey townhouse units fronting Oak Street, two 8-storey apartment buildings, a 6-storey retirement residence and a 0.33 hectare (0.83 acre) park fronting Knob Hill Drive.",8 OAK ST,5,45378,0,45378,509,http://app.toronto.ca/AIC/index.do?folderRsn=H6ygvTi9s3fBr%2FFDv%2B5szA%3D%3D
238,Active,17 278716 WET 17 SA,2017-12-22,Site Plan Control application for a new four-storey office building with retail/restaurant at grade.,22 GEARY AVE,9,0,670,670,0,http://app.toronto.ca/AIC/index.do?folderRsn=U7G5XzfTcMYA2U0jo2yALw%3D%3D
239,Active,16 269918 WET 07 OZ,2016-12-22,This application proposes to amend the former City of North York Zoning By-law No. 7625 and the new City of Toronto Zoning By-law No. 569-2013 to permit a 36 storey (110.4 metres) apartment building containing 506 residential units The proposal would hav,160 CHALKFARM DR,7,32474,0,32474,467,http://app.toronto.ca/AIC/index.do?folderRsn=HbspJEoBPzbsRKVGsqqZeA%3D%3D
240,Active,15 268295 STE 20 SA,2015-12-22,"The Proposed Building for 115 Dupont st. is a Group D 5 storey office building with a typical floor plate of 213 m2 and a gross floor area of 884 m2.The proposed building will contain 4 office units, one per floor, and includes 5 parking spaces and a lob",115 DUPONT ST,11,0,844,844,0,http://app.toronto.ca/AIC/index.do?folderRsn=xxw5Y8xf88KDa6P9acjX9w%3D%3D
241,Under Review,21 247614 ESC 25 OZ,2021-12-12,"Plan of Subdivision for a public road, and create a total of 11 single-detached dwelling lots.",10065 SHEPPARD AVE E,25,3746.5,0,3746.5,11,http://app.toronto.ca/AIC/index.do?folderRsn=ttP8TZWiYvQVmrEqWYvgMA%3D%3D
242,Under Review,20 113400 ESC 21 OZ,2020-02-07,Development comprising of an 11 storey mixed-use building with commercial on the first and second floors and residential units above.,1940 LAWRENCE AVE E,21,13066.3,552.6,13618.9,90,http://app.toronto.ca/AIC/index.do?folderRsn=KnfHK8QAwHVj%2BgktGgGPiw%3D%3D
243,Built,18 243719 NNY 25 OZ,2018-10-17,"Lifting of the ""H"" to allow the construction of a new Combined Heat and Power (CHP) infrastructure building extension (440 sqm) to house new energy generating equipment for the  Sunnybrook Health Sciences campus.",2075 BAYVIEW AVE,15,0,440,440,0,http://app.toronto.ca/AIC/index.do?folderRsn=d3kRh1GnVcm%2FDeLuhTtNaA%3D%3D
244,Built,17 145395 NNY 33 SA,2017-04-18,"Phase 2.1 of the Allenbury Revitalization Project.  This application proposes the removal of 70 existing TCHC rental units and the construction of a 10 storey rental apartment building with 75 units, a 17 storey market ondominium building with 207 units,",3-5 ALLENBURY GDNS,17,28003.45,0,28003.45,316,http://app.toronto.ca/AIC/index.do?folderRsn=4140506
245,Under Review,21 248821 NNY 15 OZ,2021-12-15,"Zoning by law amendment - development of a new 3-storey private elementary and montessori school, with a total gross floor area of 3,242 square metres.",2441 BAYVIEW AVE,15,0,3242,3242,0,http://app.toronto.ca/AIC/index.do?folderRsn=IKlmjgw7jre0EBxb1xyrGQ%3D%3D
246,Active,13 191712 STE 20 OZ,2013-06-20,"Rezoning application to permit a new mixed development consisting of a 22-storey building complete with 92  dwelling units, retail uses on ground adn second floor, and five levels of below grade parking containing 212 parking spaces.",314 DAVENPORT RD,11,21572,1098,22670,100,http://app.toronto.ca/AIC/index.do?folderRsn=Us9VIzL%2BoN%2F6oBxvwq2YCQ%3D%3D
247,Active,13 115551 NNY 10 OZ,2013-02-04,"A proposed 9-storey, residential building with 91 dwelling units and 101 parking spaces on 3 underground levels.",719 SHEPPARD AVE W,6,6784.5,0,6784.5,91,
248,Under Review,20 209468 NNY 18 SA,2020-10-22,"Site Plan Application for the second phase of the Newtonbrook Plaza development.  Block 2 proposes a total gross floor area of 66,838.9 square metres, consisting of 63,152.3 square metres of residential GFA and 3,628.0 square metres of commercial GFA.  T",5799 YONGE ST,18,63156.2,3831.2,66987.4,856,http://app.toronto.ca/AIC/index.do?folderRsn=tB%2BvwvjI41LdzvjJcoG%2BNA%3D%3D
249,Built,17 274163 WET 06 SA,2017-12-11,Proposal to construct a two-storey south side addition (with 3 mezzanines) to the existing two-storey industrial building. The primary use of the building is for warehousing and redistributing produce.,188 NEW TORONTO ST,3,0,4049,4049,0,http://app.toronto.ca/AIC/index.do?folderRsn=UTUQxoyeSBaHi1M%2BiC1Zqg%3D%3D
250,Under Review,21 249720 WET 01 SA,2021-12-17,"Proposed development of a 7-storey mixed use building, including +/- 4,015.1 sq. m of residential and 746.9 sq. m of ground floor commercial-retail GFA), for a total FSI of 3.37.",930 ALBION RD,1,4015,746,4761,65,http://app.toronto.ca/AIC/index.do?folderRsn=CJb1Ol36mOE8afovx%2FqTAg%3D%3D
251,Under Review,20 193551 NNY 17 OZ,2020-09-15,Official Plan and Zoning By Law Amendment application to permit the proposal for a 31-storey residential apartment building containing 294 dwelling units. The existing rental apartment building on the Subject Site is to be retained. The proposed gross fl,25 LEITH HILL RD,17,22716.4,0,22716.4,292,http://app.toronto.ca/AIC/index.do?folderRsn=w%2Bu0sLUYM6r8ekyzCx3XdA%3D%3D
252,Active,19 127586 STE 13 OZ,2019-03-19,"Zoning By-Law Amendment and Site Plan Control application to permit a mixed-use building with two towers, 32 and 46 storeys (113.3 metres and 155.2 metres) in height, connected by an 11-storey podium. The existing buildings on the site would be demolishe",27 GROSVENOR ST,13,59343.4,8343.1,67686.5,770,http://app.toronto.ca/AIC/index.do?folderRsn=DLCiWme30G2QEASGUeopVA%3D%3D
253,Under Review,21 250282 ESC 20 SA,2021-12-20,"Site Plan Approval for Block 1, a mixed-use development consisting of Buildings A & B. Building A is a 6-storey rental building with retail space at-grade. Building B is a 24-storey rental building. Together, Buildings A & B will have a non-residential g",705 WARDEN AVE,20,28307.4,576.2,28883.6,441,http://app.toronto.ca/AIC/index.do?folderRsn=5lhNMX14mrVA5CbB9%2B5p3g%3D%3D
254,Under Review,21 250249 ESC 20 SA,2021-12-20,"Site Plan Approval for Block 2, consisting of 'Building C'. Building C is a 23-storey building with a total gross floor area of 17,299.4 square metres. A total of 240 residential dwelling units are proposed. This application is being reviewed concurrentl",705 WARDEN AVE,20,17299.4,864.8,18164.2,240,http://app.toronto.ca/AIC/index.do?folderRsn=HFvvukNw8wNuMO%2F9YxLELQ%3D%3D
255,Under Review,21 251000 STE 10 SA,2021-12-22,Site Plan Application to permit Phase 2 of development for a new office building at 53 Fraser Avenue and 8-42 Pardee Avenue on the eastern portion of the property facing Pardee Avenue. The proposal includes conserving the existing heritage building at 8,53 FRASER AVE,10,0,18029,18029,0,http://app.toronto.ca/AIC/index.do?folderRsn=32qriHclow8y17M4lPPQ4g%3D%3D
256,Under Review,21 250999 STE 10 SA,2021-12-22,"Site Plan Application to permit a new office building at 39-49 Fraser Avenue on the western portion of the property facing Fraser Avenue. The proposal includes conserving the existing heritage buildings on Fraser Avenue and adding office floors above, to",41 FRASER AVE,10,0,13664,13664,0,http://app.toronto.ca/AIC/index.do?folderRsn=%2FRBeR%2FffSZlUvsSDkh58hg%3D%3D
257,Built,16 270623 WET 04 SA,2016-12-23,"Site Plan application for mixed use development at 4208, 4210 and 4214 Dundas Street West. This phase of development would include 3-storey (13 metre) stacked townhouses and a 21-storey (72 metre) residential apartment building at the rear of the site, a",4208 DUNDAS ST W,2,24651,0,24651,276,http://app.toronto.ca/AIC/index.do?folderRsn=nD%2BX2AbWecH9gsHzDgrkXA%3D%3D
258,Built,12 282863 STE 19 SA,2012-11-21,"Proposal to construct 2 condo towers (35 and 29 storeys) with 4-storey podium for Building B and 4-6 strorey podium for Building A (containing some commercial), 4 levels of below grade parking and 688 dwelling units.  Current Application is for PHASE 2,",30 ORDNANCE ST,10,52904,132,53036,744,http://app.toronto.ca/AIC/index.do?folderRsn=gmOe03Y6pe8A%2BW3aeZtZwg%3D%3D
259,Active,06 111098 NNY 10 OZ,2006-02-20,"This application has been revised from 6-storey midrise buildings and 7 blocks of 3-storey townhouses (1.78x density) to 12 blocks of 3-storey townhouses (1.12x density), totalling 25,853 square metres of GFA, 164 units 216 underground parking spaces for",221-245 WILMINGTON AVE,6,25853.3,0,25853.3,164,http://app.toronto.ca/AIC/index.do?folderRsn=Zq%2BLUpsTieiAaJWPdedjGQ%3D%3D
260,Active,19 243786 ESC 23 OZ,2019-10-31,"Application to amend the zoning by-law to permit a 10 storey student residence building on the rear of an existing private school site. The proposed building will accomodate for 225 units and will have a gross floor area of 9,703.85 square metres. A tota",4620 FINCH AVE E,23,0,5934.97,5934.97,0,http://app.toronto.ca/AIC/index.do?folderRsn=ixwQmMpWNTOcajbKvMTSGg%3D%3D
261,Under Review,19 265498 WET 02 SA,2019-12-30,"Site Plan application for Phase 2 of the mixed-use development at 2 Gibbs Road. Phase 2 includes the proposed development of  Building D, a 40-storey (115 m) tower and Building E, a 44-storey (126.5 m) tower, both above a 4-storey (13 m) podium. The tota",2 GIBBS RD,2,53645,3635,57280,741,http://app.toronto.ca/AIC/index.do?folderRsn=eMwjNeMxDSlUPsokKZTQaA%3D%3D
262,Under Review,21 252336 NNY 06 OZ,2021-12-31,"Application to Amend the Zoning By-law to remove the holding symbol, to make permanent the temporary minor variances under 21 122447 S45 06 TLAB, and to permit an 11-storey addition to the existing building for overnight accommodation in association with",2 CHAMPAGNE DR,6,0,9994,9994,0,http://app.toronto.ca/AIC/index.do?folderRsn=cczXcwvk%2FJroeJLWby8jgw%3D%3D
263,Built,13 257872 WET 05 SA,2013-10-29,"Proposal for change of use for existing industrial building to create waste disposal/recycling facility, including one storey side addition and interior alteration.",85 VICKERS RD,3,0,231,231,0,
264,Active,20 182703 NNY 16 SA,2020-08-19,"Site Plan Amendment application proposing five new one-storey self-storage buildings in addition to the existing three storey self storage building on site. A previous Site Plan Amendment application was finalized in August 2019, file: 18 211847 NNY 34 S",1450 DON MILLS RD,16,0,3669.1,3669.1,0,http://app.toronto.ca/AIC/index.do?folderRsn=Vyz1ceF3K6vpG%2FTHGOJf8Q%3D%3D
265,Active,20 148800 STE 14 SA,2020-05-26,"Site Plan Approval for a concrete batching and mixing yard, builder's supply yard, and open storage of raw materials yard on the subject site at 545 Commissioners Street. Included in this site plan application is also an office use, ancilary to the concr",545 COMMISSIONERS ST,14,0,1079,1079,0,http://app.toronto.ca/AIC/index.do?folderRsn=zM5dK5500mGb32T5cG92NQ%3D%3D
266,Built,14 249503 STE 28 SA,2014-11-07,"Mixed-Use building containing residential, commercial and institutional uses.  The building will consist of a 45 and 35 storey tower that is connected by a 5 storey podium, which will house a post-secondary academic institution.",143 LAKE SHORE BLVD E,10,63328,6736,70064,963,http://app.toronto.ca/AIC/index.do?folderRsn=1wUPslPOZDbgbBbJlu3bZg%3D%3D
267,Built,11 184256 STE 22 SA,2011-04-29,"Proposal to convert existing office  building to mixed use building (w/ residential). Proposal includes conversion of office space to 403 residential units, 352 parking spaces in 3 levels below grade and 367 bicycle parking spaces - see 11 184195 ZPR for",111 ST CLAIR AVE W,12,38143,0,38143,400,
268,Built,15 242710 STE 32 OZ,2015-10-26,"The application proposes a new 8-storey mixed use building having a  gross floor area of 12,568 square metres with 166 residential units (of which 14 will be rental replacement units). 259 square metres of street-related retail use and live/work units ar",2301 DANFORTH AVE,19,11793,380,12173,170,
269,Built,11 255468 NNY 10 OZ,2011-08-11,"As per the recommendation of Planning and Growth Management Committee on June 18, 2015 amd City Council on July 7, 2015 IItem PG5.4), a settlement has been reached with the applicants for 9 Tippett Road for an application for Official Plan and  Zoning By",9 TIPPETT RD,6,35542,1075.74,36617.74,485,
270,Active,15 230943 NNY 23 OZ,2015-09-30,"Heathwood Homes (Altamont) Ltd, has submitted an application for an Official Plan and Zoning By-law Amendment.  The application proposes four stacked townhouse blocks, each 3-1/2 storeys in height, comprised of 82 residential units, with a total resident",11 ALTAMONT RD,18,4375.4,0,4375.4,26,http://app.toronto.ca/AIC/index.do?folderRsn=dMnv1N86nGmYlevmatlnLg%3D%3D
271,Built,11 131706 STE 18 SA,2011-02-23,"Site Plan Approval application for new 3 storey addition to east side of existing Drake Hotel.  Addition will be constructed on 1140, 1142 and 1144 Queen St W, which will become part of the hotel.",1150 QUEEN ST W,9,0,1867,1867,0,http://app.toronto.ca/AIC/index.do?folderRsn=qhYe6FXVbYGMmH%2B34CPcvQ%3D%3D
272,Active,14 145467 NNY 24 OZ,2014-04-22,To remove existing structure and parking lot and replace it with a 30 single detached subdivision with new local right-of-way off of Ballyconnor Court.,25 BALLYCONNOR CRT,17,12279.45,0,12279.45,30,
273,Built,10 238555 ESC 42 SA,2010-08-12,Site plan approval for commercial development,30 IRONSIDE CRES,23,0,7745.52,7745.52,0,
274,Built,16 103438 ESC 39 SA,2016-01-12,"Proposal to construct a one storey warehouse with accessory office space, the two existing buildings on site will be demolished. November 7, advisedapplicant to submit amended plans with cover letter; awaiting agreement from legal, will then amend agreem",2981 KENNEDY RD,22,0,2967.08,2967.08,0,http://app.toronto.ca/AIC/index.do?folderRsn=sqUulJPsqy3djbzskNt9Cw%3D%3D
275,Under Review,22 112137 ESC 21 OZ,2022-02-08,"This Zoning By-law application contemplates the development of a mix of 4-storey stacked townhomes and 3-storey walk-up apartments, consisting of a total of 20 residential dwelling units. All units are proposed as rental. 31% of the proposed units are af",963-967 PHARMACY AVE,21,1986,0,1986,20,http://app.toronto.ca/AIC/index.do?folderRsn=e%2FiQp5yNaUIzZQ7mxLAeng%3D%3D
276,Built,14 125514 STE 32 OZ,2014-03-06,"Zoning By-law Amendment application to construct an 8 storey, mide-rise building with commercial at grade with 110 residential units including 14 townhomes onto Memory Lane.",1327 QUEEN ST E,14,8916.83,414.65,9331.48,91,
277,Under Review,21 137662 NNY 08 OZ,2021-04-08,"Zoning Bylaw Amendment application is to construct a two-storey vertical addition and rear four-storey addition with five rental dwelling units, for a total of 10 rental dwelling units. Note concurrent site plan application 21 137674 NNY 08 SA.",425 LAWRENCE AVE W,8,459.75,0,459.75,5,http://app.toronto.ca/AIC/index.do?folderRsn=viuGUTjHxtRfdoz72S%2BzIw%3D%3D
278,Built,16 269867 WET 05 OZ,2016-12-22,Proposal for a mixed use 8 storeys building.,784 THE QUEENSWAY,3,12865,1723,14588,167,http://app.toronto.ca/DevelopmentApplications/associatedApplicationsList.do?action=init&folderRsn=4083787&isCofASearch=false
279,Built,08 150526 STE 20 OZ,2008-04-23,Official Plan Amendment and Zoning Bylaw  Amendment for redevelopment of lands with two proposed mixed use towers having heights of 48 and 18 storeys.  The existing public lane separating the proposed redevelopment will continue to be maintained.  Revise,355 KING ST W,10,53011,12648,65659,911,
280,Built,15 264787 STE 28 SA,2015-12-14,"The proposed rental building consists of a 25-storey tower with a 7-storey '(-shaped)' podium that fronts River Street and extends to Nicholas Avenue.  At the north end of the block, 24 grade-related 3-storey back-to-back condominium townhouse units are",591 DUNDAS ST E,13,29843,878,30721,370,http://app.toronto.ca/AIC/index.do?folderRsn=SyP77Zl7uQ3zjgsVrx04OQ%3D%3D
281,Under Review,17 260616 WET 07 SA,2017-11-10,To construct a new 4-storey mixed commercial building.  An access easement was established on the site in 2013 in favour of the property at 2450 Finch Avenue West to allow for vehicular access to Milvan Drive.,4 MILVAN DR,7,0,1411,1411,0,http://app.toronto.ca/AIC/index.do?folderRsn=wc1zQP7w%2FoEayT%2F5ycba4g%3D%3D
282,Built,16 200831 STE 22 SA,2016-08-03,"To construct a ""U"" shaped 4-, 5- and 6-storey residential building with 82 affordable rental dwelling units.",200 MADISON AVE,12,7320.1,0,7320.1,82,http://app.toronto.ca/DevelopmentApplications/associatedApplicationsList.do?action=init&folderRsn=4003296&isCofASearch=false
283,Built,16 254656 WET 03 OZ,2016-11-22,Rezoning by-law amendment application to permit three stacked townhouse blocks that include 62 residential units .,400 THE EAST MALL,2,4709,0,4709,62,http://app.toronto.ca/DevelopmentApplications/associatedApplicationsList.do?action=init&folderRsn=4065753&isCofASearch=false
284,Built,13 280900 STE 28 SA,2013-12-23,"The purpose of the application is to permit a row of 7 townhouses at the north end of the site fronting on Sutton Avenue, a row of 7 townhouses fronting Shuter Street, two semi-detached houses fronting on Sackville Street to the east and two semi-detache",591 DUNDAS ST E,13,4488.3,0,4488.3,18,
285,Active,09 199580 NNY 16 OZ,2009-12-23,"1) 2009: This application proposes to amend the Zoning By-law to permit a 13 storey addition to the existing 8 storey rental building at 515 Chaplin Crescent by demolishing 18 existing rental units, replacing them with 18 rental replacement units and add",515 CHAPLIN CRES,8,5537.87,0,5537.87,66,http://app.toronto.ca/AIC/index.do?folderRsn=mypVRmHwVPaBlU6DMy5SvA%3D%3D
286,Built,16 117808 ESC 39 OZ,2016-02-18,This rezoning application is to permit the development of 60 stacked back to back townhouse units. The existing commericial plaza on the site is to be demolished.,2100-2122 BRIDLETOWNE CRCL,22,6694.8,0,6694.8,60,
287,Built,15 210277 ESC 43 SA,2015-08-20,"6-storey residential development, excluding mechanical penthouse containing 143 units with a 3-storey townhouse building element containing 18 units, indoor amenity areas (228 square metres) and outdoor amenity areas (322 square metres)",4434 KINGSTON RD,24,13332.02,0,13332.02,161,http://app.toronto.ca/AIC/index.do?folderRsn=w39P3v9mDeDFM401UGa6Yg%3D%3D
288,Built,12 144991 WET 13 OZ,2012-03-28,Proposed amendments to the Zoning By-law to permit the development of a 8storey mixed use building containing 62 residential units.,2114-2130 BLOOR ST W,4,6666,317,6983,62,
289,Under Review,22 119495 ESC 24 OZ,2022-03-04,"The proposed development of McCowan Square contemplates three mixed use towers consisting of a total of 1412 units, a gross floor area of 117,913 square metres and a density of 6.4 FSI. The three proposed high-rise buildings are to consist of 25, 45 and",1215 MCCOWAN RD,24,113104,4810,117914,1412,http://app.toronto.ca/AIC/index.do?folderRsn=7v92Pz97a7wyVcO4bFXC4g%3D%3D
290,Built,17 238510 NNY 33 SA,2017-09-25,"Site Plan application for Building C2 on Block C to permit a 24-storey mixed use building with a 5 storey podium (proposed total Gross Floor Area 23,194 sqm with 820 sqm of retail space along Helen Lu Road frontage) . The proposal includes 279 dwelling u",32-50 FOREST MANOR RD,17,22482,1095,23577,279,http://app.toronto.ca/DevelopmentApplications/associatedApplicationsList.do?action=init&folderRsn=4252519&isCofASearch=false
291,Active,15 268779 WET 07 OZ,2015-12-23,This application proposes an Official Plan and Zoning By-law Amendment to permit three (3) development blocks including sic (6) townhouse blocks for a total of forty-six (46) residential units on a new public road via Muir Avenue.,3002 ISLINGTON AVE,7,7625,0,7625,46,http://app.toronto.ca/AIC/index.do?folderRsn=0%2BLr2RrAGF%2F1XWD9SezMmA%3D%3D
292,Built,13 191601 ESC 42 OZ,2013-06-20,"Application to amend the Official Plan and Zoning By-law to permit a mixed commercial/office and industrial development consisting of a two-storey office building with a ground-storey restaurant, a coffee shop (Tim Hortons) with a drive-through facility,",3615 MCNICOLL AVE,23,0,8040.2,8040.2,0,
293,Built,16 137850 STE 27 OZ,2016-04-08,"Zoning By-law Amendment to facilitate the construction of a mixed-use building, with a tower height of 21 storeys with a 3 storey podium.  Retail uses are proposed at grade.  The proposed development includes 14,424 m2 of  Gross Floor Area (GFA) and 222",219 DUNDAS ST E,13,13649,210,13859,222,http://app.toronto.ca/DevelopmentApplications/associatedApplicationsList.do?action=init&folderRsn=3929124&isCofASearch=false
294,Built,16 255115 NNY 33 SA,2016-11-23,"Phase 1 (of 3) Site Plan approval application to construct a 33-storey, 371-unit condominium apartment building on Block C (Building C3) in the Parkway Forest community.",32-50 FOREST MANOR RD,17,29088,0,29088,372,http://app.toronto.ca/DevelopmentApplications/associatedApplicationsList.do?action=init&folderRsn=4066280&isCofASearch=false
295,Active,19 263887 WET 03 OZ,2019-12-20,"To permit a mixed-use development containing 840 dwelling units and retail at grade within one 12-storey building fronting Kipling Avenue, one 31-storey tower (Tower A) on the south-west side of the site and one 24-storey tower (Tower B) connected at the",1306 THE QUEENSWAY,3,66440,1018,67458,840,http://app.toronto.ca/AIC/index.do?folderRsn=40euItFoFwE5ZAsuwzqH4g%3D%3D
296,Active,17 274171 STE 22 OZ,2017-12-11,"Proposed 12-storey (45.1 metres including the mechanical penthouse) mixed-use building containing 80 dwelling units and 221 square metres of retail. The total gross floor area is 5,648 square metres and the site density is 7.3 times the area of the lot.",2128 YONGE ST,12,5427,221,5648,80,http://app.toronto.ca/AIC/index.do?folderRsn=CT9uwwtlzC%2Bk5cVUk6nt4Q%3D%3D
297,Built,18 247408 ESC 42 SA,2018-10-24,"Development comprising of three multi-tenanted industrial buildings. This application is to amend the south portion of the previous Site Plan Agreement registered on title as Instrument No. AT2763786 on July 26, 2011 under application 10 306688 ESC 42 SA",3115 MARKHAM RD,23,0,12981.77,12981.77,0,http://app.toronto.ca/AIC/index.do?folderRsn=TsEwReZyYjFsd2vqRczksg%3D%3D
298,Built,12 246860 STE 19 OZ,2012-09-14,"This application proposes to permit the redevelopment of the most easterly portion of the site with a 28-storey mixed-use building consisting of ground floor retail, office floorspace on the 2nd to 7th storeys, residential units on the 8th to 28nd storey",171 EAST LIBERTY ST,10,18378.8,13722.71,32101.51,281,
299,Built,15 121457 NNY 09 SA,2015-02-25,"Proposed new 1-storey 1,200 sq metre fire station - to be known as ""Station 114"", at south-west corner of Parc Downsview Park lands and within larger development block known as the ""Stanley Greene Neighbourhood"". Site fronts onto Keele Street with south",2945 KEELE ST,6,0,1200,1200,0,http://app.toronto.ca/DevelopmentApplications/associatedApplicationsList.do?action=init&folderRsn=3705643&isCofASearch=false
300,Built,15 124470 STE 28 SA,2015-03-05,"The Site Plan Application for a 13-story mixed-use building consisting of approximately 228 residential condominium units, 3,112 sq.m. of ground floor retail (approximately 33, 497 sf), and approximately 342 vehicular parking spaces for resident, tenant",261 QUEENS QUAY  E,10,31318,2807,34125,227,
301,Active,20 151415 STE 10 OZ,2020-06-02,"Official Plan & Zoning by-law Amendment application to facilitate the development of the site for 45-storey and 32-storey mixed-use towers atop a 6-storey podium.  A total of 23,670square metres of non-residential gross floor area, and 53,099  square met",125R MILL ST,10,53099,23670,76769,653,http://app.toronto.ca/AIC/index.do?folderRsn=k%2BxjBmzed%2BECZxWhVVvi%2Fg%3D%3D
302,Built,13 280225 ESC 36 SA,2013-12-19,"9-storey, plus roof-top mechanical mid-rise building containing 80 (+ 1 guest suite) residential units with a total gross floor area of approximately 8 092 square metres and an associated two level, below-grade parking structure containing a total of 87",1346 KINGSTON RD,20,8091.34,0,8091.34,80,http://app.toronto.ca/AIC/index.do?folderRsn=VxpbTggmmo2kwTAsOh5MUA%3D%3D
303,Built,12 258112 STE 19 SA,2012-10-04,"Proposal to demolish two 2-storey mixed use buildings (1040-1042 Queen St W) containing commercial and 1 dwelling unit each, and construct a new 4 storey mixed use building containg 2 storeys of gallery space and 3 dwelling units on the upper two floors.",1040 QUEEN ST W,10,0,385.4,385.4,0,
304,Built,15 208876 STE 20 OZ,2015-08-18,"Development proposal consists of a 33-storey mixed use building with a 3-storey podium base, which is to replace the existing 5-storey mixed use building onsite. The development proposal includes 356 residential units in the tower portion of the building",203 COLLEGE ST,11,16081.54,2000.13,18081.67,243,http://app.toronto.ca/DevelopmentApplications/associatedApplicationsList.do?action=init&folderRsn=3808726&isCofASearch=false
305,Active,12 146441 ESC 41 OZ,2012-03-30,Proposed residential development containing two 28 storey apartment (condominium) towers on a 2 storey podium with 551 units including 10 integrated 2 bedroom townhouse units and a  3-level parking garage with 566 parking spaces.,23 GLEN WATFORD DR,23,58222.59,0,58222.59,551,http://app.toronto.ca/AIC/index.do?folderRsn=ulRWYRarZsItYXW791Pd6w%3D%3D
306,Built,15 177455 STE 30 OZ,2015-06-19,"Revised Application Submitted April 10, 2017: The Applicant, 1177 Danforth Avenue Ltd., has submitted rezoning and site plan applications that propose to develop the site, municipally known as 1177 Danforth Avenue, with a 9 storey mixed-use residential c",1177 DANFORTH AVE,14,5606,719.01,6325.01,92,http://app.toronto.ca/AIC/index.do?folderRsn=RTb6DX%2FnGyPiwP3g6Bq8gw%3D%3D
307,Built,12 166387 WET 12 OZ,2012-05-03,Proposed amendments to the zoning by-law to permit the development of an 8-storey mixed use commercial retail/residential condominium with a total of 128 units.,2522 KEELE ST,5,9912,1296,11208,128,
308,Built,17 267829 NNY 33 SA,2017-11-27,"Site Plan application for the final development phase (Building C1) on Block C in the Parkway Forest community. The application proposes to construct a 13-storey mixed-use building with a 7-storey podium having an overall gross floor area of 21,786 sq.m.",32-50 FOREST MANOR RD,17,18531,3255,21786,254,http://app.toronto.ca/AIC/index.do?folderRsn=FGoUhntPUQYypUkeLyr%2B7Q%3D%3D
309,Active,09 200486 NNY 15 OZ,2009-12-30,"Revised application to permit the development of an 11 storey (35m) condominium building and rental replacement for a total of 169 residential units and 14,252.2 m2 of Gross Floor Area. Also proposed is 265.1m2 of indoor amenity space, 420.6 m2 of outdoo",50 NEPTUNE DR,8,11770.2,0,11770.2,164,http://app.toronto.ca/AIC/index.do?folderRsn=ZuSoXLKysAgOtgpL3L%2BWmg%3D%3D
310,Under Review,21 169132 STE 13 SA,2021-06-11,"Site Plan Approval for a 25-storey mixed-use building having a non-residential gross floor area of 24,936 square metres, and a residential gross floor area of 35,803 square metres.  A total of 446 residential dwelling units, and 180 vehicle parking space",348 RICHMOND ST E,13,35803,24936,60739,446,http://app.toronto.ca/AIC/index.do?folderRsn=rerch4OEWFb8gHZVtmltMA%3D%3D
311,Built,18 154373 NNY 26 OZ,2018-05-07,"The application proposes to expand the existing Leaside Village shopping centre with three new  commercial buildings, one two-storeys in height and the other two one-storey in height, with 7,031.9 square metres of gross floor area. There are106 vehicle p",11-19 INDUSTRIAL ST,15,0,7276.9,7276.9,0,http://app.toronto.ca/AIC/index.do?folderRsn=Tt2sRVpjLfdlH2dt%2BIlKTw%3D%3D
312,Under Review,22 129627 STE 13 SA,2022-04-01,"Site Plan Approval for a 4-storey addition, having a non-residential gross floor area of 779.6 square metres, above the existing 5-storey hotel.  The proposed non-residential gross floor area is 1727.2 square metres.",45 MUTUAL ST,13,0,779.63,779.63,0,http://app.toronto.ca/AIC/index.do?folderRsn=bVR5VdEzEmh%2FK0FFuCI5DQ%3D%3D
313,Built,15 144325 ESC 43 SA,2015-04-21,New generator building to supply power to the existing water pumping station in the event of a general power outage and/or emergency.,2950 ELLESMERE RD,24,0,910,910,0,
314,Built,14 263631 STE 22 OZ,2014-12-12,To allow for the rezoning of the subject lands for 4 blocks of townhouses that are three storeys in height along Avenue Rd and four storeys in height along Oaklands Ave. A total 19 townhouse units will be constructed with individual garages. The building,131 FARNHAM AVE,12,5552.77,0,5552.77,18,
315,Built,16 249282 WET 05 SA,2016-11-09,"Phase 1 includes the two 10-storey mid-rise buildings with retail, one 31-storey residential tower above a 4-storey podium, the outdoor playground, the central private road and the private servicing laneway",2 GIBBS RD,2,50810,2508,53318,664,http://app.toronto.ca/AIC/index.do?folderRsn=hBTVe0MJwJMeKKOxbWt44A%3D%3D
316,Built,15 167669 ESC 43 OZ,2015-06-03,"This application is for OPA & REZONING  to permit a 5-storey, 16838, 172-unit seniors reitrement home with consisting of residential and non-residential (commercial) ground floor uses",65 LIVINGSTON RD,24,16838,0,16838,172,
317,Built,13 247990 WET 06 OZ,2013-10-08,"Proposed amendments to the Official Plan and Etobicoke Zoning Code to permit development consisting of: a 56-storey residential tower, a 4-storey commercial building, and a 14-storey residential building with grade related commercial space.",2161 LAKE SHORE BLVD W,3,53981,3475,57456,678,
318,Active,17 200922 NNY 15 OZ,2017-07-18,"The proposed rezoning application for the additional residential apartment buildings and a block of townhouses. At the north-east corner, a 12 storey residential apartment building with a 7 storey podium that will include retail at grade along Dufferin S",3000 DUFFERIN ST,8,35059.63,397.36,35456.99,508,http://app.toronto.ca/AIC/index.do?folderRsn=YmeGrC%2F77m21RMWNHUt%2FFA%3D%3D
319,Built,08 223450 STE 28 OZ,2008-11-20,This application proposes the development of a 32-storey residential tower on top of a 4-storey mixed-use podium for a total of 36-storeys and 271 dwelling units.  The building height would be 112 metres (118 metres to mechanical penthouse).  The proposa,5 THE ESPLANADE,10,22637,950,23587,284,
320,Built,14 157484 STE 27 OZ,2014-05-15,"Rezoning and site plan application by Ryerson University to permit  a 27-storey building with a height of 93.8 metres.  The building will contain 15,490 square metres of academic, administration and retail space in the base building and an additional 10,",270 CHURCH ST,13,0,26269,26269,0,
321,Built,12 298093 STE 28 SA,2012-12-27,To construct a new 40 storey office tower to replace the existing 100 Adelaide Street West heritage building and the 7 storey parking garage to the north.  The new 40 storey office tower will include 5 levels of underground parking and loading facilities,100 ADELAIDE ST W,10,0,86960,86960,0,
322,Built,19 242750 WET 05 SA,2019-10-29,Proposal for a 2-storey addition  to the existing school (George Syme Community School). The addition would contain child care facilities and classrooms. Landscaping and play area alterations are proposed for the western portion of the site (around the a,69 PRITCHARD AVE,5,0,1168,1168,0,http://app.toronto.ca/AIC/index.do?folderRsn=MhEhgiVzC0VAdFyg1U%2BwhA%3D%3D
323,Under Review,22 131961 STE 09 OZ,2022-04-07,"Official Plan and Zoning By-law amendment application to facilitate the redevelopment on the site for a 39-storey mixed-use building having a non-residential gross floor area of 8467 square metres, and a residential gross floor area of 127,228 square met",77 UNION ST,9,127228,8467,135695,1951,http://app.toronto.ca/AIC/index.do?folderRsn=C9%2BY8fcbRabLIbU66TbpIw%3D%3D
324,Under Review,22 137892 STE 13 OZ,2022-04-25,"Zoning By-law Amendment application for a mixed use building ranging in height from 7 to 13-storeys, with a 31-storey tower located at the south-west corner of the site. The proposed development includes 859 dwelling units, 963 square metres of commercia",495 FRONT ST E,13,62981,963,63944,859,http://app.toronto.ca/AIC/index.do?folderRsn=cphygqW1qbcTFwLPcCuFCg%3D%3D
325,Under Review,21 249631 STE 12 OZ,2021-12-17,Zoning By-law Amendment application to permit a 49-storey mixed use building with 340 residential units.,1 ST CLAIR AVE W,12,26270,394,26664,340,http://app.toronto.ca/AIC/index.do?folderRsn=9530hi6QJ3cJUK7%2FIpVJKg%3D%3D
326,Under Review,21 172691 STE 10 OZ,2021-06-18,Application to Amend the Zoning By-law to permit the redevelopment of the site at 555 Richmond Street West.  The existing 12-storey office building fronting Richmond Street will be retained and a new 16-storey residential rental building with retail uses,555 RICHMOND ST W,10,11461,179.9,11640.9,139,http://app.toronto.ca/AIC/index.do?folderRsn=tW7tmaIMmyGXFt0lKtdspw%3D%3D
327,Built,19 205241 ESC 25 SA,2019-08-13,"Site Plan Control Application to permit a new 5-storey self-storage facility on an existing commercial plaza parking lot.  The total gross floor area is 12,705 square metres and 11 parking spaces are proposed on site.",801 MILNER AVE,25,0,12705,12705,0,http://app.toronto.ca/AIC/index.do?folderRsn=CocBR6CfxL%2FUjTWckBkeBQ%3D%3D
328,Under Review,22 138740 STE 10 OZ,2022-04-26,Zoning By-law Amendment for a 23-storey (98.6 metres including the mechanical penthouse) non-residential building with retail at-grade and office above. The listed heritage property at 460 King Street West is proposed to be retained while the facade of t,460 KING ST W,10,0,41665,41665,0,http://app.toronto.ca/AIC/index.do?folderRsn=Ljp44Qv9zPpS4J%2FwpENZEQ%3D%3D
329,Under Review,22 139831 WET 03 OZ,2022-04-28,"The proposal contemplates a 10-storey building containing 175 dwelling units. The proposal contains a total gross floor area (GFA) of 12,517m2. It also contains 350m2 of indoor and 356m2 of outdoor amenity space, which will be provided on the ground floo",1048 ISLINGTON AVE,3,12157,0,12157,175,http://app.toronto.ca/AIC/index.do?folderRsn=dRyuBhjQuISTrzs%2FRQXL4g%3D%3D
330,Under Review,22 139459 WET 03 OZ,2022-04-28,"Proposed development of a 7 storey mixed use building, comprised of residential amenity and retail uses at grade and six storeys of residential.",2947 BLOOR ST W,3,9073,739,9812,126,http://app.toronto.ca/AIC/index.do?folderRsn=mUJs3HUg62WDJxqwQ8w2QQ%3D%3D
331,Built,12 146486 NNY 23 OZ,2012-03-30,"Original proposal for a 4-storey, 70 unit residential development with 68 underground parking spaces. Application has been appealed to the OMB and has been revised in accordance with the following: a reduction in the number of units from 70 to 42 and a s",57 FINCH AVE W,18,5312,0,5312,42,http://app.toronto.ca/AIC/index.do?folderRsn=lsko6zUH%2Bx5VGffNwzCF6w%3D%3D
332,Built,11 317628 NNY 24 OZ,2011-11-29,"6/8 storey, 15,603 square metre mixed use development  comprising 163 dwelling units with 1,806 square metres of ground floor retail space and 193 parking spaces in a two level  underground parking garage.",2 CUSACK CRT,17,13928.2,1670.8,15599,195,
333,Active,17 222637 NNY 15 OZ,2017-08-24,"Please see revised proposal made on January 4, 2022.  Two buildings of stacked townhouse units comprising a total of 25 condominium units and 2748.30m2  of gross floor area and 28 surface parking spaces at grade.  The proposed floor space index is approx",579 LAWRENCE AVE W,8,2748.3,0,2748.3,25,http://app.toronto.ca/AIC/index.do?folderRsn=OCeiLS82f1HqPMbQYfryHQ%3D%3D
334,Active,18 126273 STE 18 SA,2018-03-07,Site Plan Control application proposing to demolish the existing public high school and construct a new public high school. This is a seperate application from the Subdivision and Official Plan / Zoning Amendment application for a large-scale mixed-use r,90 CROATIA ST,9,0,10262,10262,0,http://app.toronto.ca/AIC/index.do?folderRsn=Tittb0KrMabek8s84zyY3w%3D%3D
335,Under Review,20 114224 NNY 06 OZ,2020-02-10,"Zoning Bylaw Amendment application to permit 3, 14-storey mixed use towers and a 13-storey office building. The proposal includes a total of 818 residential units, and 3,239sqm of retail space. The proposed development has a combined Gross Floor Area of",1285 FINCH AVE W,6,51215.3,15481.8,66697.1,803,http://app.toronto.ca/AIC/index.do?folderRsn=P6VYxrfHH5T31VYPVadoLg%3D%3D
336,Active,18 125163 STE 20 OZ,2018-03-06,"Zoning By-law Amendment application to permit the redevelopment of the site with a mixed-use building comprised of 12 storeys fronting King Street West containing ground floor retail and office uses above, and a 15-storey residential building fronting Mo",544 KING ST W,10,5459.8,15500.9,20960.7,95,http://app.toronto.ca/AIC/index.do?folderRsn=%2F2X9VCfqLeQFfHDGxs7ffQ%3D%3D
337,Built,11 295873 STE 27 OZ,2011-10-20,"Rezoning application to permit the redevelopment of the lands for a new mixed use building comprised of one tower and a slab 16 storey base building that transitions to fourteen and then 4 storeys along George Street.  767 Residential units are proposed,",200 DUNDAS ST E,13,54085,2450,56535,1020,
338,Built,19 215475 WET 07 SA,2019-09-03,Proposed restaurant with a drive-through.,4915 STEELES AVE W,7,0,201.1,201.1,0,http://app.toronto.ca/AIC/index.do?folderRsn=dBhRFLFxD9bfBVmmgf6qow%3D%3D
339,Under Review,22 142698 ESC 20 SA,2022-05-05,Site Plan  for a new 2 storey multi-purpose hall.,2740 KINGSTON RD,20,0,419.2,419.2,0,http://app.toronto.ca/AIC/index.do?folderRsn=TywojYtiNhQ96TIA9jsmPw%3D%3D
340,Built,12 133580 STE 27 OZ,2012-03-07,Official Plan and Zoning by Law Amendment application to permit the re-development of the lands for the purposes of a new mixed use building. The application proposes to retain the front portion of the existing heritage building (Bank Building) on the pr,197 YONGE ST,13,47827.24,980.52,48807.76,695,
341,Under Review,22 143093 ESC 21 SA,2022-05-06,"Site Plan Application for a 6-storey residential building having a gross floor area of 2123.7 square metres, and containing 27 residential dwelling units.",1641 VICTORIA PARK AVE,21,2123.7,0,2123.7,27,http://app.toronto.ca/AIC/index.do?folderRsn=OotXHyPCOQGzB0fJncA%2F2A%3D%3D
342,Active,15 158919 ESC 35 OZ,2015-05-19,"The application proposes the redevelopment of the subject site with a 10-storey (220 units) mixed-use building fronting Danforth Road, the extension of Dairy Drive and Bamblett Drive through the proposed 16.5-metre public street, three blocks of stacked",250 DANFORTH RD,20,24784,140,24924,311,http://app.toronto.ca/AIC/index.do?folderRsn=XghoKlW44C2SaCKqciJ8lg%3D%3D
343,Active,21 125257 ESC 23 OZ,2021-03-10,Proposed development comprising of  22 back-to-back townhouses for a total of 44 units located on the southern portion.,125 MONTEZUMA TRL,23,5185,0,5185,44,http://app.toronto.ca/AIC/index.do?folderRsn=jx7eaYgRjr2B2vubg%2FWjnA%3D%3D
344,Under Review,22 145504 STE 14 SA,2022-05-11,"Site Plan Application to convert existing church to a 4-storey, 26-unit apartment building.",17 RHODES AVE,14,2331.91,285.87,2617.78,26,http://app.toronto.ca/AIC/index.do?folderRsn=qz5RfTzjbGEAT%2Brmdw3WTw%3D%3D
345,Built,15 113777 STE 28 OZ,2015-02-09,"Proposed 25 storey mixed-use building containing street related retail uses and residential uses above. A residential gross floor area of 17,981 square metres is proposed with 620 square metres of grade-related retail uses. The building will contain a to",53 ONTARIO ST,13,17850,650,18500,273,
346,Built,13 223368 STE 27 OZ,2013-08-20,Revised Proposal through OMB mediation 10 storey mixed use building with 70 residential dwelling units.,143 AVENUE RD,11,7313.46,379.65,7693.11,70,
347,Under Review,22 146296 STE 14 OZ,2022-05-12,"Rezoning for proposed 10-storey mixed-use building having a non-residential gross floor area of 423.63 square metres, and a residential gross floor area of 4,076 square metres. 57 rental residential dwelling units are proposed.",975 DANFORTH AVE,14,4076.49,423.63,4500.12,57,http://app.toronto.ca/AIC/index.do?folderRsn=KFxh9N45YdMEHucXlotWSg%3D%3D
348,Built,16 211488 WET 05 SA,2016-08-23,"To permit three mid-rise residential buildings (one 7-storey, one 6 to 8-storeys, and one 10-storey building), the continuation of the new private road and publicly accessible open space.  A total of 401residential units and 36697 sqm of gross floor area",144 BERRY RD,3,36697,0,36697,401,http://app.toronto.ca/AIC/index.do?folderRsn=0kw5N%2F9PIsYxRTWfmzbSuw%3D%3D
349,Under Review,19 158942 STE 11 SA,2019-05-24,Existing 2 semi-detached dwellings and detached garage to be demolished and construct new 4 townhomes with parking at grade accessed through a public lane.,68 LIPPINCOTT ST,11,664.1,0,664.1,4,http://app.toronto.ca/AIC/index.do?folderRsn=tFwiimuKZIaQ6%2BK9X9wNsg%3D%3D
350,Under Review,17 168973 NNY 15 OZ,2017-05-30,"A Development Application has been submitted to amend the Official Plan and Zoning By-law to allow for a long-term, mixed use plan for the entire Yorkdale Shopping Centre site. The original application included three conceptual block master plan options",3401 DUFFERIN ST,8,347143,99400,446543,5126,http://app.toronto.ca/AIC/index.do?folderRsn=IibxmjDbvGQWUwX%2BzuW5Hw%3D%3D
351,Built,17 278788 ESC 42 OZ,2017-12-22,"Construct gas station, car wash, 5 retail blocks, retail uses",2130 MORNINGSIDE AVE,25,0,3187.9,3187.9,0,http://app.toronto.ca/AIC/index.do?folderRsn=aN%2FRx1iPVmpOaP8HsWT%2B%2BA%3D%3D
352,Under Review,20 219677 STE 09 SA,2020-11-18,"Proposal to construct a  5-storey mixed-use building with 19 residential dwelling units (1,872.17 m2 of residential gross floor area) and commercial space on the ground floor  (190.83 m2 of non-residential gross floor area). Four parking spaces are propo",1921 DAVENPORT RD,9,1654,190.83,1844.83,19,http://app.toronto.ca/AIC/index.do?folderRsn=CvvYi4n9WzPuha6B8joGXw%3D%3D
353,Built,17 123780 STE 32 SA,2017-03-02,"Construct a 4-storey, 4,099 sq.m. self-storage building with 16 on-site parking spaces.",2 KELVIN AVE,19,0,13501.3,13501.3,0,http://app.toronto.ca/AIC/index.do?folderRsn=qRx1alsHgONoBXmtdlBypg%3D%3D
354,Built,15 270190 STE 27 SA,2015-12-29,The proposed development is for a 28 storey mixed-use building containing 407 residential units and approximately 810 square metres of retail uses located at grade and fronting Shuter Street. The proposed development is Phase 1 of a larger multi-phased d,30 MUTUAL ST,13,24634,810,25444,407,http://app.toronto.ca/AIC/index.do?folderRsn=Q7EKdgxpV4vs2h9N3y2c4g%3D%3D
355,Built,15 192495 WET 02 OZ,2015-07-17,This application proposes to amend the new City of Toronto Zoning By-law 569-2013 and Site Specific Zoning By-law No. 1989-78 to permit the redevelopment of the lands at 50 Humberwood Boulevard (abutting the Humber River valleylands) with a twelve buildi,50 HUMBERWOOD BLVD,1,25633,0,25633,126,
356,Active,07 143093 STE 28 OZ,2007-04-05,"Proposed Mixed Use Development with 125,000 square metres of gross floor area, including two towers (130 metres and 151 metres), an addition above the existing Victory Soya Mills Silo, and mid rise buildings and a public promenade along the Keating Chann",351 LAKE SHORE BLVD E,10,113600,11400,125000,1593,
357,Built,15 216041 WET 06 OZ,2015-09-10,Proposing two blocks of three-storey stacked townhouses containing a total of 28 residential dwelling units consisting of one block of 8 stacked townhouse units fronting Marina Avenue and a second block of 20 stacked townhouse units fronting Long Branch,62 LONG BRANCH AVE,3,3300,0,3300,28,http://app.toronto.ca/DevelopmentApplications/associatedApplicationsList.do?action=init&folderRsn=3816910&isCofASearch=false
358,Under Review,22 151908 STE 09 SA,2022-05-26,Proposed development consists of a six (6) storey mixed-use building including 58.4 square metres of commercial space at grade and 5 residential dwelling units above totaling 982.48 square metres. Proposed pedestrian access to the commercial unit is prop,833 COLLEGE ST,9,982.48,58.4,1040.88,5,http://app.toronto.ca/AIC/index.do?folderRsn=Rm%2B33rLXfMLJU2oE%2Fk%2F0YA%3D%3D
359,Built,17 228689 NNY 23 SA,2017-09-06,"One storey addition - visitation room with access to an exterior patio area, new storage space and corridor connections to the existing York Cemetery",101 SENLAC RD,18,0,297,297,0,http://app.toronto.ca/DevelopmentApplications/associatedApplicationsList.do?action=init&folderRsn=4240970&isCofASearch=false
360,Built,12 107447 STE 20 OZ,2012-01-17,"Proposal for a 48 storey tower. The building contains retail at grade with 175 square metres of non residential gross floor are and 29,055 sqaure metres of residential gross floor area.  The building will contain 372 residential units above and 112 parki",283 ADELAIDE ST W,10,29161.2,166.8,29328,366,
361,Under Review,22 155555 STE 11 OZ,2022-06-01,"Official Plan and Zoning By-law Amendment application to permit an 18-storey mixed-use building for Ronald McDonald House Charities (RMHC), containing 23,625 square metres of residential gross floor area (200 bed-sitting rooms) and 1,310 square metres of",240 MC CAUL ST,11,0,24908,24908,0,http://app.toronto.ca/AIC/index.do?folderRsn=qovZwBqtstwf%2Fa3W23%2BLsA%3D%3D
362,Active,16 161250 STE 28 OZ,2016-05-25,"Proposal for a new 19-storey mixed-use building next to the existing Berkeley Church, containing 150 dwelling units and 1,066 square metres of non-residential gross floor area.",301 QUEEN ST E,13,10298,981,11279,144,http://app.toronto.ca/AIC/index.do?folderRsn=UhFX4lmZ%2FjAoKh%2BbCWCdwA%3D%3D
363,Active,17 137298 NNY 34 SA,2017-03-31,"To permit the construction of a two-storey addition to the existing Bayview Glen private school, to house the recreation facilities that are currently outdoors.",275 DUNCAN MILL RD,16,0,2358,2358,0,http://app.toronto.ca/DevelopmentApplications/associatedApplicationsList.do?action=init&folderRsn=4131093&isCofASearch=false
364,Active,21 249716 STE 10 OZ,2021-12-17,"Zoning by-law amendment application to facilitate the redevelopment of the site with a 61-storey, 188.3 metre tall  (196.8 metres including the mechanical penthouse) mixed-use building. A total of 813 dwelling units are proposed along with ground floor r",254 ADELAIDE ST W,10,50676,1800,52476,813,http://app.toronto.ca/AIC/index.do?folderRsn=zOJyqrHlXE7p8IRHCZdLhg%3D%3D
365,Built,16 268406 WET 05 OZ,2016-12-19,Proposal for 14 four storey townhouse units (Block 1) oriented to Islington Avenue and two semi - detached dwellings (Block 2) oriented to Chauncey Avenue.,1124 ISLINGTON AVE,3,2775,0,2775,14,http://app.toronto.ca/AIC/index.do?folderRsn=uvOHfCbX647cdkYDBYx2Cg%3D%3D
366,Built,16 137489 STE 21 SA,2016-04-08,To demolish the existing south side addition and to construct a two-storey addition on the south side and rear of the existing Toronto Library (Wychwood) with portion to be used by Wells Hill Lawn Bowling Club (private club use).,1433 BATHURST ST,12,0,759.7,759.7,0,http://app.toronto.ca/DevelopmentApplications/associatedApplicationsList.do?action=init&folderRsn=3928679&isCofASearch=false
367,Under Review,18 199082 WET 11 SA,2018-07-24,Site Plan Control application for proposed 410 m2 one-storey daycare addition to the existing three-storey school. The application also proposes to alter the existing play area to include infant/toddler and preschool outdoor play areas.,6 BALA AVE,5,0,410,410,0,http://app.toronto.ca/AIC/index.do?folderRsn=zLtztAWJyN9mW4SVoTGFRA%3D%3D
368,Under Review,22 160113 WET 02 SA,2022-06-10,"The proposed development includes a six-storey and eight mass timber mixed use building, one (six  storey) portion fronting Dundas St W with commercial at grade, the second (eight storey) portion facing the Humber River connected by a corridor at grade.",4160 DUNDAS ST W,2,2675,40,2715,23,http://app.toronto.ca/AIC/index.do?folderRsn=HKH%2FbkD0KqzSf4BIY4gkXQ%3D%3D
369,Active,19 249699 STE 13 OZ,2019-11-15,"Official Plan and Zoning By-law Amendment Application for a proposed 30-storey mixed-use building comprised of 165 residential dwelling units, 2096 square metres of non-residential floor area and 222 below grade bicycle parking spaces.",335 YONGE ST,13,12203,2096,14299,165,http://app.toronto.ca/AIC/index.do?folderRsn=DDto%2B2GiIua%2FeIqYQIxzGQ%3D%3D
370,Built,16 259400 NNY 15 SA,2016-12-02,Proposal for a four storey self storage building.,55 BRIDGELAND AVE,8,0,12541.9,12541.9,0,http://app.toronto.ca/DevelopmentApplications/associatedApplicationsList.do?action=init&folderRsn=4071347&isCofASearch=false
371,Active,17 188558 STE 22 OZ,2017-06-27,To construct an 11-storey addition on the east side of the existing 13-storey rental apartment building.  The existing building contains 148 dwelling units; the proposed adddition contains 96 dwelling units.,368 EGLINTON AVE E,15,5045.46,0,5045.46,76,http://app.toronto.ca/AIC/index.do?folderRsn=kI%2FZ%2Bnx6bHgCWxsn6N2npg%3D%3D
372,Built,10 239490 STE 20 OZ,2010-08-13,"Rezoning application to permit construction of new 25-storey mixed use building, with retail and academic services at grade and an academic residence above.  Original application was for a 42-storey academic residence.",245-247 COLLEGE ST,11,0,31701.3,31701.3,0,
373,Under Review,21 251380 NNY 18 OZ,2021-12-24,"Official Plan and Zoning by-law Amendment application for a 9-storey mixed-use building having a non-residential gross floor area of 140 square metres, and a residential gross floor area of 2839 square metres.  33 residential dwelling units are proposed.",307 SHEPPARD AVE W,18,2839,140,2979,33,http://app.toronto.ca/AIC/index.do?folderRsn=aRBYiNfqIqs9s8JkypCXhw%3D%3D
374,Active,21 124036 NNY 08 OZ,2021-03-07,This is a Zoning Bylaw Amendment application to permit a 9 storey building with 101 residential units including and 400 m2 retail on the ground floor. The proposal includes 23 resident parking spaces and 107 bicycle parking spaces. The loading and the pa,2116 EGLINTON AVE W,8,7049.69,401.56,7451.25,101,http://app.toronto.ca/AIC/index.do?folderRsn=DAG1DBBhuomsi2MxptYYLw%3D%3D
375,Active,20 166437 NNY 15 OZ,2020-07-13,"1) Zoning By Law Amendment application to permit a 4-storey, 14 unit residential apartment building with 8 parking spaces and a proposed FSI of 1.25 times the lot area.  2) October 1, 2021: Revised Zoning By-law Amendment application to permit a 4-storey",357 ROEHAMPTON AVE,15,1422.8,0,1422.8,14,http://app.toronto.ca/AIC/index.do?folderRsn=Rny7hmPY6c8YUiYGTE4QTQ%3D%3D
376,Active,20 230587 STE 09 OZ,2020-12-18,"Proposal for the development of  31-storey and 33-storey towers atop a podium which varies in height from 4-7storeys.  The proposed non-residential gross floor area is 1200 square metres, and the proposed residential gross floor area is 59238 square metr",1319 BLOOR ST W,9,59238,1200,60438,799,http://app.toronto.ca/AIC/index.do?folderRsn=g9gIAQZYjR4sKsvF99amyw%3D%3D
377,Built,16 271518 STE 20 SA,2016-12-29,"PARCEL B: Site Plan Approval for proposed mixed-use building: 27 storeys, with retail uses on the ground floor at Bedford and Davenport.",250 DAVENPORT RD,11,26269.45,209,26478.45,281,http://app.toronto.ca/AIC/index.do?folderRsn=gfEGX2%2BA15XvPHYNbskRIA%3D%3D
378,Active,21 190993 NNY 16 OZ,2021-07-28,"Zoning By-law Amendment application  proposes to develop the site with mixed-use residential buildings, a community use space, child care space, retail space, a public park, and a new public road.",805 DON MILLS RD,16,62712,3879,66591,840,http://app.toronto.ca/AIC/index.do?folderRsn=duj%2FUnDhS72A3%2BYqErc4DA%3D%3D
379,Active,21 190984 NNY 16 OZ,2021-07-28,"Zoning By-law Amendment application proposes to develop the site with mixed-use residential buildings, a new TDSB elementary school, child care space, retail space, a public park, and a new public road.",770 DON MILLS RD,16,87155,7627,94782,1254,http://app.toronto.ca/AIC/index.do?folderRsn=THK1R%2BRgwnW20Wht%2BOYF3Q%3D%3D
380,Under Review,22 163129 NNY 06 OZ,2022-06-16,Proposal for an 11 storey rental apartment building which includes 71 units with  a gross floor area of 5889 square metres.,813 SHEPPARD AVE W,6,5889,0,5889,71,http://app.toronto.ca/AIC/index.do?folderRsn=074AGj7HMx8aap4JfvzIGw%3D%3D
381,Built,18 198574 NNY 10 SA,2018-07-23,"Dec 4, 2019 amended NOAC plans dated Sept 17, 2019 for a 2-storey administration office and visitation centre (Phase 3).  The revised plans reflect a 40 m2 gross floor reduction from NOAC approvs to 1988 m2       The property abuts a public multi-use pub",5830 BATHURST ST,6,0,2983,2983,0,http://app.toronto.ca/AIC/index.do?folderRsn=MjECedw8TyeHw0bVRD10Dw%3D%3D
382,Active,14 266806 STE 22 SA,2014-12-22,Proposal for one storey rear addition to an existing legal non conforming private elementary school - The Mabin School,50 POPLAR PLAINS RD,12,0,440.55,440.55,0,http://app.toronto.ca/AIC/index.do?folderRsn=A%2FQWQcJB2d9AFgf0DDTWTQ%3D%3D
383,Active,19 263839 STE 11 OZ,2019-12-20,"A Zoning By-law Amendment application for a new 59-storey (201.9 metres) mixed-use building. The development proposes to retain the west elevation of the existing 6-storey building in its entirety, as well as a portion of the north and south elevations.",625 CHURCH ST,11,43074,10549,53623,617,http://app.toronto.ca/AIC/index.do?folderRsn=7bfiLGlN4eU%2BFyoCQvJr7w%3D%3D
384,Active,18 156670 WET 07 OZ,2018-05-10,"The proposal is to sever the lot into 5 new residential lots and construct a single detached dwelling on each of the new lots.  The existing single family detached dwelling would be demolished.  The property is within the Natural Heritage System, TRCA Re",2996 WESTON RD,7,1175,0,1175,5,http://app.toronto.ca/AIC/index.do?folderRsn=8pURNUWcdpQh5q%2Br9peGsA%3D%3D
385,Active,17 255293 NNY 33 OZ,2017-10-30,"Zoning Bylaw Amendment application to permit the redevelopment of the property with two principal development sites (North and South), including a new road and new public park.",2450 VICTORIA PARK AVE,17,62430,6203,68633,1029,http://app.toronto.ca/AIC/index.do?folderRsn=MUKtZjWhFHG2sLVwTs3xuA%3D%3D
386,Built,12 245092 WET 05 OZ,2012-09-12,"Proposal for three residential apartment buildings (35, 38 and 45 storeys) containing 1,218 unitson a 3 storey podium on former TTC commuter parking lot for Islington Subway Station.  A total of 1,236 parking spaces, including visitor parking is proposed",64 CORDOVA AVE,3,91565,610,92175,1219,
387,Active,20 189124 STE 11 OZ,2020-09-02,"Official Plan and Zoning By-law Amendment application to permit a 10-storey mixed-use building, containing 64 dwelling units and 2,200 square metres of non-residential gross floor area. The proposal includes heritage conservation on the site. The Officia",1140 YONGE ST,11,15717,1930,17647,64,http://app.toronto.ca/AIC/index.do?folderRsn=xQ4aWxIZwq4WWuR%2FCvlK%2Fg%3D%3D
388,Built,13 138607 STE 27 OZ,2013-03-21,"Original rezoning application submitted for a mixed-use development consisting of two residential towers at 45 and 54 storeys in height with a 9-10 storey podium. The development proposes a total gross floor area of 90,700 square metres and will feature",11 WELLESLEY ST W,13,46194,5500,51694,740,
389,Under Review,22 168547 NNY 18 OZ,2022-06-27,"Official Plan Amendment and Rezoning Application for the 3rd phase of the Newtonbrook Plaza development. Proposal consisting of a 38-storey mixed-use tower with 496 dwelling units. Total gross floor area of 38,997.0 square metres, consisting of 34,782.0",5915 YONGE ST,18,34781.6,4215.3,38996.9,496,http://app.toronto.ca/AIC/index.do?folderRsn=X3vxwMaZOK7F6N%2B7MsTZvw%3D%3D
390,Active,13 247159 WET 05 OZ,2013-10-07,Proposed amendments to the Etobicoke Zoning Code and Zoning By-law 569-2013 to permit three  27-storey residential buildings with ground floor retail uses as the first phase of the redevelopment of the larger site (FIMA lands).,1750 THE QUEENSWAY,3,159857,0,159857,2135,
391,Built,12 236896 STE 20 OZ,2012-08-28,Rezoning application for a 55-storey building (total).  Proposes to maintain 18-storey office building and build 37-storeys of residential above. - 453 Residential units - 3 additional levels of underground parking -158 parking spaces.,480 UNIVERSITY AVE,11,38715,0,38715,453,
392,Active,17 277574 NNY 34 OZ,2017-12-20,Zoning Bylaw amendment application to permit a 9 storey residential building containing 106 units and 144 parking spaces in 2 levels of underground parking.  File has been appealed to LPAT (LPAT File No: PL200216). The OLT has issued an interim order. Pl,1460 VICTORIA PARK AVE,16,9996,98,10094,113,http://app.toronto.ca/AIC/index.do?folderRsn=XHKeCeXB5IRVGg3Qe8sPDQ%3D%3D
393,Active,20 171769 NNY 18 SA,2020-07-23,"Site Plan application to permit a 1 storey building, approximately 930m2 in area, ""York Cemetery"". The proposal includes 18 parking spaces, including one accessible parking space.",101 SENLAC RD,18,0,930,930,0,http://app.toronto.ca/AIC/index.do?folderRsn=9%2BXHKvt9RtlTFnC2xEYDTw%3D%3D
394,Under Review,21 210146 STE 14 OZ,2021-09-09,"Official Plan and Zoning By-law amendment to facilitate the development of the site for a 12-storey mixed-use building having a non-residential gross floor area of 794 square metres, and a residential gross floor area of 28,638 square metres.  A total of",21 BROADVIEW AVE,14,28637.9,794,29431.9,340,http://app.toronto.ca/AIC/index.do?folderRsn=u4qF%2BPKWpgdH9r8tPgLnlw%3D%3D
395,Under Review,22 172695 ESC 24 OZ,2022-07-06,"Proposed development of a 9-storey (plus mechanical penthouse) residential development. The proposed development will result in 10,144 m2 of gross floor area, resulting with a Floor Space Index of 3.58 across the Subject Lands.The proposal will consist o",4280-4290 KINGSTON RD,24,9713,431,10144,148,http://app.toronto.ca/AIC/index.do?folderRsn=sGblsj5iRYiYXXD8j3kI7Q%3D%3D
396,Active,12 235950 NNY 10 OZ,2012-08-27,"A proposed nine-storey (with amenity space and mechanical only on the 9th floor) mixed-use, mid-rise building.  There are 80 residential units, 196 square metres of commercial space on the ground floor and 79 parking spaces on three underground levels.",740 SHEPPARD AVE W,6,5366.2,155.1,5521.3,70,
397,Active,19 264479 STE 10 OZ,2019-12-23,"Zoning By-law Amendment to facilitate redevelopment of the site with a new 9-storey, mixed-use building (29.5 metres excluding the mechanical penthouse): 898 square metres of retail space  and 4,917 square metres of residential space containing 76 dwelli",655 QUEEN ST W,10,4903,899,5802,76,http://app.toronto.ca/AIC/index.do?folderRsn=sCi8Ala4uqwjnb7B0H6Ppg%3D%3D
398,Active,16 192792 STE 20 OZ,2016-07-18,"Rezoning application for a 59-storey mixed-use building including retail, office, and residential uses. The project includes 524 dwelling units, 21,728 square metres of office space, 873 square metres of retail, 4 levels of below-grade parking. The exist",100 SIMCOE ST,10,44683,22601,67284,526,http://app.toronto.ca/AIC/index.do?folderRsn=26lvG4MBOjYfvxZZ7oQqpA%3D%3D
399,Under Review,20 153714 STE 12 SA,2020-06-08,"July 2022 Revised Proposal: a 8-storey mixed-use building containing 204.24 square metres of non-residential gross floor area and 3143.86 square metres of residential gross floor area, with one underground level.  A total of 39 residential dwelling units",155 WYCHWOOD AVE,12,3143.86,204.24,3348.1,39,http://app.toronto.ca/AIC/index.do?folderRsn=TkHBIMrVWidfnb%2BGSEpHpA%3D%3D
400,Active,20 226957 WET 07 OZ,2020-12-08,"Zoning By-law Amendment to permit three buildings of 9, 11 and 32 storeys. The proposed development will provide a total of 43,745 m2 (470,867 ft2) of gross floor area, comprised of 42,323 m2 (455,561 ft2) of residential area and 1,422 m2 (15,306 ft2) of",41-75 FOUR WINDS DR,7,41691,1510,43201,547,http://app.toronto.ca/AIC/index.do?folderRsn=rzVYW2lEeozIhb%2Fc0Jt%2FsA%3D%3D
401,Active,17 278384 STE 31 OZ,2017-12-21,"Application to amend the Zoning By-law to permit a retirment home in a 10-storey (38 metres, excluding mechanical penthouse) building with a retail store (887 square metres) at grade. A total of 146 bed-sitting rooms and 53 vehicular parking spaces are p",2494 DANFORTH AVE,19,0,11383,11383,0,http://app.toronto.ca/AIC/index.do?folderRsn=QVIaPEmSd2sziaa7KmF0vw%3D%3D
402,Active,19 229837 NNY 06 OZ,2019-10-01,The revised application proposes to amend the zoning by-laws to permit a 16-storey rental residential building with a 3-storey addition connecting to the existing 12-storey residential building and a single 'L' shaped block of 3-storey townhouses. The re,5950 BATHURST ST,6,20400,0,20400,259,http://app.toronto.ca/AIC/index.do?folderRsn=GN7n8%2FXS%2BjT2BzVOcRlhzA%3D%3D
403,Active,08 102445 NNY 23 OZ,2008-01-11,"A proposal has been resubmitted for a 4-storey, 36 unit stacked residential townhouse development with an FSI of 1.85 at the subject lands known as 228, 230, and 232 Finch Avenue West.  A total of 47 parking spaces are proposed on a one-level underground",228 FINCH AVE W,18,3589.13,0,3589.13,36,http://app.toronto.ca/AIC/index.do?folderRsn=WstUNGf0QSS6gZUy%2B3mrEw%3D%3D
404,Active,19 219985 WET 05 OZ,2019-09-12,"Proposal for two residential towers with heights of 35-storeys and 29-storeys, including a 3 to 8-storey podium with three levels of parking below grade. A total of 733 residential units are proposed A total of 3,374 sq m of non-residential space is prop",1956 WESTON RD,5,52077,3674,55751,733,http://app.toronto.ca/AIC/index.do?folderRsn=3DNd3O3YQQb9TcIfKx294A%3D%3D
405,Built,12 162027 STE 27 OZ,2012-04-26,Rezoning application to permit a 33 storey mixed-use building including a four storey base building containing ground floor retail uses and three storeys of office space. The proposal includes 337 residential units and 164 parking spaces in four levels o,355 CHURCH ST,13,21254.52,3459.6,24714.12,337,
406,Built,12 298600 STE 29 OZ,2012-12-31,Louisville Homes Ltd. proposes to construct a four-storey apartment building comprising four  townhouses and 15 apartment units along with 14 car parking spaces and 16 bicycle  spaces. The property is proposed to be rezoned from R2A to R2A.44. Louisville,120 DONLANDS AVE,14,1772,0,1772,17,
407,Built,12 146382 STE 22 OZ,2012-03-30,Rezoning application for construction of new residential building - 2 towers - 38 stories each connect by a 8 storey podium - 7 levels below grade parking - 366 parkingspaces - 912 residential units.,95 BROADWAY AVE,12,57038.6,0,57038.6,952,
408,Active,21 139658 STE 09 OZ,2021-04-13,"Proposal for an 18-storey, inclusive of a 6-storey podium, mixed-use building with a tota GFA of 14,635 square metres. A total of 197 residential dwelling units are proposed, of which, 17 will be rental units.",1423 BLOOR ST W,9,14272.1,361.9,14634,197,http://app.toronto.ca/AIC/index.do?folderRsn=TGX1j%2F8r2ZjQbwau5Nrg8g%3D%3D
409,Active,19 239929 STE 13 OZ,2019-10-23,Zoning By-law Amendment Application for a proposed 59-storey addition atop the eastern portion of the existing 10-storey office building. The total height will be 69-storeys. Proposed 538 residential units in the addition,483 BAY ST,13,39022,5859,44881,538,http://app.toronto.ca/AIC/index.do?folderRsn=mc3RN9CEVoQu%2FxoMWib7Yw%3D%3D
410,Active,16 198341 NNY 15 SA,2016-07-28,Proposal by the Toronto Parking Authority for the laying out of a 24 space at-grade commercial parking lot with access from Eglinton Avenue West and Caledonia Road.,2204 EGLINTON AVE W,8,0,0,0,0,http://app.toronto.ca/AIC/index.do?folderRsn=4000448
411,Under Review,22 179753 ESC 25 OZ,2022-07-20,"Proposal for a 13-storey mixed-use buildings with 483 residential units, a total GFA of 31,076.6 m2. The proposed retail gross floor area is 665.4 square metres, and the proposed residential gross floor area is 30,411.2 square metres. The project propose",4674 KINGSTON RD,25,30411.15,665.4,31076.55,483,http://app.toronto.ca/AIC/index.do?folderRsn=HjHPy9HC1sedenhFdey1Sw%3D%3D
412,Active,20 122745 WET 07 OZ,2020-03-05,"A revised Zoning By-law amendment  and Draft Plan of Subdivision  to re-develop the site with 8 new blocks, 6 new  buildings,  a community centre, a public park, public roads and private driveways.  The buildings would range in height from 4 storeys to 2",3 MARSH GRASSWAY,7,105258,4568,109826,991,http://app.toronto.ca/AIC/index.do?folderRsn=F12St20GD1GsMuS7ZindVw%3D%3D
413,Active,18 196225 STE 28 OZ,2018-07-18,The application to amend the Zoning By-law proposes two new buildings for the property at 333-351 King Street East & 200 Front Street East. The proposed development includes a 37-storey residential building (140 metres tall) on the west side of the site,333 KING ST E,13,22623,64036,86659,310,http://app.toronto.ca/AIC/index.do?folderRsn=VNYwptO%2FOBC16Rx10lGYfA%3D%3D
414,Active,21 179621 STE 12 OZ,2021-07-05,Zoning By-law Amendment and Site Plan Application for a 35-storey mixed-use building comprised of a 6-storey base building and a 29-storey tower element.  The proposed non-residential gross floor area is 287 square metres and the proposed residential gro,758 MOUNT PLEASANT RD,12,31966,287,32253,487,http://app.toronto.ca/AIC/index.do?folderRsn=Sr4JlWhqApZTi2bPCF1uNA%3D%3D
415,Active,21 175955 STE 13 OZ,2021-06-25,"Official Plan and Zoning By-law amendment for a 12-storey (42-metre) mixed-use building that would be integrated into retained portions of the existing place of worship on the lot. 3086 square metres of community space are proposed, and 100 rental reside",355 SHERBOURNE ST,13,7942.3,1458,9400.3,100,http://app.toronto.ca/AIC/index.do?folderRsn=SbXUwgVmSbjAaa6I%2FUlE4g%3D%3D
416,Active,21 144179 STE 14 OZ,2021-04-21,Proposal for a 3- to 4-storey townhouse block comprised of 7 residential dwelling units.  The proposed residential gross floor area is 1226 square metres.,46 LAING ST,14,1217.2,0,1217.2,7,http://app.toronto.ca/AIC/index.do?folderRsn=sJC68Omvd9vhmG%2BhsL2zUw%3D%3D
417,Active,18 150984 STE 20 OZ,2018-04-30,"Zoning By-law Amendment to facilitate redevelopment on the lands municipally known as 250 University Avenue for a 54-storey mixed-use building. The project consists of a mix of 495 residential units, 669 sq. m. of retail space, 12,463 sq. m of office spa",250 UNIVERSITY AVE,10,34980,0,34980,512,http://app.toronto.ca/AIC/index.do?folderRsn=YpWryXVnW%2B63f5xFiNRoSw%3D%3D
418,Active,17 159868 STE 20 OZ,2017-05-15,"Zoning By-law Amendment to permit a 48-storey mixed use building containing a 5-storey podium and 4 levels of underground parking. Proposed development contains 369 residential dwelling units, 564 sq.m of ground floor retail space and 6,041m2 of office f",14 DUNCAN ST,10,26601.8,6765.4,33367.2,369,http://app.toronto.ca/AIC/index.do?folderRsn=GDhBUo6UD4V9gpfo9YZsbQ%3D%3D
419,Built,14 110001 WET 12 OZ,2014-01-28,"Proposed amendments to former City of North York Zoning By-law No. 7625 and City of Toronto Zoning By-law No. 569-2013 to permit the development of 40 street-related townhouse units, 46 semi-detached dwellings and two detached dwellings for a total of 88",1780 LAWRENCE AVE W,5,23438,0,23438,88,http://app.toronto.ca/AIC/index.do?folderRsn=fe282nMCch6wUwWMsp1RsQ%3D%3D
420,Active,16 159562 STE 28 OZ,2016-05-20,"Rezoning application to permit  a 33-storey mixed use office and residential building with ground floor retail. The proposal include 219 residential rental units, 10,1871 square metres of non-residentail space, 77 parking spaces in a 5-level underground",34 KING ST E,13,14897,8167,23064,219,http://app.toronto.ca/AIC/index.do?folderRsn=2rCJ1xO6gpNyOk8cDAxHLA%3D%3D
421,Built,15 257257 ESC 36 SA,2015-11-26,"Proposed 7-storey mid-rise residential building containing a total GFA of 4,377 m2 with a density of 3.06 FSI. A total of 41 units including 6 ground level units, four of which front Kingston Rd. A total of 45 vehicular parking spaces and 31 bicycle spac",1390 KINGSTON RD,20,4377,0,4377,41,http://app.toronto.ca/DevelopmentApplications/associatedApplicationsList.do?action=init&folderRsn=3865352&isCofASearch=false
422,Active,21 138295 NNY 06 OZ,2021-04-09,Zoning bylaw Amendment application to permit the proposal for a 12-storey mixed use building on the south-east portion and a 3-storey semi-detached building in the south-west corner of the Subject Lands. The proposed residential building will front onto,2808 KEELE ST,6,24387,0,24387,337,http://app.toronto.ca/AIC/index.do?folderRsn=3ZVg2hbqNxjHkWjg10UXVw%3D%3D
423,Active,20 169194 STE 09 OZ,2020-07-17,"Proposal for a 29-storey mixed-use building, including a 6-store base building. This redevelopment would result in a total gross floor area 24410 square metres, including 1960square metres of commercial office space and 321 residential units.",290 OLD WESTON RD,9,22450,1960,24410,321,http://app.toronto.ca/AIC/index.do?folderRsn=mXmi5EnvFDEVVbaSCAJeVg%3D%3D
424,Under Review,19 264619 WET 01 OZ,2019-12-24,"An application for an Official Plan Amendment and Zoning By-law Amendment for a maximum 6-storey terraced mixed-use building.  The building would contain 68 units including 6,341 sq/m of residential and 153 sq/am of commercial gross-floor-area (GFA).  A",2630 KIPLING AVE,1,6341,153,6494,68,http://app.toronto.ca/AIC/index.do?folderRsn=PkBJdELZRYV%2BiS9mcYj%2BVQ%3D%3D
425,Active,12 142290 WET 06 OZ,2012-03-23,"Proposes to amend the Official Plan and Site Specific Zoning By-law 1994-197 to permit a two-storey commercial building (fronting Lake Shore Boulevard West), an 8-storey residential building (fronting Anne Craig Drive) and a 43-storey mixed use building",0 LAKE SHORE BLVD W,3,35200,1620,36820,540,
426,Active,20 227227 NNY 18 OZ,2020-12-08,"Official Plan and Zoning By Law Amendment application to permit a 32 storey residential building for a total of 329 propsoed dwelling units and 19,877 sqm of residential gross floor area and 250.50 of retail gross floor area.",5203 YONGE ST,18,18430.6,238.4,18669,268,http://app.toronto.ca/AIC/index.do?folderRsn=orVAhBH9ST991WR8R0MESw%3D%3D
427,Under Review,19 254711 WET 05 OZ,2019-11-27,"The applicant is proposing a 45-storey mixed use building with a 7-storey podium, containing 485 residential units and approximately 265 square metres of retail use at-grade. Three levels of underground parking are proposed with vehicular entry to the si",1821-1823 WESTON RD,5,35241,265,35506,485,http://app.toronto.ca/AIC/index.do?folderRsn=1f5vBOzvm0LjrU4cprvBog%3D%3D
428,Built,15 209675 STE 20 OZ,2015-08-19,"Redevelopment of a 620 square metre (0.15 acre) property located on the southeast corner of Camden Street and Brant Street, municipally known as 49 and 51 Camden Street (the subject site), for a 13-storey hotel with a partially integrated mechanical pent",49 CAMDEN ST,10,0,7859.1,7859.1,0,http://app.toronto.ca/AIC/index.do?folderRsn=nYkZab4ciFxSfB%2FbiANoug%3D%3D
429,Built,15 129628 STE 32 OZ,2015-03-19,"Proposal for a 6-storey mixed-use building with 88 residential units.  A total of 55 parking spaces are proposed in an underground parking garage.  Revised proposal includes 1624, 1628, and 1630 Queen Street East.",1630 QUEEN ST E,19,7453,659.25,8112.25,89,
430,Active,18 225083 STE 28 OZ,2018-09-13,Zoning By-law Amendment application to permit a 39-storey building with 440 dwelling units and 500 square metres of retail space.,133 QUEEN ST E,13,29500,500,30000,440,http://app.toronto.ca/AIC/index.do?folderRsn=%2BOqNRiLyUd5GhXb9pa4eBg%3D%3D
431,Built,16 271502 STE 20 SA,2016-12-29,PARCEL A: Site Plan Approval for proposed 13- unit apartment block (TCHC),250 DAVENPORT RD,11,950,0,950,13,http://app.toronto.ca/AIC/index.do?folderRsn=QCOjY%2BAPgU%2Fys1ttMQ%2FaLw%3D%3D
432,Active,15 136961 STE 20 OZ,2015-04-07,"Revised plans in support of a proposal to construct three mixed-use towers.  Two towers of 59 & 57-storeys are proposed on the north parcel and one tower of 26-storeys is e proposed on the south parcel.  A total of 1922 units are proposed along with 3,58",400 FRONT ST W,10,142036.51,2765.88,144802.39,2226,http://app.toronto.ca/AIC/index.do?folderRsn=9l3DnSg4wLtql8FYWqBGJQ%3D%3D
433,Active,17 262422 WET 07 OZ,2017-11-14,Amendments to the Emery Village Secondary Plan and Zoning By-law for a 11-storey mixed use condominium building and an 6-storey mixed use seniors building.,2370 FINCH AVE W,7,14442,209,14651,192,http://app.toronto.ca/AIC/index.do?folderRsn=K9BS%2B0ocLE4RH41KnIvG8Q%3D%3D
434,Under Review,22 188062 STE 09 OZ,2022-08-09,"The Site is proposed to be redeveloped with a new 28-storey (plus mechanical penthouse) mixed-use building. A total gross floor area of 18,392 square metres is proposed, consisting of 18,145 square metres of residential uses and 247 square metres of grad",1293 BLOOR ST W,9,18145,247,18392,230,http://app.toronto.ca/AIC/index.do?folderRsn=vMis3ECuBcUfrOuU8mQ7QQ%3D%3D
435,Active,16 268409 STE 28 OZ,2016-12-19,"Official Plan Amendment and Rezoning for an 18 storey (60 metre) mixed-use building with 465 m2 of  retail facing River Street, a total of  1405  m2 of office space and a mixture of live/work, townhouse and  apartment style residential units (380 residen",28 RIVER ST,13,28268,2968,31236,380,http://app.toronto.ca/AIC/index.do?folderRsn=fl7NTiJaz9rNe%2Foe48P05A%3D%3D
436,Active,12 142013 NNY 15 OZ,2012-03-23,"To permit a mixed use development comprising 374 residential condominium apartments and 1,379 m2 of grade related retail.",3130 DUFFERIN ST,8,42359,1379,43738,374,
437,Active,19 263422 STE 04 OZ,2019-12-19,Proposal for a 27-storey mixed-use building comprised of a 6 to 14-storey podium and 13-storey tower element.  The proposal will contain approximately 680 m2 of non-residential gross floor area and 23377 m2 residential gross floor area for a total of 240,1540 BLOOR ST W,4,23324,663,23987,354,http://app.toronto.ca/AIC/index.do?folderRsn=xfUqUGpX4XHy4RBLy3Q7RA%3D%3D
438,Active,13 277895 STE 28 OZ,2013-12-13,Official Plan Amendment and Zoning By-law Amendment to allow the renovation of the existing apartment building on the site and the construction of a new 32--storey mixed-use building with 330 residential units.,230 OAK ST,13,21863,298,22161,330,http://app.toronto.ca/AIC/index.do?folderRsn=XpkBbqBc8EeiAfgpNG3DNw%3D%3D
439,Active,16 119794 STE 22 OZ,2016-02-23,Proposal for rezoning amendment related to a 38 storey mixed use building with 425 residential resntal units with retail on ground floor and underground parking,22 BALLIOL ST,12,27761,1111,28872,414,
440,Active,19 264586 STE 13 OZ,2019-12-24,"Zoning By-law Amendment to permit a 31-storey hotel tower with a total building height of 115.1 m (inclusive of mechanical penthouse). A total of 392 hotel suites are proposed with a total GFA of approximately 26,744 square metres. The existing heritage",60 MILL ST,13,0,25643.4,25643.4,0,http://app.toronto.ca/AIC/index.do?folderRsn=SUstlenmYR8TNCChV83K4w%3D%3D
441,Active,16 261191 STE 20 OZ,2016-12-07,Revised plans to permit a 13-storey office building with accessory retail and service commercial uses.vPlease note: linked to file no. 16 270154 STE 20 OZ,474 WELLINGTON ST W,10,0,23764,23764,0,http://app.toronto.ca/AIC/index.do?folderRsn=PpLU7DfoXSxDQ5IyDwnmjQ%3D%3D
442,Under Review,22 191094 NNY 08 OZ,2022-08-15,"Official plan amendment and Rezoning to allow the development of two 29-storey high-rise buildings Building A  with 388 Units and Building B with 381 units and one 10-storey mid-rise Building C with 75 units, resulting in a total of 834 residential units",3400 DUFFERIN ST,8,59452,1366,60818,834,http://app.toronto.ca/AIC/index.do?folderRsn=8yLucyPiEiFXmFAqCarrWg%3D%3D
443,Built,15 208767 WET 01 SA,2015-08-18,The application proposes to construct a one-storey addition (344.23 square metres) to an existing truck repair garage.  This addition would add three new truck bays to the existing 2 truck bays.,2115 CODLIN CRES,1,0,344,344,0,http://app.toronto.ca/AIC/index.do?folderRsn=COJFttr8DmHrVhKWBYPPhA%3D%3D
444,Under Review,17 181232 ESC 40 OZ,2017-06-15,"Official Plan Amendment (OPA) proposing to amend the Agincourt Secondary Plan to permit the comprehensive redevelopment of the Agincourt Mall lands, with a network of new public streets, development blocks, new public park blocks and other open spaces co",3850 SHEPPARD AVE E,22,334630.1,36694.9,371325,4372,http://app.toronto.ca/AIC/index.do?folderRsn=fHpHHY5talyXD3p9p3%2F8eA%3D%3D
445,Under Review,22 192733 NNY 08 OZ,2022-08-18,"Proposal for a  26-storey mixed-use building atop of  8-storey podium with 410 residential dwelling units and an automotive service centre.  Total gross floor area of approximately 36,029.72 square metres, resulting in a gross density of 2.82 FSI. which",3080 DUFFERIN ST,8,31177.83,4851.89,36029.72,410,http://app.toronto.ca/AIC/index.do?folderRsn=7nDDgBJoPZs9GIovhFNtcQ%3D%3D
446,Under Review,20 209869 NNY 17 SA,2020-10-22,"Site Plan application to permit the proposal of a new 5-storey above grade parking structure adjacent to an existing Shopping Centre, with a proposed non-residential gross floor area of 10,781 sqm (OPA AND ZBA Application: 17 208789 NNY 24 OZ).",2901 BAYVIEW AVE,17,0,10770,10770,0,http://app.toronto.ca/AIC/index.do?folderRsn=eIDZZ%2B%2FpMThKsNHmuEEQ%2BA%3D%3D
447,Built,17 181466 WET 11 OZ,2017-06-16,Proposed Zoning By-law Amendment to permit the construction of a 10-storey mixed use building with 242  residential units.,2306 ST CLAIR AVE W,5,18416,370,18786,242,http://app.toronto.ca/AIC/index.do?folderRsn=AdAKzV%2B%2F2pke2aF7xR%2BD%2FA%3D%3D
448,Under Review,22 194697 ESC 21 SA,2022-08-23,"Site Plan application for Block B - North (Block 2 on related Draft Plan) to permit three mixed-use buildings with heights that range from 30 to 43 storey and 1,898 square metres of public parkland. This application is related to Zoning By-law Amendment",1940 EGLINTON AVE E,21,83385,1393.2,84778.2,1301,http://app.toronto.ca/AIC/index.do?folderRsn=BokD3J2VosjqqbCxXhDTAQ%3D%3D
449,Under Review,22 194684 ESC 21 SA,2022-08-23,"Site Plan application for Block C (Blocks 4 and 5 on related Draft Plan) to permit a 27-storey residential building (Building C1), and a six-storey mid-rise non-residential building (Building C2), and 10,719 square metres of public parkland (western port",1920 EGLINTON AVE E,21,19788.6,13483.1,33271.7,301,http://app.toronto.ca/AIC/index.do?folderRsn=SpH1dcUyAj2TSnE1%2FGZ5qw%3D%3D
450,Built,13 197153 STE 28 OZ,2013-07-02,To propose a mixed use development with the preservation and restoration of the four storey heritage building and the construction of a new 50 storey tower containing street related retail uses and residential above. The new building contains a four stor,25 RICHMOND ST E,13,51934,692,52626,694,
451,Active,15 242771 STE 20 SA,2015-10-26,Proposed new three storey addition over the existing four storey brick building.,35 MC CAUL ST,10,0,5766.5,5766.5,0,http://app.toronto.ca/AIC/index.do?folderRsn=Z48vLZv%2Fl5fbZBJelubu5A%3D%3D
452,Under Review,19 144266 STE 10 OZ,2019-04-24,"Zoning By-law Amendment application to permit a mixed-use development including two buildings, 37 and 42 storeys in height (131.0 metres and 145.2 metres, respectively, including mechanical penthouses). Proposed uses include two levels of retail, seven l",126 JOHN ST,10,49273,30438,79711,693,http://app.toronto.ca/AIC/index.do?folderRsn=lggiXgAXOQNXtaNdubNH1A%3D%3D
453,Built,18 164283 STE 28 SA,2018-05-24,Site Plan Control application to restore and expand two existing heritage buildings containing a total of 20 dwelling rooms by constructing a three storey rear and side addition.The facility will contain a total of  35 dwelling units with shared amenity,13 WINCHESTER ST,13,1490.1,0,1490.1,35,http://app.toronto.ca/AIC/index.do?folderRsn=wa2rLO5JPD06Dr8fnHq6%2Fw%3D%3D
454,Under Review,22 194920 ESC 20 SA,2022-08-24,"The proposed SPA application is for an infill development of a 4-storey purposebuilt rental building, comprised of 28 stacked back-to-back townhouse units, in the southern portion of the subject site. The existing building on the subject site will be ret",570 BIRCHMOUNT RD,20,2610,0,2610,28,http://app.toronto.ca/AIC/index.do?folderRsn=CwcEXH03MG5WuPr5SzUNwQ%3D%3D
455,Under Review,22 166048 STE 09 OZ,2022-06-22,"The proposal contemplates the development of the subject site with two mixed-use buildings consisting of commercial, retail and residential uses framing the street edge and providing room for a parkland conveyance that will serve as an expansion to the p",100 UNION ST,9,43002,5891,48893,599,http://app.toronto.ca/AIC/index.do?folderRsn=eBRwK6jRUBdnhtMC0tGWSg%3D%3D
456,Built,16 166716 NNY 15 SA,2016-06-02,Proposal to construct a 15 storey building with 308 dwelling units and an 8 storey building with 78 rental replacement dwelling units and 2 below grade parking levels with 420 vehicle parking spaces and 323 bike parking spaces. Ground floor commercial is,1 LEILA LANE,8,30809.38,1244.58,32053.96,386,http://app.toronto.ca/AIC/index.do?folderRsn=WFIWTX%2FnKB6fcaIc%2FgWzug%3D%3D
457,Under Review,22 196041 ESC 21 SA,2022-08-26,"Site Plan application for Block A (Block 1 on related Draft Plan) to permit two (2) mixed-use buildings (18 to 32 storeys), one 18-storey residential building, and one 7-storey mixed-use building. This application is related to Zoning By-law Amendment ap",20 ASHTONBEE RD,21,65678,2113,67791,909,http://app.toronto.ca/AIC/index.do?folderRsn=nBsc74%2FqR%2BzRSCOz9pAfRQ%3D%3D
458,Under Review,21 120368 STE 12 SA,2021-02-25,"Proposal for a 7-storey mixed-use building having a non-residential gross floor area of 348.84 square metres, and a residential gross floor area of 3972.82 square metres.  A total of 35 residential dwelling units are proposed on the lot.",523 A EGLINTON AVE W,12,4142,263,4405,35,http://app.toronto.ca/AIC/index.do?folderRsn=yAvndI31cH%2FvFFXbR6JQ4Q%3D%3D
459,Under Review,15 236743 STE 14 OZ,2015-10-13,Proposal for a rezoning application related to an 11- storey office building with 2 levels of below ground parking. There is a Rental House Demolition and Control Application (File No. 15 130397 STE 14 RH) being reviewed concurrently.,58 ATLANTIC AVE,10,2109,24290,26399,20,http://app.toronto.ca/AIC/index.do?folderRsn=CaghS%2Fkj4JDjks4FHBG1bA%3D%3D
460,Built,20 157659 NNY 16 SA,2020-06-18,"To construct a new one-storey commercial building with a gross floor area of 261.64 square metres that will have a drive through facility, loading space, and enclosed garbage area. The building is proposed to front onto Lawrence Avenue East, immediately",1448 LAWRENCE AVE E,16,0,261.64,261.64,0,http://app.toronto.ca/AIC/index.do?folderRsn=5WhokDaZchAkqXHsvFABYw%3D%3D
461,Built,11 330266 WET 12 OZ,2011-12-22,Proposal to construct   apartment building.,1465 LAWRENCE AVE W,5,17386,0,17386,216,
462,Under Review,22 194723 ESC 21 SA,2022-08-23,Site Plan application for Block B - South (Block 3 of related Draft Plan) to permit two (2) mixed-use buildings (37 and 48 storeys) and two (2) residential buildings (30 and 48 storeys). This application is related to Zoning By-law Amendment application,1940 EGLINTON AVE E,21,57136.8,3984,61120.8,863,http://app.toronto.ca/AIC/index.do?folderRsn=xp4EoL9UD3abuJhJ7jPE6A%3D%3D
463,Active,11 271603 NNY 15 OZ,2011-09-09,"Applications to amend the Official Plan and the Zoning By-law to permit 16 four-storey townhouse units, in two blocks of 8 units, with parking provided behind the units at the lowest level and  accessed through a common element driveway from Winona Drive",464 WINONA DR,12,2670,0,2670,16,
464,Under Review,22 166320 STE 09 OZ,2022-06-22,The proposal contemplates the development of the subject site with a mixed-use building consisting of retail and residential uses central to the property and allowing sufficient land to be conveyed for the Gunns Road extension as well as new parkland. Th,126 UNION ST,9,41306,962,42268,588,http://app.toronto.ca/AIC/index.do?folderRsn=6xNY%2FDS75dk%2F6HlpHKtC3w%3D%3D
465,Under Review,22 200231 NNY 16 OZ,2022-09-06,"Proposal for a development of five new residential and mixed-use buildings with heights ranging from 13- to 49-storeys containing a total of 1,846 dwelling units and a new 2,734 square metre (0.27 hectare) public park. The proposed development contains a",1075 LESLIE ST,16,133331,565,133896,1846,http://app.toronto.ca/AIC/index.do?folderRsn=4pvYB755PfBnO%2FUbbm8R5A%3D%3D
466,Under Review,22 201247 ESC 20 OZ,2022-09-08,"The proposed development consists of a 35-storey tower with a 6-storey mixed-use podium including retail use at grade, three (3) floors of office uses and 362 residential units.",2425 EGLINTON AVE E,20,23090.9,5662.4,28753.3,362,http://app.toronto.ca/AIC/index.do?folderRsn=a5sUBv6dcpYk%2FtuhJXXsOQ%3D%3D
467,Built,13 253075 WET 06 OZ,2013-10-18,"Proposed amendments to the Official Plan and Zoning By-laws to permit a total of 499 residential units within a 29-storey (93 m, including mechanical penthouse) apartment building with a 5-storey (13.5 m) podium and a mid-rise building stepping upto 12-s",251 MANITOBA ST,3,34043,0,34043,498,http://app.toronto.ca/AIC/index.do?folderRsn=j24sQBEG8aKOlR7p%2FovmUg%3D%3D
468,Built,15 177458 WET 03 OZ,2015-06-19,The previous application proposed amendments to the Etobicoke Zoning Code to permit the development of a residential project consisting of 53 units.,19 GLEN AGAR DR,2,20164,0,20164,53,http://app.toronto.ca/DevelopmentApplications/associatedApplicationsList.do?action=init&folderRsn=3772078&isCofASearch=false
469,Active,16 272001 NNY 23 OZ,2016-12-30,"Redevelopment of site  with 6 new residential towers (21-27 storeys), 8-10 storey podiums with street related commercial on Sheppard Avenue West, extension of Bogert Avenue and a public park. Proposed demolition of seven of ten existing rental blocks and",325 BOGERT AVE,18,113698,2940,116638,1390,http://app.toronto.ca/AIC/index.do?folderRsn=UsUOuRWJIagD%2FX%2BhzCindw%3D%3D
470,Under Review,22 204260 STE 14 OZ,2022-09-15,Proposed to retain the existing heritage buildings and construct a nine storey residential building. The building will contain 85 new residential dwelling units with a GFA of about 7186sqm and retail at grade with a GFA of 807sqm. The total proposed GFA,641 QUEEN ST E,14,9084.6,0,9084.6,94,http://app.toronto.ca/AIC/index.do?folderRsn=IRnEyudm1Gy2ywcw9pKF0w%3D%3D
471,Active,16 271639 STE 27 OZ,2016-12-29,Proposal for a 10-storey building fronting onto Jarvis Street connected to a 25-storey tower fronting onto Mutual Street. A total of 256 residential units are proposed. There are existing heritage buildings on site that are proposed to be shifted and ine,280 JARVIS ST,13,16697,854,17551,256,http://app.toronto.ca/AIC/index.do?folderRsn=PcwNPCw3ICbSsaB1tOFTeQ%3D%3D
472,Under Review,22 191025 STE 09 SA,2022-08-15,"Site Plan application to allow for the construction of a new commercial office building. The proposed building will be 11 storeys (44.86 metres) in height, excluding the mechanical penthouse. The proposed gross floor area of the building is 16,736.56 squ",158 STERLING RD,9,0,16737,16737,0,http://app.toronto.ca/AIC/index.do?folderRsn=16Bm8EOBl60bBS6GdzO%2BUA%3D%3D
473,Under Review,22 204655 STE 10 OZ,2022-09-16,"Rezoning for a 41-storey mixed use building, comprising of a 6-storey podium, on top of which is a 35-storey tower. The proposed building will contain retail uses at-grade, along with office uses between the 2nd to 6th and 8th to 20th levels, office and",191 DUNDAS ST W,10,9693,14300,23993,135,http://app.toronto.ca/AIC/index.do?folderRsn=mCS12vKAw9E6iIyFMWYVlg%3D%3D
474,Under Review,22 204662 STE 11 OZ,2022-09-16,"Zoning By-law Amendment application to permit a  mixed-use building with 41-storey and 49-storey tower elements, containing 950 dwelling units and 18,000 square metres of non-residential gross floor area. The proposal includes heritage conservation on th",835 YONGE ST,11,77873.1,17663.7,95536.8,950,http://app.toronto.ca/AIC/index.do?folderRsn=Wc2I3e4DjangGTUBt2S36Q%3D%3D
475,Active,20 207354 STE 13 OZ,2020-10-16,An Official Plan Amendment and Zoning By-law Amendment application for a new 59-storey mixed-use building (196.9 metres including the mechanical penthouse) containing 575 dwelling units (including 19 rental replacement units) and 695 square metres of non,510 YONGE ST,13,39892,778,40670,587,http://app.toronto.ca/AIC/index.do?folderRsn=e96AsISWkhzFSfBM9XeRzA%3D%3D
476,Under Review,13 144733 STE 20 OZ,2013-04-04,"OLT Approved Application to Amend the Zoning By-law to permit the re-development of the site with a 50-storey (157 metre tall including the mechanical penthouse) mixed-use building containing retail, restaurant and office uses within the first 5 floors a",305 KING ST W,10,27613,3051,30664,403,http://app.toronto.ca/AIC/index.do?folderRsn=lR6esxfMRSkfrN%2FzVReIgw%3D%3D
477,Under Review,20 211336 ESC 20 SB,2020-10-27,Draft plan of subdivision to create 9 blocks and municipal streets comprising of one block for park uses and eight development blocks.,3585 ST CLAIR AVE E,20,489623,20482,510105,6619,http://app.toronto.ca/AIC/index.do?folderRsn=bd3D6%2F%2FqmInqLSSc4EjgRQ%3D%3D
478,Built,18 266532 NET 07 OZ,2018-12-10,"Zoning By-law Amendment for The Quad Student Housing, Phase 2.  Buildings C3 and C4.  Building C3:  proposed 9,603 square metres, 156 residential units, 599 square metres of grade-related retail.  The building is an ""L"" shaped building of 8 storeys.  Bui",4700 KEELE ST,7,25747,1238,26985,423,http://app.toronto.ca/AIC/index.do?folderRsn=V88%2FQda%2BJ%2B%2BJUFjIWm92Zw%3D%3D
479,Under Review,22 208395 ESC 20 SA,2022-09-25,,1891 EGLINTON AVE E,20,33894,475,34369,479,http://app.toronto.ca/AIC/index.do?folderRsn=vqmgGf6ObsxQWDONxBcd5Q%3D%3D
480,Under Review,22 208396 ESC 20 SA,2022-09-25,,1891 EGLINTON AVE E,20,29496,341,29837,431,http://app.toronto.ca/AIC/index.do?folderRsn=U2IR4eRQBj464Hc%2Fk9WNQA%3D%3D
481,Under Review,22 208399 ESC 20 SA,2022-09-26,,1891 EGLINTON AVE E,20,38019,0,38019,559,http://app.toronto.ca/AIC/index.do?folderRsn=Q0uV84mC73OgSEiDRL9L3Q%3D%3D
482,Under Review,21 191659 NNY 15 OZ,2021-07-29,"Zoning By Law Amendment Application to permit a 25-storey, mixed use building with 300 dwelling units, 20,974.8 square metres of residential gross floor area, 710 square metres of non-residential gross floor area, 97 parking spaces and 308 bicycle parkin",537 EGLINTON AVE E,15,20974.8,710,21684.8,300,http://app.toronto.ca/AIC/index.do?folderRsn=7twp1EirgQX5jH%2Fi5FrRXg%3D%3D
483,Under Review,21 235960 NNY 15 OZ,2021-11-09,"The proposal is for the redevelopment of the existing 6.7 acre site with a total density of 3.8 times the site area. The proposed includes 3,633 m2 of retail commercial space, a network of new public and private streets, two new privately-owned publicly",943 EGLINTON AVE E,15,100110,3633,103743,1279,http://app.toronto.ca/AIC/index.do?folderRsn=yaeDdwPDSF1Jodd7qVT03Q%3D%3D
484,Under Review,22 135860 ESC 20 OZ,2022-04-19,"Official Plan and Zoning Zoning By-law Amendment application to permit a 35-storey mixed-use building consisting of a total gross floor area of 20,218 square metres (18,975 square metres for residential uses, 328 square metres for retail uses and 915 squ",100 EGLINTON SQ,20,18975,1243,20218,296,http://app.toronto.ca/AIC/index.do?folderRsn=XXIOtiXuXPmOJg0czV4%2Bww%3D%3D
485,Built,16 140646 NNY 16 OZ,2016-04-14,7 storey residential building with at grade retail. Beer store would remain on site as tenant. Access to below grade parking and loading from Avenue Road. Residential lobby entrance from Bedford Park.,1580 AVENUE RD,8,7875,725,8600,35,http://app.toronto.ca/DevelopmentApplications/associatedApplicationsList.do?action=init&folderRsn=3932429&isCofASearch=false
486,Under Review,08 145788 NNY 23 OZ,2008-04-10,Revised submission implements modifications to the applications that were endorsed in principle by City Council during the spring and summer of 2014 in settlement of an outstanding Ontario Municipal Board (now Ontario Land Tribunal) appeals. The revised,51 DREWRY AVE,18,41189.37,0,41189.37,551,http://app.toronto.ca/AIC/index.do?folderRsn=ekBdJviXRGDN3sN9GUw4nA%3D%3D
487,Built,10 321208 STE 22 OZ,2010-12-30,"Rezoning application for a 26 storey residential building containing 271 units comprised of 98 one-bedrooms, 161 two-bedroom and 12 three-bedroom with a total floor area of 24,753.55m2. There will be a total of 1,084m2 of amenity space 253 total parking",101 ST CLAIR AVE W,12,24710.7,0,24710.7,240,
488,Built,15 230582 NNY 24 OZ,2015-09-30,"Construct a three-storey, 24 unit stacked townhouse complex toalling 2462 m2 and 24 parking spaces within a below-grade garage.",12 DERVOCK CRES,17,2050.35,0,2050.35,24,http://app.toronto.ca/AIC/index.do?folderRsn=OOQlfEDmoi7HzrA%2F%2BqKSIg%3D%3D
489,Active,15 248841 STE 19 SA,2015-11-09,This is a Site Plan Application for the construction of a mixed-use four storey building consisting of a commercial use in the form of a personal service shop (lifestyle hair salon) on the first two floors and one residential unit above on the third and,852 ADELAIDE ST W,10,163.6,171.7,335.3,1,http://app.toronto.ca/AIC/index.do?folderRsn=IVr5OsMHjhQzOt%2FsbBq%2F7A%3D%3D
490,Built,09 143528 STE 27 SA,2009-05-29,"Revised Site Plan Submission - April 6, 2010. Site plan approval for proposal to construct a 17 sty hospital addtion to St. Michaels Hospital.",30 BOND ST,13,0,21044,21044,0,
491,Active,13 193884 ESC 23 SA,2013-06-25,"Proposed multi-building commercial development with office, industrial and recreational uses.",825 PASSMORE AVE,23,0,9134.52,9134.52,0,
492,Under Review,22 218549 WET 03 OZ,2022-10-18,"Official Plan and Zoning By-law Amendment application proposing an 8-storey mixed-use building with 59 dwelling units. The proposed gross floor area is 5,785 square metres, including 977 square metres of retail space at grade, resulting in a floor space",5140 DUNDAS ST W,3,5785,977,6762,59,http://app.toronto.ca/AIC/index.do?folderRsn=hExCWs%2BF7aiS5fpBlHe%2BxA%3D%3D
493,Active,18 271373 STE 13 OZ,2018-12-21,"Official Plan and Zoning By-law Amendment to permit a 44-storey mixed-use building consisting of a 13-storey base component for institutional and retail use, and a 31-storey tower component for student residences. The proposal includes 57,525 square metr",202 JARVIS ST,13,0,39211,39211,0,http://app.toronto.ca/AIC/index.do?folderRsn=Evi9s0%2F8c%2B1eV6dpEsaTIg%3D%3D
494,Built,18 253304 NNY 08 SA,2018-11-07,"5 storey academic classroom building (10,632sqm) at the northwest quadrant of The Pond Rd and James Gillies St.  (School of Continuing Studies - York University)",4700 KEELE ST,7,0,10632,10632,0,http://app.toronto.ca/AIC/index.do?folderRsn=omPTGOPYSi2lzEdHyx%2B1Sw%3D%3D
495,Active,20 124904 STE 04 OZ,2020-03-11,"Zoning By-law Amendment application to facilitate the development of the site for a 6-storey mixed-use building comprised of 190 m2 of non-residential and 2,550 m2 of residential gross floor area.  A total of 29 residential dwelling units are proposed on",1488 QUEEN ST W,4,2550,190,2740,29,http://app.toronto.ca/AIC/index.do?folderRsn=HhoPRfstI1quytRnRJldcw%3D%3D
496,Under Review,22 221795 STE 14 OZ,2022-10-25,"Rezoning for proposed 6-storey mixed-use building with 181 m2 of non-residential gross floor area at grade and 30 residential units above (2,526 m2 residential gfa).",1594 QUEEN ST E,14,2526,181,2707,30,http://app.toronto.ca/AIC/index.do?folderRsn=s3buI9ZimbzRqLNLI39jxA%3D%3D
497,Active,12 285360 STE 31 SA,2012-11-27,Proposal to demolish the existing automobile service garage and construct a mixed-use building on the subject lands. The proposal consists of a 5-storey building with 2 commercial units at grade and 14 residential units.,2156 DANFORTH AVE,19,1375,84.28,1459.28,13,http://app.toronto.ca/AIC/index.do?folderRsn=w%2FQN5V6tepz7kniS3P%2FFfw%3D%3D
498,Built,13 165361 STE 20 OZ,2013-05-09,"Application to permit the construction of a new 22-storey mixed use building. Retail and commercial uses are proposed in the first 2-storeys, with a total of 202 residential dwelling units above.  The proposal would have an overall building height of app",484 SPADINA AVE,11,11113.21,573.82,11687.03,166,http://app.toronto.ca/DevelopmentApplications/associatedApplicationsList.do?action=init&folderRsn=3350946&isCofASearch=false
499,Under Review,22 120103 STE 10 SA,2022-03-07,"The proposed development   Exhibition grounds. The development will also consist of 1 level of underground, accessed off of New Brunswick Way, which will service the loading area for the hotel and venue. Additional public parking (comprised of 358 parkin",2 STRACHAN AVE,10,0,40252,40252,0,http://app.toronto.ca/AIC/index.do?folderRsn=Fi9UjiPGrEidOlGT1JNUmQ%3D%3D
500,Under Review,20 159050 ESC 24 OZ,2020-06-23,"November 2022 Revised Submission - Official Plan Amendment (OPA), Rezoning and Site Plan applications to facilitate redevelopment of  the subject lands with a 11-storey mixed-use building with commercial uses on the ground floor and 145 residential units",3150 EGLINTON AVE E,24,10382.28,528.167,10910.447,145,http://app.toronto.ca/AIC/index.do?folderRsn=9Sar2gGTLRaR3mFucMPZww%3D%3D
501,Active,21 166739 ESC 21 OZ,2021-06-07,"Zoning By-law Amendment application for a mixed-use development on 4 blocks (1, 5, 7 & 10), with a total gross floor area of 213,314 sq. m (195,558 sq, m for residential uses; 1,743 sq. m of retail uses; and 16,013 sq. m of new and existing office uses),",2200-2206 EGLINTON AVE E,21,195558,3723,199281,2363,http://app.toronto.ca/AIC/index.do?folderRsn=%2Fydz4P5GMHpuliAoxNgX5A%3D%3D
502,Built,11 184584 STE 27 OZ,2011-04-29,Rezoning application to permit the re-development of the lands for the purposes of a new 35 storey mixed use building complete with retail at grade and 361 residential units above.,159 WELLESLEY ST E,13,23320,160,23480,360,
503,Under Review,16 172062 ESC 41 OZ,2016-06-10,Proposed 10-storey retirement home/senior's residence containing 119 dwelling units and 130 bed-sitting rooms with at-grade retail and medical office uses and a one-level underground parking garage with 105 parking spaces spaces. New 18.5m wide public st,25 GLEN WATFORD DR,23,17828.7,758,18586.7,119,http://app.toronto.ca/AIC/index.do?folderRsn=Hong%2B3%2FHJdg6ApZysl9SiA%3D%3D
504,Built,19 244316 WET 03 SA,2019-11-01,"Proposed one-storey (1,521 m2) addition to the existing industrial building (MC Dairy Plant) for Toronto Future Bakery Ltd. A total of 55 Parking spaces are proposed to service the site.",106 NORTH QUEEN ST,3,0,1553,1553,0,http://app.toronto.ca/AIC/index.do?folderRsn=IMyGihApXxWPVt7IUBrVZg%3D%3D
505,Built,12 235622 STE 27 OZ,2012-08-24,"Proposal to construct a 49 sty condo with 514 residential units, commercial at grade, maintain portion of Heritage building, and below grade parking.  Application has been appealed to the Ontario Municipal Board as of April 5, 2013.  RESUBMISSION - Propo",593 YONGE ST,13,34462,3085,37547,525,
506,Active,14 122777 STE 20 OZ,2014-02-27,Proposal to construct a 48-storey office tower.  The subject site includes 151 Front Street West and 20 York Street.,171 FRONT ST W,10,0,116682,116682,0,http://app.toronto.ca/AIC/index.do?folderRsn=318upxgcefnHkQB%2FTPtN9A%3D%3D
507,Active,19 208733 ESC 21 OZ,2019-08-20,"Official Plan Amendment application to add new policies to the Official Plan for the site at the northwest corner of Hakimi Ave and Eglinton Ave E (SmartCentres).  The Site and Area Specific Policy (SASP) would permit future mixed-use development, new pu",1900 EGLINTON AVE E,21,453255,39396,492651,5529,http://app.toronto.ca/AIC/index.do?folderRsn=la2POCkkaigw9%2F6pixvLtA%3D%3D
508,Under Review,21 136860 STE 19 OZ,2021-04-07,City Initiated Official Plan and Zoning By-law Amendment seeking to permit two buildings on site. The proposal is for a building fronting Queen Street West with 6 residential storeys and a partial 7th storey for enclosed mechanical penthouse and amenity,1631 QUEEN ST E,19,20196,1710,21906,279,http://app.toronto.ca/AIC/index.do?folderRsn=ReLVaGWNsUkzIi%2F2lscEPg%3D%3D
509,Active,08 112855 WET 03 OZ,2008-02-21,Demolish existing 3 office buildings and construct residential towers with  heights ranging up to 31 storeys.,2-6 EVA RD,2,81440,0,81440,904,
510,Active,19 184841 STE 09 OZ,2019-07-08,"Combined Official Plan Amendment and Zoning By-law Amendment application to redevelop the north end of the Dufferin Mall site. The proposal includes a new street and public park, and four towers ranging in height from 14 storeys to 39 storeys.",900 DUFFERIN ST,9,87895,13353,101248,1200,http://app.toronto.ca/AIC/index.do?folderRsn=FaDhXd6XNlBjz1AHtkDp8Q%3D%3D
511,Built,16 254034 NNY 16 OZ,2016-11-21,"REVISED proposal for a 7-unit, 3-storey townhouse development on a lot at the north-west corner of Avenue Road and Hillhurst Blvd. Access to 7 rear parking spaces via a driveway from Hillhurst Blvd.   Concurrent Site Plan application - File # 16-254041 N",1202 AVENUE RD,8,1138.5,0,1138.5,7,http://app.toronto.ca/AIC/index.do?folderRsn=QJy0wKkvWjtexbJqTdiKCA%3D%3D
512,Under Review,21 236250 WET 03 OZ,2021-11-09,"The proposed development consists of a mixed-use building with 36 storey and 29 storey towers (respectively 116.2 m and 98.7 m in height excl. mechanical penthouses) 413 sqm of retail at grade, a 12,374 sqm multi-storey self-storage building as a future",266 ROYAL YORK RD,3,51726,14635,66361,824,http://app.toronto.ca/AIC/index.do?folderRsn=urRzax6GgH0AvljTYHWawA%3D%3D
513,Active,18 265487 NNY 18 OZ,2018-12-06,"7 storey mixed use, mid-rise building with 52.84 sqm of retail uses at grade, 30 residential units and 2 levels of parking.  Vehicular access to the building is to occur via a driveway located at the western edge of the site, which will pass under the se",110 SHEPPARD AVE W,18,2786.09,0,2786.09,30,http://app.toronto.ca/DevelopmentApplications/associatedApplicationsList.do?action=init&folderRsn=4496553&isCofASearch=false
514,Active,18 270817 WET 03 OZ,2018-12-20,49 storey mixed use development located within the open space area of an existing high-rise rental building at the subject property.,25 MABELLE AVE,3,39531,79,39610,580,http://app.toronto.ca/AIC/index.do?folderRsn=%2Bz5T4NuVaMBXHryKmakZAQ%3D%3D
515,Built,17 214190 NNY 24 SA,2017-08-10,Site Plan application for Block 12 of Concord Park Place. The proposal is for two residential towers of 33 and 36 storeys connected by a three / four storey podium containing 38 townhouse units. A total of 692 residential units are proposed.,1001-1019 SHEPPARD AVE E,17,58000,0,58000,692,http://app.toronto.ca/AIC/index.do?folderRsn=qGQYy0LHkT1ewkd6oz7GAw%3D%3D
516,Built,13 239577 STE 19 OZ,2013-09-20,Proposal to demolish the existing two storey retail building and replace both the existing building and the commercial surface parking lot located on the west-half of the site with a new eight storey mixed use building  with 77 residentail units and grad,547 COLLEGE ST,11,4968,553,5521,61,
517,Active,16 269378 WET 06 OZ,2016-12-21,"Official Plan Amendment application to permit a  mixed-use development consisting of two residential apartment buildings and a mid-rise building, connected by a 4-storey podium.",23 BUCKINGHAM ST,3,47896,6516,54412,749,http://app.toronto.ca/AIC/index.do?folderRsn=QXhFKjbODezyPh9Rz59W6g%3D%3D
518,Built,14 267151 STE 22 OZ,2014-12-23,Proposal for official plan amendment and rezoning related to a proposed 7 storey mixed use building with a commercial ground floor and residential above (a total of 146 units) with 3 levels of underground parking,701 SOUDAN AVE,15,11278,1941,13219,146,http://app.toronto.ca/AIC/index.do?folderRsn=K13V3VMfF8nb%2Fq0h6uqQuQ%3D%3D
519,Built,16 196378 STE 20 OZ,2016-07-25,"Proposal for Rezoning related to a 13 storey mixed use building with retail and a food hall at grade, a YMCA on the second and third storeys, and residential above.  The project is to include 284 market-rate residential units and 15 affordable units.",497 RICHMOND ST W,10,23075,8624.8,31699.8,288,http://app.toronto.ca/DevelopmentApplications/associatedApplicationsList.do?action=init&folderRsn=3997781&isCofASearch=false
520,Under Review,21 219614 NNY 15 OZ,2021-09-29,"Zoning By-law Amendment application for a 32-storey mixed-use building, comprised of 249 dwelling units, 16,989.0 square metres of residential gross floor area, and 4672.0 square metres of non-residential gross floor area",586 EGLINTON AVE E,15,16989,4672,21661,249,http://app.toronto.ca/AIC/index.do?folderRsn=iATbPGe4vrH1cD8pLz%2FhdQ%3D%3D
521,Active,19 232191 ESC 23 SA,2019-10-04,"Proposal to redevelop the existing place of worship with a new 2-storey building with 2460.35 square metres in gross floor area, and 95 parking spaces.",260 INGLETON BLVD,23,0,2460.35,2460.35,0,http://app.toronto.ca/AIC/index.do?folderRsn=0TjDGObWI8Zc6O9Lmw1qKg%3D%3D
522,Active,20 145943 STE 11 SA,2020-05-15,Site Plan Approval to facilitate the restoration of the existing 2½ storey non-residential heritage building and construct a new 4-storey rear addition with a total non-residential gross floor area of 1437.39 square metres and a maximum height of 16.5 m,1067 YONGE ST,11,0,1118.32,1118.32,0,http://app.toronto.ca/AIC/index.do?folderRsn=LGiGGpP6uTPP69uutuzTug%3D%3D
523,Built,12 296424 WET 03 SA,2012-12-20,"To construct a 16-storey condominium apartment building containing a total of 259 units, at the northwest portion of the site.",41-53 WARRENDER AVE,2,21568,0,21568,259,http://app.toronto.ca/DevelopmentApplications/associatedApplicationsList.do?action=init&folderRsn=3270336&isCofASearch=false
524,Active,16 252547 NNY 10 OZ,2016-11-17,"Proposal to permit 29-storey and 26 storey residential buildings joined by a 1, 2, 4 and 6 storey podium at the northeast corner of the site (Buildings B and C), a 16-storey residential building with a 1 and 4 storey podium at the southwest corner of the",6040 BATHURST ST,6,62870,690,63560,877,http://app.toronto.ca/AIC/index.do?folderRsn=KPpYKE9T7CM9agO1%2BEX61Q%3D%3D
525,Active,11 324675 NNY 16 OZ,2011-12-12,The application proposes to amend the former City of North York Zoning By-law No. 7625 to permit a 17-storey (57 metre) condominium apartment building at 228 Wilson Avenue.  The building will contain a total of 108 dwelling units which includes four 2-st,228 WILSON AVE,8,11560,0,11560,131,
526,Under Review,22 238620 NNY 18 OZ,2022-12-12,"Zoning By-law Amendment for 7 blocks (A-F) of 3 connected buildings at 4 storeys each. There will be 122 units in the buildings will range from 1-4 bedrooms. The development has an FSI of 1.92 and a gross floor area of 11,645.69m2.",237 FINCH AVE W,18,11654.69,0,11654.69,122,http://app.toronto.ca/AIC/index.do?folderRsn=Ix%2Bardc%2BDsJi36wUDoEa0A%3D%3D
527,Built,15 164825 STE 20 OZ,2015-05-28,Proposal to redevelop the site with a 59-storey (182 m excluding machanicals) mixed-use development including an eight-storey podium containing retail and office uses with residential units in the tower portion. A total of 498 units are proposed with 131,19 DUNCAN ST,10,27389,15683,43072,422,http://app.toronto.ca/DevelopmentApplications/associatedApplicationsList.do?action=init&folderRsn=3757712&isCofASearch=false
528,Built,11 325998 ESC 40 OZ,2011-12-14,"Proposed 18 storey, 234 unit residential apartment building, with a 6 storey podium and three levels of underground parking.",3220 SHEPPARD AVE E,22,17987,0,17987,234,
529,Built,16 269637 STE 22 OZ,2016-12-21,This revised zoning by-law amendment application proposes a 46-storey residential building (149.95 metres) including a 4-storey base building at 39 and 41 Roehampton Avenue and 50 Eglinton Avenue East. The proposed building includes 444 residential units,41 ROEHAMPTON AVE,12,33027.2,0,33027.2,440,http://app.toronto.ca/AIC/index.do?folderRsn=tgMudgx%2BYEHHyyvwuHFlhg%3D%3D
530,Built,15 223802 STE 20 OZ,2015-09-16,Zoning Amendment application to redevelop the site currently occupied by a three-storey commercial/warehouse building with an 18-storey mixed-use building containing a total of 419 square metres of retail/commercial space on the ground and basement level,452 RICHMOND ST W,10,7044,341,7385,125,http://app.toronto.ca/AIC/index.do?folderRsn=7wElX7q%2FEIgJ6Z8yXBMTwg%3D%3D
531,Active,19 252606 STE 11 OZ,2019-11-22,The proposal is to retain the two existing converted buildings on site and add a rowhouse block with 6 units at the rear of the property utilizing the current surface parking lot.,661 HURON ST,11,506.8,0,506.8,6,http://app.toronto.ca/AIC/index.do?folderRsn=IZSC8dYiTWA5fuEe8s6uig%3D%3D
532,Built,16 246686 NNY 23 SA,2016-11-03,"Proposal for a 2-storey, 11.4 m medical office with a ground floor pharmacy (retail) use and at-grade parking.",139 SHEPPARD AVE E,18,0,652,652,0,http://app.toronto.ca/DevelopmentApplications/associatedApplicationsList.do?action=init&folderRsn=4056392&isCofASearch=false
533,Under Review,22 241754 WET 05 OZ,2022-12-22,"The development applications would permit a 33-storey mixed use building with height  of 106.1 metres (112.1 inclusive of the mechanical penthouse), containing 370 dwelling units, 324 square metres of non-residential space, 63 parking spaces and 434 bicy",2636 EGLINTON AVE W,5,22205,324,22529,370,http://app.toronto.ca/AIC/index.do?folderRsn=yOwULkyO02HXCP07u21Q4g%3D%3D
534,Under Review,19 186166 WET 02 OZ,2019-07-10,"Rezoning application to allow the construction of five office and retail buildings ranging from six to nine storeys, with a shared two-level underground parking garage and new a public road.",40 RAKELY CRT,2,0,92653,92653,0,http://app.toronto.ca/AIC/index.do?folderRsn=Ad%2BYBBFvJNAfcThNoWsAGQ%3D%3D
535,Built,16 163214 STE 28 SA,2016-05-27,Proposed new 5-storey residential building.  The building would contain 26 residential units (of which 3 units would be located in the basement) and 131 sq. m. of non-residential GFA on the ground floor (3 art studio units).  Indoor amenity space is prop,41 RIVER ST,13,1950,132,2082,26,http://app.toronto.ca/AIC/index.do?folderRsn=QhY1b3Tckb5SWMh4PAr8HA%3D%3D
536,Built,15 260336 NNY 26 OZ,2015-12-03,"This is a City-initiated Zoning Bylaw Amendment for Eglinton Crosstown - Weston Road to Kennedy Road,in conjunction with the Crosstown LRT",250-256 LAIRD DR,15,0,983,983,0,
537,Active,17 278418 NNY 25 OZ,2017-12-21,"Zoning Bylaw amendment application to permit 8 townhouses and 4 single detached homes, subsequently revised to 7 townhouses and 2 detached houses.",2535 BAYVIEW AVE,15,2532,0,2532,9,http://app.toronto.ca/AIC/index.do?folderRsn=woZHoyr07ubqg4%2FOvvEtJA%3D%3D
538,Active,17 264641 NNY 10 OZ,2017-11-20,Zoning Bylaw Amendment application to permit a 26 storey residential building with three townhouse blocks.  The proposed residential building would contain a total of 290 residential units and 6 townhouse units.,6020 BATHURST ST,6,27337,0,27337,335,http://app.toronto.ca/AIC/index.do?folderRsn=GIVqEWprsPuBiP9fEhsk%2Fw%3D%3D
539,Under Review,22 166819 STE 10 OZ,2022-06-23,"Official Plan and Zoning By-law Amendment applications to facilitate redevelopment at 200 University Avenue for a 35-storey addition above the existing 16-storey building for an overall height of 51-storeys. The proposal consists of 35,316 square metres",200 UNIVERSITY AVE,10,35315,13256,48571,478,http://app.toronto.ca/AIC/index.do?folderRsn=eMpV%2Bsnst2OsGu9VW%2BerwA%3D%3D
540,Under Review,21 160168 NNY 15 SA,2021-05-25,"This application for Site Plan Control proposes a three storey multipurpose facility, consisting of a community centre and place of worship having offices, meetings rooms, and two levels of underground parking.",80 OVERLEA BLVD,15,0,3869,3869,0,http://app.toronto.ca/AIC/index.do?folderRsn=mL6ARiNijtpgb6rkZYO2sQ%3D%3D
541,Under Review,22 243305 NNY 15 OZ,2022-12-30,"Proposal for 11 residential dwelling units, comprised of 9 rear-lane access three-storeys townhouse units fronting Bayview Avenue and 2 single-detached two-storeys dwellings located in the rear (western) portion of the Subject Site. The Proposed Developm",2690 BAYVIEW AVE,15,2889.93,0,2889.93,11,http://app.toronto.ca/AIC/index.do?folderRsn=mdjjaaYrfFDNU0B5JoRdSg%3D%3D
542,Built,12 146406 ESC 44 OZ,2012-03-30,Zoning by-law amendment application to enable the development of a proposed 12-lot residential subdivision.,4027 ELLESMERE RD,25,1783.6,0,1783.6,12,
543,Active,16 114472 STE 20 OZ,2016-02-09,Proposal for Zoning By-law Amendment  to permit a 15 storey mixed use building with117residential units and 455 metres of retail space with one level of underground parking.,489 WELLINGTON ST W,10,8479.8,455.7,8935.5,117,http://app.toronto.ca/AIC/index.do?folderRsn=a7ZSgZ407Qlvuonp1Q%2FxiA%3D%3D
544,Active,11 291307 NNY 23 OZ,2011-10-12,Convert existing single family residential dwelling into professional office use as a law office.  Eight parking spaces provided at the rear of the buidling.,219 FINCH AVE W,18,0,495.32,495.32,0,
545,Under Review,22 143092 ESC 24 SA,2022-05-05,"Site Plan Application for 28 four-storey stacked townhouse units that would be situated within two blocks to the east and south of the existing apartment building, The existing 13-storey apartment  building on the site would be maintained.",750 MORNINGSIDE AVE,24,2873.2,0,2873.2,28,http://app.toronto.ca/AIC/index.do?folderRsn=kVDROV6sad1gJnpRGFSodw%3D%3D
546,Under Review,20 232714 STE 12 OZ,2020-12-21,"Zoning By-law Amendment application to permit phased development of five mixed-use buildings at 45, 55, 60 and 65 storeys with 2,892 residential units.  Proposal includes a new public plaza, open spaces, street connections, a community use facility, and",2180 YONGE ST,12,206803,47131,253934,2892,http://app.toronto.ca/AIC/index.do?folderRsn=N59s8Qf2JU22pCem2v3syQ%3D%3D
547,Under Review,23 102712 WET 07 SA,2023-01-11,"The proposed development contemplates a one-storey commercial building containing a convenience eating establishment with a total GFA of 107.02 sq.m. Further, an associated drive thru (Tim Hortons) is proposed.",1733 WILSON AVE,7,0,107,107,0,http://app.toronto.ca/AIC/index.do?folderRsn=J5RlQO%2BLvfmHoKLApwWOIg%3D%3D
548,Active,19 235027 STE 11 SA,2019-10-10,"Site Plan Approval application for a proposed four-storey (including mech penthouse) institutional building having a height of 15.916 metres, and comprised of 8235 square metres of non-residential floor area.",10 ELM AVE,11,0,2586.1,2586.1,0,http://app.toronto.ca/AIC/index.do?folderRsn=6grJAjNxCm%2Bpi8s5SxjnyQ%3D%3D
549,Built,18 139795 STE 19 SA,2018-04-06,"Liberty Village Block 10: Site Plan Control application for a proposed mixed-use building: 25 storeys plus MPH, 440 dwelling units, 259 parking spaces, residential gross floor area 26,742.0 sq. m.; retail gross floor area 215.0 sq. m.). See related Minor",39 EAST LIBERTY ST,10,26735,215,26950,440,http://app.toronto.ca/AIC/index.do?folderRsn=Tz1XGT6JTyfeUANicP%2BZIQ%3D%3D
550,Active,15 202048 ESC 44 OZ,2015-08-05,Proposed rezoning to permit the development of 2 additional rental apartment buildings with heights of 8 and 17-storeys on an existing rental apartment site containing a 16-storey rental apartment building and 2 blocks of rental townhouses.  A total of 3,1 DEAN PARK RD,25,23316.4,0,23316.4,351,http://app.toronto.ca/AIC/index.do?folderRsn=MKgWW4IKDntjaNwDqsKpLQ%3D%3D
551,Active,19 205018 STE 11 OZ,2019-08-13,"Official Plan Amendment and Zoning By-law Amendment application for a five-storey (25.5 metre) building that would contain 7,024 square metres of institutional uses (academic, office, research, teaching, and student experience spaces). No vehicle parking",73 QUEEN'S PARK CRES E,11,0,7024,7024,0,http://app.toronto.ca/AIC/index.do?folderRsn=vcABYd0cmAAqe9byHCYvUA%3D%3D
552,Built,15 256733 STE 20 OZ,2015-11-25,Application for official plan amendment and rezoning in order to permit the redevelopment of the Site for a 12-storey mixeduse development comprising approximately 296 condominium apartments and 2301 square metres of grade related retail space.,275 ALBANY AVE,11,24278.77,2209.53,26488.3,216,
553,Built,18 245467 NNY 06 SA,2018-10-19,"1- four storey, apartment building containing 42 stacked townhouse dwelling units with one level of underground parking and 6 blocks of  3-storey townhouses consisting of 38 dwelling units, for a total of 80 dwelling units.",2995 KEELE ST,6,10234,0,10234,80,http://app.toronto.ca/AIC/index.do?folderRsn=P7baxcAW33Hx%2BKGBMzZ9kQ%3D%3D
554,Active,20 181262 NNY 15 OZ,2020-08-17,"Zoning By Law Amendment application to permit an 8-storey building. The proposed development consists of a total 132 residential dwelling units, including seven townhouse units and 248 square metres of retail/commercial space. Vehicular and bicycle parki",126 LAIRD DR,15,9783.6,248.6,10032.2,132,http://app.toronto.ca/AIC/index.do?folderRsn=xdQ1ZAUaCMbja0oCI2nbbg%3D%3D
555,Active,16 270147 STE 20 OZ,2016-12-22,This is a Zoning By-law Amendment resubmission  which proposes a substantially different building than the initial submission.  The initial application for a 15-storey office building was appealed to the LPAT.  Settlement discussions with the applicant h,504 WELLINGTON ST W,10,5495,0,5495,58,http://app.toronto.ca/AIC/index.do?folderRsn=s%2FJ7d1ay5Gf0CRpkqAZ3QQ%3D%3D
556,Active,17 268378 STE 18 SA,2017-11-28,"Site Plan Approval for a 3-storey apartment building: 8 dwelling units, 411.09 sq. m. res. gross floor area",1103 DUFFERIN ST,9,564.5,0,564.5,8,http://app.toronto.ca/AIC/index.do?folderRsn=gVxD2AeZd7E8KuIBhzpHRA%3D%3D
557,Under Review,22 115276 ESC 25 SA,2022-02-17,6-storey rental apartment building. Infill development of apartment site.,205-207 MORNINGSIDE AVE,25,8903.45,0,8903.45,130,http://app.toronto.ca/AIC/index.do?folderRsn=aLEAmIsezRSy0tJmu5CtNw%3D%3D
558,Active,15 152614 NNY 16 OZ,2015-05-06,"application to permit the proposal to for a 9 storey midrise building fronting on to Bathurst Street with residential gfa of 14,720 square metre and 850 gfa of 850 square mtres for a total of 15,570 square metres.  174 vehicle spaces proposed.  Associate",2795-2799 BATHURST ST,8,14800,692,15492,165,http://app.toronto.ca/AIC/index.do?folderRsn=%2BgHh1ZrtODiWB7SqWgUlgg%3D%3D
559,Active,16 268947 STE 20 OZ,2016-12-20,"Zoning Amendment Application to allow a 19-storey mixed-use building with two levels of underground parking, retail at grade and approximatley 139 residential units above.",457 RICHMOND ST W,10,9375,107,9482,140,http://app.toronto.ca/AIC/index.do?folderRsn=%2B093u%2BBC6N7bdsTujWhSZQ%3D%3D
560,Built,17 270052 STE 28 SA,2017-12-01,"BLOCK 12: A Site Plan application to development of the site with a mixed-use building with ground floor retail along Front Street, 401 residential units, 355 parking spaces and 480 bicycle parking spaces. A total gross floor area of 32,821 is proposed c",475 FRONT ST E,13,31507,1338,32845,401,http://app.toronto.ca/AIC/index.do?folderRsn=lTedw9%2B7HXUh4Zrb3oflrA%3D%3D
561,Under Review,21 246686 NNY 18 OZ,2021-12-09,"To propose an Official Plan Amendment to facilitate the redevelopment of the site with buildings ranging from 4-50 storeys in height, and having a proposed non-residential gross floor area of 29,514 square metres, and a residential gross floor area of 63",6464 YONGE ST,18,639606,29514,669120,8324,http://app.toronto.ca/AIC/index.do?folderRsn=F4tqtpEi3vfFFqMfcza34A%3D%3D
562,Built,04 149437 STE 11 OZ,2004-06-22,Demolish the existing building and construct an 16-storey building consisting of a 3-storey podium with a 13-storey tower containing 51 units. Note concurrent site plan application #04-149456 SA.,77 CHARLES ST W,11,10255,3544,13799,51,
563,Active,19 252092 WET 03 OZ,2019-11-21,"Develop a 6 storey Mixed-Use building. Residential Apartment Condominium on the upper 5 floors, with Commercial space on the first floor. Mechanical and outdoor amenities on 7th floor.",3353 LAKE SHORE BLVD W,3,4560,269,4829,60,http://app.toronto.ca/AIC/index.do?folderRsn=Uh6JnIk%2FgSOvSNDCz%2B7e4Q%3D%3D
564,Active,21 170124 WET 03 OZ,2021-06-14,"Proposed amendments to the Zoning By-law  to permit a new 5 storey self storage building with 12,601.84 sqm of GFA and 17 at grade parking spaces.",378 BERING AVE,3,0,12601,12601,0,http://app.toronto.ca/AIC/index.do?folderRsn=zCoHEHsrTi05SEgYLeJwig%3D%3D
565,Under Review,21 188402 NNY 15 OZ,2021-07-22,Zoning By Law Amendment application to permit the proposal for 6 townhouses fronting onto Bayview Avenue with a total proposed Gross Floor Area of 1495m2 and an overal density of 1.12 times the area of the lot.,93 YORK RD,15,1494.77,0,1494.77,6,http://app.toronto.ca/AIC/index.do?folderRsn=LmVTyEyDIPci7FLWUvBguQ%3D%3D
566,Built,17 133928 STE 28 SA,2017-03-24,A Site Plan Control application for Block 16 of the West Don Lands. The application proposes to construct a compliant 12-storey mixed-use condominium building with a total of 187 residential units and 777 square metres of commercial retail space along Fr,460 FRONT ST E,13,13267,691,13958,187,http://app.toronto.ca/DevelopmentApplications/associatedApplicationsList.do?action=init&folderRsn=4127075&isCofASearch=false
567,Active,17 192881 STE 20 OZ,2017-07-05,"Zoning By-law Amendment to facilitate redevelopment of the site with a 19-storey (including mezzanine) mixed-use retail and residential project, comprised of a 7-storey tower atop a 12-storey podium (including mezzanine). The project proposes 116 residen",450 RICHMOND ST W,10,7799,339,8138,117,http://app.toronto.ca/AIC/index.do?folderRsn=8WP68EW6PjmkHCP3w%2Fr4LQ%3D%3D
568,Active,15 113708 NNY 33 SA,2015-02-09,"Application to replace an existing 79-space surface parking lot located on the southeast portion of the Atria 1,2 and 3 lands (adjacent to Settler Road) with a six-storey above grade parking structure containing 535 parking spaces. The proposal would res",2235 SHEPPARD AVE E,17,0,398.94,398.94,0,http://app.toronto.ca/AIC/index.do?folderRsn=Jvuayv8FV5%2FxoEo0xFRebQ%3D%3D
569,Under Review,19 101834 STE 09 OZ,2019-01-07,"Official Plan and Zoning By-Law Amendment to permit an 8-storey apartment building fronting onto Dufferin Street and 4 storey townhouses fronting onto Boland Lane.  The height of the building would be 25.1 metres (excluding Mechanical Penthouse), and it",646 DUFFERIN ST,9,9322,0,9322,135,http://app.toronto.ca/AIC/index.do?folderRsn=Gdi1iSpKiZbmrHXOIbBGzw%3D%3D
570,Built,19 195957 STE 19 SA,2019-07-26,"Site Plan Approval for the construction of an addition containing 12 affordable housing units to the existing apartment building. This is a City priority affordable housing application designated as a ""Concept 2 Keys"" file.",425 COXWELL AVE,19,956.43,0,956.43,12,http://app.toronto.ca/AIC/index.do?folderRsn=fS3MyYGBWdYvTtqdL4gbSg%3D%3D
571,Active,16 261959 STE 28 SA,2016-12-08,Regent Park - BLOCK 16N. Proposed Site Plan for a 15-storey building (plus the satellite district energy plant) with 213 rental dwelling units for Toronto Community Housing and 466 sq. metres of office GFA. 94 parking spaces proposed below-grade. Seeking,591 DUNDAS ST E,13,24155,466,24621,213,http://app.toronto.ca/AIC/index.do?folderRsn=ZqDSNMF5MT1UEiiNBPzIBQ%3D%3D
572,Under Review,21 234044 STE 11 OZ,2021-11-04,"Official Plan and Zoning By-law Amendment Applicaiton to permit a 29-storey mixed-use building, containing 143 dwelling units and 1441 square metres of non-residential gross floor area. An Official Plan Amendment is required to permit the height and buil",69 YORKVILLE AVE,11,14189,1441,15630,143,http://app.toronto.ca/AIC/index.do?folderRsn=HPn%2BUMRGc77uZTznSFovuA%3D%3D
573,Built,19 192120 ESC 23 SA,2019-07-19,"Proposed development comprising of a 54,199 m2 two storey industrial mail sorting building which includes a 6,286 m2 office component.",1395 TAPSCOTT RD,23,0,54178.55,54178.55,0,http://app.toronto.ca/AIC/index.do?folderRsn=wUYcVgOycwh9vxrUZHMTlg%3D%3D
574,Built,13 246101 STE 27 OZ,2013-10-04,Proposed 56-storey mixed use development at 836-850 Yonge St and 1-9A Yorkville Ave that partially retains the 3 storey listed heritage buildings fronting onto Yonge Street.,836 YONGE ST,11,38747.74,761.18,39508.92,569,
575,Active,19 259116 STE 11 OZ,2019-12-09,"Official Plan and Zoning By-law Amendment application for a 9-storey (30.2 metres including mechanical penthouse), 188-bed (160 dwelling rooms and 28 dwelling units) student residence with a food hall on the ground floor.",40 HARBORD ST,11,0,8253,8253,0,http://app.toronto.ca/AIC/index.do?folderRsn=pM3yYm31Lv%2Bb5XKugJHvkg%3D%3D
576,Built,18 169199 STE 22 SA,2018-05-31,"To alter the redevelopment plan approved under Site-Specific By-law 888-2011 (OMB) and construct a new 20-storey residential building by increasing the permitted residential gross floor area, the number of dwelling units, and by making alterations to bal",215 LONSDALE RD,12,24078,0,24078,177,http://app.toronto.ca/AIC/index.do?folderRsn=096sFIIOcdqNRQzz5gPdFg%3D%3D
577,Built,16 195545 WET 05 SA,2016-07-22,"Proposed development of a 25-storey, mixed use building c",5415 DUNDAS ST W,3,23366,5096,28462,295,http://app.toronto.ca/AIC/index.do?folderRsn=A3fPITPfHPFl3XlwIOJIiQ%3D%3D
578,Built,21 210103 WET 07 SA,2021-09-09,"Gold Star application proposing to demolish the existing building and construct a 2-storey industrial building for the use of a data center. The proposed development will have a gross floor area of approximately 14,072 square metres and a proposed densit",15 FENMAR DR,7,0,14072,14072,0,http://app.toronto.ca/AIC/index.do?folderRsn=fThxpy%2F62yLoesz3%2Bw9nnA%3D%3D
579,Under Review,21 235157 STE 19 OZ,2021-11-07,"Official plan and Zoning By-law Amendment to facilitate the redevelopment of the site for two mixed-use towers having heights of 35 and 55-storeys. The proposed non-residential gross floor area is 390 square metres, and the proposed residential gross flo",2721 DANFORTH AVE,19,74940,390,75330,1139,http://app.toronto.ca/AIC/index.do?folderRsn=gipubukCtrmqbGj1uvSbVA%3D%3D
580,Under Review,21 235704 WET 03 OZ,2021-11-09,"Proposed amendments to the City's Official Plan and Zoning By-laws to permit a mixed use 10 storey mid rise building and a 33 storey tower. The proposed redevelopment provides a total gross floor area of approximately 32,792 square metres, including appr",2405 LAKE SHORE BLVD W,3,32446,345,32791,471,http://app.toronto.ca/AIC/index.do?folderRsn=l8cUfb8uBUMIGHj7fu3spg%3D%3D
581,Under Review,23 120161 WET 03 SA,2023-03-06,"The application seeks to redevelop the property by demolishing the existing one-storey commercial building and constructing a new eight-storey mixed-use condomimum with 26 residential units, 118 m2 of ground floor commercial space, 5 surface car parking",722 THE QUEENSWAY,3,2303,142,2445,26,http://app.toronto.ca/AIC/index.do?folderRsn=syZtjACVQppOAKOWZItr%2Fw%3D%3D
582,Built,13 279638 STE 32 OZ,2013-12-18,Official Plan Amendment and Rezoning to permit the construction of a new YMCA on the ground and basement level and 7 levels of residential with a total of 93 units.  165 parking spaces will be provided in an underground garage.,907 KINGSTON RD,19,10237,4058,14295,91,
583,Active,16 174855 WET 05 SA,2016-06-15,To construct a four-storey mixed-use building containing second floor office space and five residential units on the third and fourth floors.,4872 DUNDAS ST W,3,591.14,395.68,986.82,5,http://app.toronto.ca/AIC/index.do?folderRsn=V%2FLARRGC8qsOo%2BiAJvlKQg%3D%3D
584,Under Review,18 149949 STE 27 SA,2018-04-27,Site Plan Control application to permit an 8-storey mixed use building containing 16 dwelling units and 200 square metres of non-residential gross floor area.,121 AVENUE RD,11,3093,200,3293,16,http://app.toronto.ca/AIC/index.do?folderRsn=X9iL64%2Bim7SgzCVUcfOe6A%3D%3D
585,Built,18 212287 STE 22 OZ,2018-08-20,Application to amend the Zoning By-law to permit a 4-storey (13.4 metres) residential building containing 27 dwelling units. The proposed development provides 1 level of underground parking with 51 parking spaces for residents and 5 parking spaces for vi,26 BIRCH AVE,12,6670,0,6670,27,http://app.toronto.ca/AIC/index.do?folderRsn=m%2FoAI6DVbTgYyuaHxzN%2F1Q%3D%3D
586,Active,20 181297 NNY 15 OZ,2020-08-17,"Zoning By Law Amendment application to permit a 8-storey building. The proposed development consists of a total 106 residential dwelling units, including two live-work units. Vehicular and bicycle parking is proposed within two levels of underground park",134 LAIRD DR,15,7579.8,148,7727.8,109,http://app.toronto.ca/AIC/index.do?folderRsn=luw%2FQShFxBjyDmnvK62eug%3D%3D
587,Under Review,16 271912 STE 30 OZ,2016-12-30,"This a with-prejudice comprehensive Zoning By-law Amendment application of two building blocks bound by Cherry Street, Villiers Street, Foundry Street and Commissioners Street. This development comprises of several buildings, two of which are podiums wit",309 CHERRY ST,14,107198,10670,117868,1597,http://app.toronto.ca/AIC/index.do?folderRsn=UHejxTFEHV2B4tjuaVKr8w%3D%3D
588,Built,18 145062 STE 14 SA,2018-04-17,Site Plan Control application to demolish existing residence seminary and construct a new three storey residence/seminary connected to existing seminary.,1360 KING ST W,4,1014,0,1014,4,http://app.toronto.ca/AIC/index.do?folderRsn=cXvvLAgb9OCiHZRo4TUG6Q%3D%3D
589,Active,19 153681 WET 03 SA,2019-05-13,"Site Plan Control application to permit a proposed 2-storey vehicle dealership. The proposal has a total gross floor area of 9,639 square metres.",2 WICKMAN RD,3,0,9639,9639,0,http://app.toronto.ca/AIC/index.do?folderRsn=ETOjFILj6VeKlHoA6xX3%2BA%3D%3D
590,Built,18 122319 WET 02 SA,2018-02-27,To demolish the existing one-storey building and construct a new industrial building for warehouse and office uses.,1330 MARTIN GROVE RD,1,0,35359,35359,0,http://app.toronto.ca/AIC/index.do?folderRsn=qwjbK9SPb6vWhPJozZqaMg%3D%3D
591,Active,16 270143 WET 01 SA,2016-12-22,To construct  a 4-storey mausoleum.,1810 ALBION RD,1,0,2176,2176,0,http://app.toronto.ca/AIC/index.do?folderRsn=%2BLjEIHpxdN6B6SR88K2zVg%3D%3D
592,Active,19 264278 NNY 08 SA,2019-12-23,Site Plan Control application - St Clement's School,21 ST CLEMENTS AVE,8,0,2669,2669,0,http://app.toronto.ca/AIC/index.do?folderRsn=osfmM1EyUHzmH2gu8g0MYQ%3D%3D
593,Built,11 330290 NNY 16 OZ,2011-12-22,"This application proposes to demolish all existing buildings on site and amend the Zoning By-law to permit a 7-storey mixed-use building.  The total gross floor area would be 16,023 m2 (172,470 ft2) which includes 2,007 m2 (21,603 ft2) of retail space. P",1678 AVENUE RD,8,13740.16,1863,15603.16,76,
594,Active,16 271540 ESC 36 OZ,2016-12-29,"Application to amend the Zoning By-law to permit a 6-storey residential building containing 32 units, along with ground floor retail space.  Two levels of below ground parking are proposed, providing a total of 29 parking spaces for residents and 4 space",1376 KINGSTON RD,20,3733,99,3832,32,http://app.toronto.ca/AIC/index.do?folderRsn=g3m2fdU6piGhz%2FdvYemv1A%3D%3D
595,Active,19 243242 STE 11 OZ,2019-10-30,"Official Plan and Zoning By-law Amendment application to permit a 14-storey mixed-use building, containing 155 live/work units (including 20 affordable housing units) and 2,000 square metres of non-residential gross floor area. The proposal includes a 17",888 DUPONT ST,11,12849,1946,14795,187,http://app.toronto.ca/AIC/index.do?folderRsn=qc9doJl4ZcmIIWlQgNgJHQ%3D%3D
596,Built,14 200553 STE 22 OZ,2014-08-01,To allow for a Official Plan Amendment and the Rezoning of the subject lands to allow for the construction of a 12storey building containing 40 residential units.,200 ST CLAIR AVE W,12,10700,0,10700,42,http://app.toronto.ca/DevelopmentApplications/associatedApplicationsList.do?action=init&folderRsn=3601077&isCofASearch=false
597,Active,21 214121 STE 11 OZ,2021-09-17,"Official Plan and Zoning By-law amendment application to allow a 35-storey mixed-use building, inclusive of a 10-storey podium.  The proposed non-residential gross floor area is 9993.1 square metres, and the proposed residential gross floor area is 25,06",1235 BAY ST,11,23837.7,91.5,23929.2,364,http://app.toronto.ca/AIC/index.do?folderRsn=c1KfxNdsVpgY9xstmEo83A%3D%3D
598,Active,20 112107 ESC 21 OZ,2020-02-04,Official Plan Amendment application to add new policies for the subject site at 1960 Eglinton Ave E (Cosmetica lands).  The Site and Area Specific Policy (SASP) would permit a mixed-use development with a new street and parkland.  The development would c,1960 EGLINTON AVE E,21,146956,63756,210712,2061,http://app.toronto.ca/AIC/index.do?folderRsn=iQk1dDD0bOsw35h6fw8i%2FA%3D%3D
599,Active,20 232820 STE 11 OZ,2020-12-21,Proposal for a 38-storey hotel building.,820 CHURCH ST,11,0,10097,10097,0,http://app.toronto.ca/AIC/index.do?folderRsn=tnPz%2FVmlsbRKM2BGM5iT3w%3D%3D
600,Under Review,22 185925 STE 13 OZ,2022-08-04,Proposal to facilitate the redevelopment of the subject site (currently occupied by a 4-storey residential building and townhouses) with a 58-storey residential building. The building would consist of a 4- to 9-storey podium element and 49-storey tower e,561 JARVIS ST,13,42658,327,42985,649,http://app.toronto.ca/AIC/index.do?folderRsn=qdEN58vxP4ApZS%2FcWsFTTg%3D%3D
601,Under Review,23 129522 WET 03 SA,2023-03-31,"The proposed development, which consists of a 5-Storey building, comprising of four 2-story apartments with retail space on the ground level, is the second phase of the approved development or 4 townhouse units, 2 apartment units, and a retail unit locat",208 BROWNS LINE,3,563.84,45.36,609.2,4,http://app.toronto.ca/AIC/index.do?folderRsn=UaMEnwGbbIwECiLxjL4txg%3D%3D
602,Built,15 135351 STE 20 SA,2015-04-01,"Proposed five-storey, 4304 square metre, 1200 seat reading room pavilion located on the west side of Robarts Library at the University of Toronto. The proposed building would be connected to the existing library by a four-storey bridge and would span ove",130 ST GEORGE ST,11,0,4304,4304,0,http://app.toronto.ca/DevelopmentApplications/associatedApplicationsList.do?action=init&folderRsn=3722407&isCofASearch=false
603,Built,15 120727 STE 28 OZ,2015-02-24,"Proposal for rezoning for a 29 storey mixed-use building consisting of 1,101 sq m of retail and 308 residential dwelling units, and 114 parking spaces in a 3-level underground parking garage.",75 THE ESPLANADE,10,21822,1096,22918,308,http://app.toronto.ca/AIC/index.do?folderRsn=lTRyFG5zMqvuG2LE2Sog%2Fg%3D%3D
604,Built,16 241014 WET 11 OZ,2016-10-21,Proposed amendments to former City of York Zoning Bylaw No. 1-83 to permit the construction of a 22-storey (63.3 m) residential apartment building with 233 units.,10 WILBY CRES,5,18290,0,18290,233,http://app.toronto.ca/AIC/index.do?folderRsn=QHckztCxN0BRFq8dncEGYg%3D%3D
605,Active,19 220917 ESC 22 OZ,2019-09-13,"Development comprising of a 22 storey mixed-use building, containing 410 residential units,  GFA of 28,364 square metres, a  floor space index of 4.31 times the lot area, and 260 parking spaces.",2993 SHEPPARD AVE E,22,26766.67,1597.56,28364.23,410,http://app.toronto.ca/AIC/index.do?folderRsn=6ZaihrBjxEqV6UD%2Fe78ZxA%3D%3D
606,Active,16 269523 NNY 25 OZ,2016-12-21,Proposal for 4 Townhouse units facing Bayview Avenue with parking at rear.,2706 BAYVIEW AVE,15,1288,0,1288,4,http://app.toronto.ca/AIC/index.do?folderRsn=jTPam2wM6JxRx39pS9bPfA%3D%3D
607,Under Review,21 197589 ESC 20 SA,2021-08-12,"Site Plan Approval for a 1-storey industrial building having a non-residential gross floor area of 13,287.57sm (143.026.21sf). The applicant had cancelled their application in July 2023 and sold the site.",756 WARDEN AVE,20,0,13178.12,13178.12,0,http://app.toronto.ca/AIC/index.do?folderRsn=0BU4YGj3NW3e4Betpuylww%3D%3D
608,Built,17 180147 STE 20 SA,2017-06-14,"Site Plan Approval for an addition to the existing rental apartment building.  The existing building contains 103 rental dwelling units and 5,146 square metres GFA.  The proposed addition contains 24 dwelling units and 1,348 square metres of GFA.",14 SPADINA RD,11,1349,0,1349,24,http://app.toronto.ca/AIC/index.do?folderRsn=r%2FJdsVVsCA1OHtrJAffwag%3D%3D
609,Built,16 261935 STE 28 SA,2016-12-08,"Applicant is proposing a 14 storey mid-rise building containing 174 residential units, 680.87 sq. m of at grade retail,  197  vehicular parking spaces (including visitor) and 189 bike parking spaces. Parking is provided via  a four level below grade gara",261 QUEENS QUAY  E,10,24312,1418,25730,174,http://app.toronto.ca/DevelopmentApplications/associatedApplicationsList.do?action=init&folderRsn=4074261&isCofASearch=false
610,Active,16 150473 NNY 24 OZ,2016-05-04,Proposed 10-storey mixed use building with 64 dwelling units and 158.0 square metres of commercial floor area at ground floor level and 2 levels of below grade parking.,50 FINCH AVE E,18,4967,106,5073,42,http://app.toronto.ca/AIC/index.do?folderRsn=G3zRbAdTpLCwZpqw6sOe3Q%3D%3D
611,Active,18 218741 STE 20 OZ,2018-08-31,"Proposed 14-storey institutional tower at the northern portion of the existing four-storey Goldring Centre for High Performance Sport, which would form the base of the building.",100 DEVONSHIRE PL,11,0,10340,10340,0,http://app.toronto.ca/AIC/index.do?folderRsn=JeO5OiyZnP20tr73X2V5%2BQ%3D%3D
612,Active,16 175390 STE 18 SA,2016-06-16,Site Plan Approval for construction of a one storey addition (130.6m2) to existing building for commercial/restaurant and office use.,1334 DUNDAS ST W,9,468,236,704,1,http://app.toronto.ca/AIC/index.do?folderRsn=rUQZ%2FugyO3ob2cZfG46ZZg%3D%3D
613,Built,15 258720 STE 28 OZ,2015-11-30,"Proposed 18-storey office development with retail uses at-grade, with a total gross floor area of 37,775 square metres including 1,629 square metres of retail space at grade, which will have frontage on both King Street East and Colborne Street. The main",65 KING ST E,13,0,38369,38369,0,http://app.toronto.ca/AIC/index.do?folderRsn=yGtMXdQN%2BbS6I4yzmFqLew%3D%3D
614,Active,19 263567 WET 05 SA,2019-12-20,"Site Plan Control application to permit the development of a 4-storey self-storage building on the southeast portion of the site. The proposed 4-storey self-storage building would have a total gross floor area of 5,488.96 m2. The existing office building",7-11 INGRAM DR,5,0,5252,5252,0,http://app.toronto.ca/AIC/index.do?folderRsn=dUbnd0EVdrneRGAZOO%2FA4w%3D%3D
615,Under Review,21 234506 STE 11 OZ,2021-11-05,"Zoning By-law amendment to permit a 36-storey mixed-use building, containing 345 dwelling units and 250 square metres of non-residential gross floor area.",328 BLOOR ST W,11,28071,292,28363,345,http://app.toronto.ca/AIC/index.do?folderRsn=UvCaXU6I%2FHdQouhreM1ryA%3D%3D
616,Built,11 317575 STE 14 OZ,2011-11-29,Redevelopment of the existing site for a new mixed use development containing a 8-storey mid-rise building on Dundas St W and a 23 storey tower on the eastern portion of the site adjacent the rail corridor.  The 8-storey building effectively functions as,2376 DUNDAS ST W,4,26745.5,566,27311.5,393,
617,Under Review,22 202864 STE 11 OZ,2022-09-13,"Zoning By-law Amendment application to permit a 30-storey mixed-use building, containing 216 dwelling units and 320 square metres of non-residential GFA. The site includes a listed property on the Heritage Register which is proposed to be demolished.",17 ELM ST,11,13541,303,13844,216,http://app.toronto.ca/AIC/index.do?folderRsn=cYrEy6AWNB3ajFJs8EAboA%3D%3D
618,Under Review,15 230523 STE 27 OZ,2015-09-30,"Zoning By-law Amendment application to permit three tall buildings (89, 90, and 31 storeys) and one 2-storey building, containing 1,980 dwelling units and 27,374 square metres of non-residential gross floor area (including 400 hotel suites). The proposal",33 GERRARD ST W,11,132308,27374,159682,1709,http://app.toronto.ca/AIC/index.do?folderRsn=AR3r7iWPDRLLoGgUMU6kWA%3D%3D
619,Under Review,16 259549 STE 27 OZ,2016-12-02,"Zoning By-law Amendment application to permit a 10-storey mixed-use building, containing 18 dwelling units and 500 square metres of non-residential gross floor area. The proposal includes an on-site parkland dedication of 79 square metres.",183 AVENUE RD,11,6193,397,6590,18,http://app.toronto.ca/AIC/index.do?folderRsn=rw%2BwaI7i6dUeH1iHE4d2fg%3D%3D
620,Active,20 144475 ESC 24 SA,2020-05-12,"Expansion of existing A Block Building on the campus.  The proposed 6 storey (17 m) institutional building will connect to the existing 3 storey building.  The proposed addition consists of a total of 12,338 sq.m of gross floor area and will be comprised",941 PROGRESS AVE,24,0,12338,12338,0,http://app.toronto.ca/AIC/index.do?folderRsn=knKfeI%2FLNNBFaYRNratZdg%3D%3D
621,Under Review,22 141954 STE 10 OZ,2022-05-04,Application to amend the Official Plan (Central Waterfront Secondary Plan) and Zoning By-law at 307 Lake Shore Boulevard East. The proposal is for a 49-storey (155 m) residential tower containing 430 residential units with one level of non-residential po,307 LAKE SHORE BLVD E,10,30994.3,700,31694.3,430,http://app.toronto.ca/AIC/index.do?folderRsn=DaS2dN6cZkSFWWNu4CfEqA%3D%3D
622,Built,16 270590 STE 28 SA,2016-12-23,Site Plan Approval application for Block 1 to permit a 25 storey office building with retail within a 2 storey podium.,55 LAKE SHORE BLVD E,10,0,59204,59204,0,http://app.toronto.ca/AIC/index.do?folderRsn=h2u7uMYjjx5fh2i%2FmYrBfw%3D%3D
623,Active,16 123717 NNY 09 OZ,2016-03-04,"Proposed nine storey mixed use building containing 95 dwelling units, gross floor area of 9,547 m2 (Residential:5,787 m2 & Retail/Office: 3,750 m2) with 3 below grade parking levels for 114 vehicular and 64 bicycle parking spaces. Proposal comprised of 3",1326 WILSON AVE,6,5715,3832,9547,69,http://app.toronto.ca/AIC/index.do?folderRsn=irEgGxOttJpHv39Zss5pjw%3D%3D
624,Built,17 120977 STE 28 SA,2017-02-24,Site Plan Application to permit a mixed use development consisting of a 2 tower scenario with retail uses at grade located on the Eastern portion of the site.  The 2 residential towers will be 37 and 45 storey's with a 4 storey podium linking the 2 tower,100 HOWARD ST,13,59327,1721,61048,760,http://app.toronto.ca/AIC/index.do?folderRsn=PWs84oxryMPKgDQRcXhk4w%3D%3D
625,Under Review,17 279888 STE 30 SA,2017-12-28,Sties Plan Control application for a proposed 6-storey mixed use building with 15 residential and one commercial units.  Minor Variance application 22 240793 STE 14 MV is associated (deferred Dec. 2022),8 DE GRASSI ST,14,707,60,767,15,http://app.toronto.ca/AIC/index.do?folderRsn=NRJszMnLRNNarLSdswtK4A%3D%3D
626,Active,14 169707 STE 32 SA,2014-06-06,To demolish the existing two-storey single family detached dwelling and obtain site plan approval to construct a five storey office building.,1895 QUEEN ST E,19,0,1068,1068,0,
627,Active,13 123864 STE 27 OZ,2013-02-22,"Rezoning application to permit the re-development of the lands for the purposes of a new mixed use building, 55 stories in height complete with 50,439m2 (748 units) of residential space, 3,055m2 of retail space and 22,488m2 of office space. This proposal",481 UNIVERSITY AVE,11,51933,24387,76320,709,
628,Under Review,24 175201 WET 03 SA,2024-07-05,"Proposed mixed-use building containing 1,058 units, 23-storey and 27-storey towers atop a nine-storey base building.",2 AUDLEY ST,3,73335,3067,76402,1058,http://app.toronto.ca/AIC/index.do?folderRsn=WzXbUmrDm%2BbS5mB5NjMQMA%3D%3D
629,Active,12 144920 NNY 15 OZ,2012-03-28,Proposed to construct eight single detached dwellings and a new public street on a lot created by two exising properties fronting Jane Osler Boulevard and the backyards severed from two properties of Cartwright Avenue.,36 JANE OSLER BLVD,8,3239.19,0,3239.19,8,http://app.toronto.ca/DevelopmentApplications/associatedApplicationsList.do?action=init&folderRsn=3101959&isCofASearch=false
630,Active,21 225968 STE 11 SA,2021-10-14,Site Plan Approval for two mixed-use towers having heights of 169 metres (Tower A) and 210 metres (Tower B) atop a combined podium having a height of 48.0 metres.,2 BLOOR ST W,11,66967,9762,76729,925,http://app.toronto.ca/AIC/index.do?folderRsn=%2FykreLP%2BKrTETwe6lEIxZw%3D%3D
631,Active,18 171420 NNY 34 SA,2018-06-04,Proposal for a five-storey self-storage building,1 MOBILE DR,16,0,13277,13277,0,http://app.toronto.ca/AIC/index.do?folderRsn=WiwdBC1TbrQh9uJ%2B5LTjyg%3D%3D
632,Built,12 296517 STE 22 OZ,2012-12-20,"Proposed 56 storey mixed used building with 560 dwelling units, and provide for eight levels of underground parking with 306 parking spaces.  A total of 591 bicycle parking spaceswill be provided.",2221 YONGE ST,12,40616.2,880,41496.2,605,
633,Built,15 232119 ESC 37 SA,2015-10-02,To construct an 856 m2 one-storey addition to the existing one-storey commercial building.,1306 KENNEDY RD,21,0,856.1,856.1,0,http://app.toronto.ca/AIC/index.do?folderRsn=R%2B6idyOpojzC%2FASHFHKL3A%3D%3D
634,Built,10 194423 STE 31 OZ,2010-06-11,Master plan for the redevelopment of Toronto East General Hospital,825 COXWELL AVE,19,0,35229,35229,0,
635,Under Review,23 141989 STE 14 SA,2023-05-05,"The Application proposes the redevelopment of the site by demolishing the existing rental apartment building on the subject site, which contains six rental dwelling units, and constructing a six storey, mixed use building containing of 20 residential uni",882 BROADVIEW AVE,14,1147,47,1194,20,http://app.toronto.ca/AIC/index.do?folderRsn=v6egu5n96Uh2mERpNLhoUQ%3D%3D
636,Active,19 125840 STE 11 OZ,2019-03-14,"Zoning By-law Amendment application for a 5-storey (19 metres including mechanical penthouse), 16,563 square metre institutional building containing a 346-bed student residence, classrooms and office space, and integrating the existing Larkin Building an",6 HOSKIN AVE,11,0,11991,11991,0,http://app.toronto.ca/AIC/index.do?folderRsn=tnVDMsObPdEaGLgKLV1qsQ%3D%3D
637,Active,17 266470 STE 29 OZ,2017-11-23,"Zoning By-law Amendment to facilitate redevelopment of the site with a 7-storey mixed use building: 50 dwelling units, height 24.2 metres, 5260 square metres of residential gross floor area and 409 square metres of retail space on the ground floor",995 BROADVIEW AVE,14,5341.7,371.7,5713.4,50,http://app.toronto.ca/AIC/index.do?folderRsn=SawzLJGJ2XIdbHanpX0%2BUQ%3D%3D
638,Active,21 242724 STE 12 OZ,2021-11-29,"Official Plan and Zoning By-law Amendment application to facilitate the redevelopment of the site for an 11-storey mixed-use building fronting onto Yonge Street, and connected to seven 3-storey townhouse units fronting onto Tullis Drive.  The proposed no",2039 YONGE ST,12,10426,400,10826,121,http://app.toronto.ca/AIC/index.do?folderRsn=H85mnboQ6OlclK0BGWPV0w%3D%3D
639,Active,17 245489 NNY 25 OZ,2017-10-10,Official Plan Amendment and Zoning By Law amendment  to construct a 14 storey residential building on the western portion of the subject site. The proposed building would be constructed over the existing TTC subway tunnel andbe setback 1.0 metre from the,4155 YONGE ST,15,7130.17,0,7130.17,30,http://app.toronto.ca/AIC/index.do?folderRsn=zMnaiNn1ABXgE1Rdg34D%2FQ%3D%3D
640,Under Review,22 185127 STE 14 OZ,2022-08-03,The proposal is to construct a new 49-storey mixed-use building with three levels of underground parking. The ground level includes a shared residential and office lobby as well as retail and commercial uses fronting onto Danforth Avenue and a portion of,654-656 DANFORTH AVE,14,29756,4744,34500,496,http://app.toronto.ca/AIC/index.do?folderRsn=bejo%2FJrnxvmp4omhwVGMHg%3D%3D
641,Active,15 138688 NNY 25 OZ,2015-04-09,"The applicant proposes to amend the zoning by-law to allow for the construction of an seven-storey, 41 unit rental apartment building, having a gross floor area of 3, 819m2.",2851 YONGE ST,15,3510.4,0,3510.4,29,http://app.toronto.ca/AIC/index.do?folderRsn=zCwwVwlghDtOfzx9yUm0Bw%3D%3D
642,Active,17 274213 ESC 37 OZ,2017-12-11,"Proposal for a mixed-use development consisting of a 21 storey building including 564 sm of retail space(at the northeast corner of Lawrence Ave E and Birchmount Rd.), a 7 storey mid-rise building (along Birchmount Rd.), 3 blocks of stacked townhouses (f",2180 LAWRENCE AVE E,21,24000,0,24000,429,http://app.toronto.ca/DevelopmentApplications/associatedApplicationsList.do?action=init&folderRsn=4294603&isCofASearch=false
643,Under Review,22 199265 STE 12 OZ,2022-09-02,"A 41-storey mixed-use building, containing 489 residential units and 2 parking spaces.",1366 YONGE ST,12,32196,100,32296,489,http://app.toronto.ca/AIC/index.do?folderRsn=3jhqKm3wYcZP5Z4RdYOYzA%3D%3D
644,Under Review,23 148273 ESC 22 OZ,2023-05-19,"Official Plan & Zoning By-law Amendment for three towers (12-storey mid-rise building, two towers 39 and 34 storeys tall). There will be a new public park fronting onto Sheppard Avenue East and a public street bisecting the subject site. In total, the pr",4181 SHEPPARD AVE E,22,81960.9,733.7,82694.6,1009,http://app.toronto.ca/AIC/index.do?folderRsn=mfWqLOyH3G3VehXCeq8Tjg%3D%3D
645,Built,15 236785 STE 27 OZ,2015-10-13,Zoning By-law Amendment application for a 29-storey mixed-use building (86.25m including mechanical penthouse) with 576 sq. m of retail and 328 residential units.,60 SHUTER ST,13,22387,487,22874,321,http://app.toronto.ca/DevelopmentApplications/associatedApplicationsList.do?action=init&folderRsn=3841401&isCofASearch=false
646,Built,17 225532 WET 02 OZ,2017-08-30,"Proposed amendments to the former City of Etobicoke Zoning Code and City of Toronto Zoning By-law 569-2013 to permit a 7-storey, 120 room hotel.",25 INTERNATIONAL BLVD,1,0,6195,6195,0,http://app.toronto.ca/DevelopmentApplications/associatedApplicationsList.do?action=init&folderRsn=4237338&isCofASearch=false
647,Under Review,17 253018 NNY 24 OZ,2017-10-25,"A revised Zoning By-law amendment application to permit 83 units within five 3-storey buildings. Three of the blocks front Centre Avenue and the other two blocks front a landscaped pedestrian courtyard. The proposed FSI is 1.3 times the area of the lot,",33 CENTRE AVE,18,12747.94,0,12747.94,146,http://app.toronto.ca/AIC/index.do?folderRsn=1DugtTfLGrdwnQWr8NTjVA%3D%3D
648,Under Review,23 151381 ESC 23 SA,2023-05-26,"Site Plan Approval for for three non-residential buildings (office, retail and light industrial) having a combined non-residential gross floor area of 4,546 square metres.",4035 MCNICOLL AVE,23,0,4546,4546,0,http://app.toronto.ca/AIC/index.do?folderRsn=0rQ2RfvA9tYeb2MZGBL3QQ%3D%3D
649,Active,19 263883 ESC 20 OZ,2019-12-20,The application proposes to amend the City of Toronto Zoning By-Law 569-2013 to facilitate the construction of an 11-storey mixed-use building on the south-west corner of Eglinton Avenue East and Huntington Avenue. The proposed building would have a tota,2567 EGLINTON AVE E,20,8424,432,8856,118,http://app.toronto.ca/AIC/index.do?folderRsn=xHAbwKP9IkqZ5auNpj0IRg%3D%3D
650,Built,11 187996 STE 27 OZ,2011-05-05,An application to amend City of Toronto Zoning By-law No. 438-86 to permit a mixed use development with a 23-storey tower and a 52-storey tower containing 776 residential condominium units on a shared 7-storey podium.  The podium would contain retail use,501 YONGE ST,13,50470,1256,51726,832,
651,Under Review,20 232964 STE 11 SA,2020-12-22,"Proposal for a 3-storey mixed-use building having a residential gross floor area of 301.87 square metres, and a non-residential gross floor area of 120.23 square metres.  A total of 3 residential dwelling units are proposed.",10 A KENSINGTON AVE,11,301.87,120.23,422.1,3,http://app.toronto.ca/AIC/index.do?folderRsn=RUkeGI9DjdV48l3ARwZ8%2BQ%3D%3D
652,Active,18 269227 NNY 16 OZ,2018-12-17,"Original application for a 10 storey mixed use building containing 222 residential units, one commercial unit on the ground floor and three levels of underground parking.  Proposal has been revised and is now for a 9-storey building containing 252 dwelli",1861 O'CONNOR DR,16,15635.6,184.1,15819.7,245,http://app.toronto.ca/AIC/index.do?folderRsn=UW1E6pARVeooHbq3hhpkPw%3D%3D
653,Built,14 193239 STE 19 OZ,2014-07-18,Two storey retail podium and 9 storey mid-rise residential building that is  replacing a one storey auto dealership on Employment Area property by way of OMB mediation..,740 DUPONT ST,11,16579.9,3209.1,19789,210,
654,Under Review,22 184087 NNY 16 OZ,2022-07-29,"Proposed development consists of three (3) phases. Phase One is - privately Owned Publicly Accessible Open Space (POPS) with below grade parking in the  existing conference centre. Phase Two - proposes two towers of 56 and 49 storeys (Buildings A and B,",793 DON MILLS RD,16,162530.28,0,162530.28,2655,http://app.toronto.ca/AIC/index.do?folderRsn=kCb%2BCHUL%2B%2BNuERbUh2i88Q%3D%3D
655,Active,21 136166 STE 14 OZ,2021-04-06,"Proposal for a 12-storey mixed-use building having a non-residential gross floor area of 198 square metres, and a residential gross floor area of 13,307 square metres.  A total of 180 residential dwelling units are proposed.",880-882 EASTERN AVE,14,13341.2,198.4,13539.6,180,http://app.toronto.ca/AIC/index.do?folderRsn=pw7m6TsUbN%2BE2xI0pM5%2FQw%3D%3D
656,Active,21 188070 WET 07 OZ,2021-07-22,Proposal for a Zoning By-law Amendment to permit infill development allowing for two new six-storey buildings (Building 'A' and Building 'B') fronting on Gosford Boulevard. A total of 135 rental units are being proposed resulting in a residential gross f,4500 JANE ST,7,14207,0,14207,135,http://app.toronto.ca/AIC/index.do?folderRsn=gJ8gM7F0FVoYSqLjs40Ieg%3D%3D
657,Active,22 138028 STE 12 OZ,2022-04-25,"Official Plan and Zoning By-law Amendment, application to permit a 30.5 metre residential building with 12,000 sqm of GFA and 150 units.",500 MACPHERSON AVE,12,11116,0,11116,150,http://app.toronto.ca/AIC/index.do?folderRsn=yDJe9G9Qn2VTso9h1p2Qtg%3D%3D
658,Active,15 183193 ESC 35 OZ,2015-06-30,"Official plan amendment, re-zoning, subdivision and site plan applications to permit 26 grade-related townhouses, fronting on an extension of Pidgeon Street and on a new private lane.",95 PIDGEON ST,20,4525.68,0,4525.68,26,
659,Active,19 238226 STE 12 OZ,2019-10-18,Zoning By-law Amendment application for a proposed 9-storey residential building containing 30 residential dwelling units and approximately 3636.4 square metres of residential floor area. Two levels of underground parking are proposed.,24 IMPERIAL ST,12,3762.3,0,3762.3,30,http://app.toronto.ca/AIC/index.do?folderRsn=TwbrO216A7a6DAmqqCZ%2BZw%3D%3D
660,Active,16 208200 NNY 23 OZ,2016-08-17,"Proposal to permit an 11 storey mixed use building containing 103 residential units, 450 sqm of retail and service uses on the ground floor, two levels of underground parking having access from Senlac Road., 9- three storey townhouses fronting onto Boger",245 SHEPPARD AVE W,18,11507,451,11958,112,http://app.toronto.ca/AIC/index.do?folderRsn=9xHbevAKJRsysfTLy7kYbw%3D%3D
661,Built,12 169750 STE 22 OZ,2012-05-09,Rezoning application for construction of 10  townhomes with common element underground parking spaces. - 3 stories.,23 LASCELLES BLVD,12,3360,0,3360,10,
662,Active,21 166606 STE 13 OZ,2021-06-07,Official Plan and Zoning By-law Amendment application for two mixed-use towers having heights of 54 and 59 storeys.,25 ST MARY ST,13,76612,1040,77652,1283,http://app.toronto.ca/AIC/index.do?folderRsn=j3XSwKGvUol5sWhehYEW4g%3D%3D
663,Built,14 183553 STE 27 OZ,2014-07-02,"Revised rezoning application submitted on June 2, 2015 to permit a 38-storey  condo building containing 344 dwelling units and 128 parking spaces below grade. This application is associated with 14 183555 STE 27 RH - an application to replace 22 rental u",75 MUTUAL ST,13,22839,765,23604,385,
664,Under Review,22 198781 STE 13 OZ,2022-09-01,"Official Plan Amendment and Zoning By-Law Amendment applications for a 24 storey tower with a total of 256 residential dwelling units and a total gross floor area of approximately 17,826 square metres, including 17,410 square metres of residential GFA an",237 VICTORIA ST,13,17410,416,17826,256,http://app.toronto.ca/AIC/index.do?folderRsn=jqZBi6Z50fzKxQ8W5H%2Bflg%3D%3D
665,Active,19 236352 WET 02 OZ,2019-10-15,This application seeks to amend the Official Plan and Zoning By-law to permit a phased mixed-use development consisting of 4 buildings ranging from 20 to 21 storeys.,900 THE EAST MALL,2,64701,6240,70941,846,http://app.toronto.ca/AIC/index.do?folderRsn=NmZEFyqXVuz9vSy6U%2F1ymA%3D%3D
666,Built,15 139695 NNY 23 OZ,2015-04-13,"Resubmission  Feb 19/16 - Proposed development at 2966 Bayview Ave and 400 Hillcrest Ave to construct five townhouse dwelling units fronting onto Bayview Ave and one single detached ""transition"" unit fronting onto Hillcrest Ave with a total residential g",2966 BAYVIEW AVE,18,1268.14,0,1268.14,6,
667,Built,12 124056 STE 20 OZ,2012-02-16,Rezoning application to construct new mixed use building with retail on ground floor and residential above. - 25 storeys - 5 levels below grade parking - 151 parking spaces - 310 residential units.,324 RICHMOND ST W,10,23284.48,251.9,23536.38,340,
668,Active,18 241563 STE 14 OZ,2018-10-12,"Zoning By-law Amendment to facilitate redevelopment of the site with 4-storey townhouses to the rear of the existing 3-storey building, which will be retained.",41 WABASH AVE,4,3188,0,3188,15,http://app.toronto.ca/AIC/index.do?folderRsn=NUZLNeBLy1cLKr32iUGaTw%3D%3D
669,Active,19 226732 STE 11 OZ,2019-09-25,"Proposed six-storey addition (33 metres, including mechanical penthouse) to the existing Woodsworth College institutional building, consisting of approximately 3,767 square metres of new institutional floor area.",117 ST GEORGE ST,11,0,3767,3767,0,http://app.toronto.ca/AIC/index.do?folderRsn=ojVLnfnw4VcAW9k%2Bay8qPg%3D%3D
670,Under Review,23 165545 ESC 24 SA,2023-06-23,"Site Plan Approval for two (2) residential towers above a 6-storey podium. Tower A is proposed at 49-storeys total and features approximately 499 residential units, and Tower B is proposed at 53-storeys total and features approximately 561 residential un",1710 ELLESMERE RD,24,77036,0,77036,1060,http://app.toronto.ca/AIC/index.do?folderRsn=mwnHl25fk%2FABweQtLvJzKw%3D%3D
671,Under Review,23 165549 ESC 24 SA,2023-06-23,"Site Plan Approval for two (2) residential towers above a 6-storey podium. Tower D is proposed at 45-storeys and features approximately 418 residential units, and Tower E is proposed at 49-storeys and features approximately 552 residential units. There w",1710 ELLESMERE RD,24,75270.28,0,75270.28,1052,http://app.toronto.ca/AIC/index.do?folderRsn=YYraEUvSfeiTmjqCYrq%2BZg%3D%3D
672,Under Review,23 165553 ESC 24 SA,2023-06-23,"Site Plan Approval for a mixed use building above a 7-storey podium. Tower C is proposed at 28-storeys and features approximately 280 rental units, of which 30% will be available as affordable units. There will be approximately 22,114.19 square metres fo",1710 ELLESMERE RD,24,19711.42,2402.77,22114.19,280,http://app.toronto.ca/AIC/index.do?folderRsn=QE4VBYmsycBRTE2GL1HTNw%3D%3D
673,Under Review,23 165951 ESC 24 OZ,2023-06-25,"Zoning By-law Amendment for a 7-storey mixed-use building with a total GFA of 6,853.17 square metres and FSI of 4.02. A total of 78 dwelling units are proposed.    June 10/25 received revised applicaiton for a 9 storey mixed use building totalling 9,0005",4384 KINGSTON RD,24,6807.54,45.63,6853.17,78,http://app.toronto.ca/AIC/index.do?folderRsn=Yngmw6TZeEBUP9mWEGTcqA%3D%3D
674,Built,16 269987 NNY 34 OZ,2016-12-22,"Revision: The applicant is proposing a 10-storey retirement residence consisting of 142 residential units.  Access to the site is from a single driveway off of Green Belt Drive, with a ramp to the underground parking garage at the north end of the buildi",905 DON MILLS RD,16,11579.8,0,11579.8,134,http://app.toronto.ca/AIC/index.do?folderRsn=0pzB%2BMf7qwB8MQVv7Ewgfg%3D%3D
675,Under Review,23 166963 ESC 23 SA,2023-06-27,Site Plan Approval for a one-storey warehouse building,116 SELECT AVE,23,0,999,999,0,http://app.toronto.ca/AIC/index.do?folderRsn=38RtNm6iXMo%2B4Z3PCqgbng%3D%3D
676,Under Review,19 213782 ESC 21 SA,2019-08-29,"Development of a new 3-storey 5,604m2 self-storage facility on the property. The existing four self-storage warehouse buildings will be retained. Existing Site Plan Approval reference 05 103389 ESC 37 SA.. Awaiting resubmission (May 6, 2021).  Applicatio",25 CROUSE RD,21,0,5604,5604,0,http://app.toronto.ca/AIC/index.do?folderRsn=VFFmwKJkr4DRK%2BAGohMRWQ%3D%3D
677,Under Review,23 168269 ESC 20 SA,2023-06-30,"Site Plan Approval for a 6 storey addition, 228 patient bed addition for Long-Term Care and in-patient care to the western side of the Providence Healthcare campus.",3276 ST CLAIR AVE E,20,0,20850,20850,0,http://app.toronto.ca/AIC/index.do?folderRsn=hcd%2BigMrR5xXqIun6KZvOA%3D%3D
678,Active,20 226919 ESC 25 SA,2020-12-08,Development of a new 2-storey institutional building known as the Indigenous House.,755 MORNINGSIDE AVE,25,0,944,944,0,http://app.toronto.ca/AIC/index.do?folderRsn=ajiFEtUrRdaMZqE7hCb1mg%3D%3D
679,Active,18 140669 ESC 35 OZ,2018-04-09,"The application proposes an amendment to the Zoning By-law to permit 6 blocks of 4-storey stacked townhouses containing 198 residential units. The proposed development would have a total gross floor area of 18,053 square metres, and a Floor Space Index o",2787 EGLINTON AVE E,20,15750.32,0,15750.32,182,http://app.toronto.ca/AIC/index.do?folderRsn=73bNxIgQ7Ej7tP1YqBGfig%3D%3D
680,Active,20 152169 WET 03 SA,2020-06-04,3 one-storey buildings proposed for Industrial/warehousing use.,60 BIRMINGHAM ST,3,0,36954,36954,0,http://app.toronto.ca/AIC/index.do?folderRsn=CDh5ZZL4jUv%2F5LXNu8c%2BzA%3D%3D
681,Active,13 173771 WET 17 SA,2013-05-24,Proposed  1 storey multi unit industrial/commercial building.  Final Site Plan Approval has been issued.,1800 DAVENPORT RD,9,0,1855,1855,0,http://app.toronto.ca/AIC/index.do?folderRsn=3360449
682,Under Review,20 220235 ESC 23 OZ,2020-11-19,Proposal for a self-storage facility use.,1370 NEILSON RD,23,0,12274.1,12274.1,0,http://app.toronto.ca/AIC/index.do?folderRsn=GukGk8EYH9vUqCl62yafxQ%3D%3D
683,Built,12 248832 NNY 15 OZ,2012-09-18,The proposal of a four storey apartment building with eight suites and one level of underground parking.,293 VIEWMOUNT AVE,8,1217.04,0,1217.04,10,
684,Under Review,22 176294 NNY 08 OZ,2022-07-13,"Proposal for  50-storey residential building containing a total of 323 residential dwelling units. The proposed development will have a total gross floor area (GFA) of approximately 20,562 square metres, comprised entirely of residential space. (see 21-1",2350 YONGE ST,8,20561.68,0,20561.68,323,http://app.toronto.ca/AIC/index.do?folderRsn=BuBb%2BiSh9FbMNoZqFpWPjQ%3D%3D
685,Active,16 186017 NNY 23 OZ,2016-07-06,This application proposes the creation of 6 residential lots with 3-storey single detached dwellings from the consolidation of 2 residential lots. The existing single detached dwellings would be demolished.,21 FRANKLIN AVE,18,1300.73,0,1300.73,6,http://app.toronto.ca/AIC/index.do?folderRsn=lhyEng3mZDqhdqJt5%2F3pzQ%3D%3D
686,Active,22 108249 WET 07 SA,2022-01-27,"Proposed development of a new two storey addition of 6,057 square metres to the south wall of the existing building.",300 BARTOR RD,7,0,6057,6057,0,http://app.toronto.ca/AIC/index.do?folderRsn=XRbpEi8bZLHrKnWcHowbOw%3D%3D
687,Active,18 156712 STE 18 OZ,2018-05-10,Zoning By-law Amendment Application to construct a new 6-storey residential building containing 28 units and 21 parking spaces.,31 GLADSTONE AVE,9,2908.52,0,2908.52,28,http://app.toronto.ca/AIC/index.do?folderRsn=icF7kE9169gG%2BDUriMBC8w%3D%3D
688,Built,13 130220 WET 02 SA,2013-03-08,To convert existing building into a place of worship through interior alterations and addition of vestibule and tower.,280 CARLINGVIEW DR,1,0,20,20,0,
689,Under Review,21 243769 STE 13 SA,2021-12-01,Site Plan Approval for a 6-storey new school having a non-residential gross floor area of 7230 square metres.,66 BOND ST,13,0,7204,7204,0,http://app.toronto.ca/AIC/index.do?folderRsn=J4KiDVHjOCzNP6yUGSTnjg%3D%3D
690,Active,20 189568 ESC 20 OZ,2020-09-03,"The proposed development consists of a new 11-storey (plus mechanical penthouse) mixed-use building along Kingston Road, with flexible work space for artists and musicians on the ground floor and residential uses above, along with a row of townhouses ori",3355 KINGSTON RD,20,33766,400,34166,308,http://app.toronto.ca/AIC/index.do?folderRsn=qFfkD1ZnP1%2F7BcKCHykWEQ%3D%3D
691,Active,20 181659 STE 11 OZ,2020-08-17,"Proposal for a 4-storey addition above the existing 19-storey office tower, and a 61-storey rental residential tower.  The proposal consists of a total of 167127 square metres of gross floor area, including 226882 square metres of office space, 7751 squa",700 UNIVERSITY AVE,11,39530.2,18440.03,57970.23,479,http://app.toronto.ca/AIC/index.do?folderRsn=tjSUQ%2Fm4sAWQupWn67rj0w%3D%3D
692,Active,21 199452 WET 07 OZ,2021-08-17,"Zoning By-law amendment application to permit a 11-storey apartment building with 224 units, and a 1-level underground garage with 119 vehicular parking spaces. The existing apartment building is being retained.",2801 JANE ST,7,19230,0,19230,224,http://app.toronto.ca/AIC/index.do?folderRsn=it%2FpZ7B7EU6zrRbCrItmGw%3D%3D
693,Active,18 266021 STE 19 OZ,2018-12-07,"Zoning By-law Amendment Application to permit a 7-storey (22.5 metre, including mechanical penthouse) residential building with a gross floor area of approximately 1360 square metres.",1793 DANFORTH AVE,19,1292,120,1412,16,http://app.toronto.ca/AIC/index.do?folderRsn=pzL5Q4pQs5qUc4sTyJ8%2FjA%3D%3D
694,Active,21 244299 ESC 22 OZ,2021-12-02,"A three storey townhouse complex is proposed to accommodate 5 three bedroom dwelling units with 5 Secondary Units. Each unit will have a basement, main floor with garage, second floor, third floor rooftop terrace.",750 HUNTINGWOOD DR,22,974.31,0,974.31,5,http://app.toronto.ca/AIC/index.do?folderRsn=WP1nV0%2FvvdKx%2ByPntPY%2F6A%3D%3D
695,Active,20 191759 ESC 22 OZ,2020-09-10,"Zoning by-law amendment to permit a 12-storey mixed-use building (plus mezannine and 2-storey mechanical penthouse) with 293 residential units and 614 square metres of retail, comprising a total GFA of 28,932 square metres. 184 vehicle parking spaces are",2499 VICTORIA PARK AVE,22,28318.3,613.9,28932.2,293,http://app.toronto.ca/AIC/index.do?folderRsn=DL7tODKGyXWgU7fyh3RCkw%3D%3D
696,Active,21 155923 STE 11 OZ,2021-05-17,"Zoning By-law Amendment application to facilitate the development of the site for a 96-metre (28-storey) mixed-use building containing 398 dwelling units (including 130 rental replacement units and 12 new affordable units), and a maximum of 150 square me",145 ST GEORGE ST,11,23749,131,23880,398,http://app.toronto.ca/AIC/index.do?folderRsn=OwuO9yfmmxEGwBUViaMHPg%3D%3D
697,Under Review,21 124295 WET 03 SA,2021-03-08,Proposed rear addition to an exisiting place of worship.,247 PARK LAWN RD,3,0,80.01,80.01,0,http://app.toronto.ca/AIC/index.do?folderRsn=xKsrLF3mKPTye82U3aNN5A%3D%3D
698,Active,21 246670 STE 13 SA,2021-12-09,Site Plan Approval to convert the existing three-storey building to an office and community use.,340 GERRARD ST E,13,0,331.4,331.4,0,http://app.toronto.ca/AIC/index.do?folderRsn=XE8NLmoWEoSH9y%2Fribou0A%3D%3D
699,Active,21 156568 STE 11 OZ,2021-05-18,"Zoning By-law Amendment application to facilitate the development of the lot for a 9-storey mixed-use building having a residential gross floor area of 82855 square metres, and a non-residential gross floor area of 3151 square metres.  A total of 109 aff",502 SPADINA AVE,11,8202.15,3185.51,11387.66,109,http://app.toronto.ca/AIC/index.do?folderRsn=uUww2oeK9kU5aE3krMRKUQ%3D%3D
700,Built,18 261051 WET 05 SA,2018-11-26,To construct a two-storey addition above the existing four-storey residential apartment building in order to increase the number of residential units from 25 to 39 units.,301 PARK LAWN RD,3,1287,0,1287,14,http://app.toronto.ca/AIC/index.do?folderRsn=fLniHIL5SeL587TIOH%2FedQ%3D%3D
701,Built,20 161916 NNY 16 SA,2020-06-30,"To construct a new two-storey industrial-office building with a gross floor area of 3,903.54 sq.m., 68 surface parking spaces and two loading spaces.",52 SCARSDALE RD,16,0,3903.54,3903.54,0,http://app.toronto.ca/AIC/index.do?folderRsn=IB7ItoxNZuJbhXtnZ0ZYLg%3D%3D
702,Built,17 245526 STE 20 SA,2017-10-10,"Submissioon 3 for BUILDINGS A & B: One of four site plan applications for the residential portion of the redevelopment of the former Globe and Mail lands (aka ""The Well"").  These applications are related to the non-residential ""Master"" site plan applicat",440 FRONT ST W,10,31536,0,31536,330,http://app.toronto.ca/AIC/index.do?folderRsn=1fRgIAqAEbjoqqYyVIcHYA%3D%3D
703,Built,16 269540 STE 20 SA,2016-12-21,"Proposal Description:Submission of a site plan application for the Retail and Office components of the development of the former Globe and Mail site (Master Sipe Plan submission). This application includes the underground parking, retail and office compo",440 FRONT ST W,10,0,80206.14,80206.14,0,http://app.toronto.ca/AIC/index.do?folderRsn=p45756E02bSlPcnLEN7%2Ftg%3D%3D
704,Under Review,20 198704 NNY 16 OZ,2020-09-25,"Revised Proposal: A revised Zoning By-law Amendment application with revisions including a new public road and new public parkland of 1,799 sq.m. A proposed reduction in the number of tall buildings from 4 to 3 towers, and increased building heights rang",175 WYNFORD DR,16,151277,14302,165579,2498,http://app.toronto.ca/AIC/index.do?folderRsn=OchLpGMfdEnBTWsqwXarWQ%3D%3D
705,Under Review,22 175298 WET 02 OZ,2022-07-12,"Proposal to permit the development of three 13-storey residential buildings on the subject lands. The proposed development will result in a total of 47,432.2m2 GFA which includes 1,632.2 m2 of below grade residential GFA and 2,269.5m2 of amenity space.",251 THE WEST MALL,2,47432,0,47432,610,http://app.toronto.ca/AIC/index.do?folderRsn=gyK5%2FN0sVgFUIkZpE1LE9Q%3D%3D
706,Built,12 145018 STE 19 OZ,2012-03-28,"Proposal to construct a ten storey mixed-use building with three levels of underground parking.  The first two storeys will have a commercial use, and the top eight storeys will have 75 residential units.",41 DOVERCOURT RD,10,7453,2120,9573,74,
707,Built,14 266298 STE 27 OZ,2014-12-19,"The applicant proposes to construct a 30-storey mixed-use building which contains 572 residential units as well as a total of 6,399.45 square metres of retail space on the ground floor, mezzanine, second floor and concourse level, and 2,843.78 square met",20 EDWARD ST,11,38330.1,7653.1,45983.2,560,
708,Built,18 268543 STE 14 SA,2018-12-14,The proposed development is for the construction of new film and television production studios.,945 LAKE SHORE BLVD E,14,0,6614,6614,0,http://app.toronto.ca/AIC/index.do?folderRsn=p2Z7%2BEfU27nHWbhie1zwDA%3D%3D
709,Active,15 122324 WET 13 OZ,2015-02-27,Proposed amendments to the City's zoning bylaws to permit the development of an 8-storey mixed use building.  Non-residential uses including office and retail are proposed to occupy the ground floor and second floor .,2115 BLOOR ST W,4,5207,559,5766,54,
710,Built,18 146662 ESC 36 SA,2018-04-20,"Proposed 12-storey mixed-use building with 190 residential units and commercial space on the ground floor. The proposed total GFA is 13,598 m2 with a density of 5.64 FSI. A total of 178 vehicular parking spaces are proposed within a lower ground level an",2201 KINGSTON RD,20,13598,0,13598,190,http://app.toronto.ca/AIC/index.do?folderRsn=SX1d8BWuIDirE5zhC63dXA%3D%3D
711,Active,18 174573 STE 27 OZ,2018-06-08,"54-storey mixed-use building having a non-residential gross floor area of 293  square metres, and a residential gross floor area of 30929 square metres.  A total of 448 residential dwelling units are proposed.",139 CHURCH ST,13,30947,293,31240,464,http://app.toronto.ca/AIC/index.do?folderRsn=DluPcCLT6izx4GZ%2FAvXXtw%3D%3D
712,Built,17 267810 NNY 33 OZ,2017-11-27,Official Plan Amendment and Zoning Bylaw Amendment to permit a 23 storey residential building. A total of 371 residential units and 248 sparking spaces in two levels of underground parking are proposed.  This is phase 2.2 of the Allenbury Gardens revitla,21 ALLENBURY GDNS,17,26963.77,0,26963.77,374,http://app.toronto.ca/DevelopmentApplications/associatedApplicationsList.do?action=init&folderRsn=4287126&isCofASearch=false
713,Active,18 115438 STE 21 OZ,2018-02-09,A Zoning By-law Amendment application to permit a 4 storey rental apartment building containing 75 units.   The five existing 3-storey buildings on the site are proposed to be demolished and the existing 25 rental units will be replaced in the new develo,1637 BATHURST ST,12,8490,0,8490,75,http://app.toronto.ca/AIC/index.do?folderRsn=6IWOU5pskyPUtck8UvPxfA%3D%3D
714,Built,18 158580 ESC 39 OZ,2018-05-14,"Zoning By-law Amendment Application to permit a retail store with associated drive-through facility, car wash and 4-pump gas station.",2775 BIRCHMOUNT RD,22,0,419.07,419.07,0,http://app.toronto.ca/AIC/index.do?folderRsn=FMz4WWWbyhGBmnIFDcEk9A%3D%3D
715,Under Review,22 204563 STE 13 OZ,2022-09-16,Official Plan and Zoning By-law Amendment application to permit a 71-storey mixed-use building containing 126 square metres of retail space on the ground floor and 565 residential dwelling units above.,15 RICHMOND ST E,13,40557,126,40683,565,http://app.toronto.ca/AIC/index.do?folderRsn=hSpw13Q8rz80Bgo%2FSCNZiA%3D%3D
716,Under Review,21 237249 STE 10 OZ,2021-11-12,"Zoning By-law amendment to facilitate the redevelopment of the site for an 18-storey mixed-use building having a non-residential gross floor area of 714 square metres, and a residential gross floor area of 24,126 square metres.  373 residential units are",778 KING ST W,10,24126,714,24840,373,http://app.toronto.ca/AIC/index.do?folderRsn=7I4jfcpRmj%2FZIoKUIWspJg%3D%3D
717,Built,13 181685 STE 28 OZ,2013-06-05,"Revised application for a 22-storey mixed use building containing retail and residential uses. The building will contain a total of 532 residentil units, 499 parking spaces and 606 bicycle parking spaces.  The existing buildings at 125 Parliament Street",48 POWER ST,13,39177,4072,43249,520,http://app.toronto.ca/AIC/index.do?folderRsn=lNkpRLPwBagc3iYO4xhvcw%3D%3D
718,Active,14 182666 NNY 15 OZ,2014-06-30,Proposal to construct a 4-storey apartment building with 48 residential units and 49 parking spaces in a 1-level below grade garage on a lot assembly consisting of 5 lots.,12 MARQUETTE AVE,8,4722,0,4722,48,
719,Active,16 218808 STE 14 OZ,2016-09-07,"Zoning By-law Amendment application to construct a 8-storey, mixed use building containing commercial use at grade, 132 residential units, and 61 below-grade parking spaces.",6 NOBLE ST,4,9439,57,9496,132,http://app.toronto.ca/AIC/index.do?folderRsn=gH1o79zaq%2BnZavJCcCp92A%3D%3D
720,Under Review,23 110086 NNY 15 SA,2023-02-03,"Proposal to fully renovate and partially reconstruct the existing theatre. The existing historic front (west) facade fronting on Mount Pleasant Road will be retained. Construction plans include a new roof, full/new excavated basement, replacing the north",551 MOUNT PLEASANT RD,15,0,1567,1567,0,http://app.toronto.ca/AIC/index.do?folderRsn=FMimX0HaEu6xeJZAtEmclw%3D%3D
721,Built,15 131139 STE 22 OZ,2015-03-23,Proposed demolition of the existing two detached dwellings to facilitate the construction of 4 townhouse dwellings and a new single detached dwelling. The townhouse units will be oriented to Spadina Road while the new single detached dwelling will front,377 SPADINA RD,12,1337.82,0,1337.82,5,
722,Under Review,22 137948 STE 12 OZ,2022-04-25,"Official Plan and Zoning By-law Amendment application to permit an 8-storey residential building with 11,448 sqm of GFA and 143 units.",555 DAVENPORT RD,12,11448,0,11448,143,http://app.toronto.ca/AIC/index.do?folderRsn=%2BEJvErGRFE%2BdUVCLoMhZlg%3D%3D
723,Built,15 106950 STE 22 OZ,2015-01-21,"To construct a 38-storey (117.5 metres, plus 6 metre mechanical) residential tower containing 385 dwelling units.",85 BROADWAY AVE,12,23047,0,23047,349,http://app.toronto.ca/DevelopmentApplications/associatedApplicationsList.do?action=init&folderRsn=3688556&isCofASearch=false
724,Active,06 128393 ESC 36 OZ,2006-04-24,The applicant has submitted an application to amend the zoning on this site to include a new set of maximum unit areas and remove the minimum unit areas currently included in the applicable site zoning by-law.  The application is for blocks 1 and 2 consi,2540 GERRARD ST E,20,150416,0,150416,1455,
725,Active,12 212172 STE 18 OZ,2012-07-16,Official Plan amendment and Zoning By-law amendment application to convert the existing place of worship into 14 residential units. A total of 11 parking spaces will be provided in a one level below-grade garage. Proposal includes interior alterations wi,1183 DUFFERIN ST,9,1358.22,0,1358.22,14,
726,Active,19 122537 NNY 08 OZ,2019-03-06,"This application proposes to amend Zoning By-law Nos. 438-86 and 569-2013 to permit the redevelopment of the subject lands for a 4-storey, 12.7 metre high residential townhouse containing 6 residential units resulting in an overall density of 1.65 times",340 ST CLEMENTS AVE,8,1167.7,0,1167.7,6,http://app.toronto.ca/AIC/index.do?folderRsn=KSMbbXY8DxnMG0jsxrlBRg%3D%3D
727,Active,19 203446 STE 14 SA,2019-08-09,"Site plan-approved proposal to convert the existing 2-storey residential building into a 277-square metre day nursery. The proposed work entails interior alterations, a 19.8m2 second-storey addition at the front, and a 1.2m2 two-storey addition at the re",433 PAPE AVE,14,0,270.2,270.2,0,http://app.toronto.ca/AIC/index.do?folderRsn=If%2B2LQ2NFi%2BImNisIHjO%2BA%3D%3D
728,Built,17 245221 STE 20 SA,2017-10-10,"Resubmission to address ECS and Urban Forestry Comments.  Proposal for site plan approval related to the reconstruction of the rear building to be used as a private academic religious school with student dormitory suites, a total of 4 storeys. Planner to",226 ST GEORGE ST,11,0,2059,2059,0,http://app.toronto.ca/AIC/index.do?folderRsn=8qUmv71PxsGlMpKyw9zPAQ%3D%3D
729,Built,12 290796 STE 27 OZ,2012-12-07,"Revised submission: 52-storey mixed-use tower on Bloor Street and a 10-storey building on Selby. The revised development includes 487 residential units, 188 hotel suites and 1.162 square metres of grade-related retail space.",387 BLOOR ST E,13,30800,13200,44000,508,
730,Built,15 251059 NNY 25 OZ,2015-11-13,"The applicant proposes to construct six townhouses, having a gross floor area of 1411.7 square metres.  Integral garages are proposed for each townhouse unit.",1 HEATHCOTE AVE,15,1420,0,1420,6,http://app.toronto.ca/DevelopmentApplications/associatedApplicationsList.do?action=init&folderRsn=3858229&isCofASearch=false
731,Built,16 182989 STE 19 SA,2016-06-29,"Site Plan Approval application for a mixed-use development containing: 579 dwelling units, 10,602.0 sq. m. RGFA, 10,602.0 sq. m. NGFA (Office). This is Block 3 of the Ordnance Triangle Development.",11 ORDNANCE ST,10,41799,10355,52154,579,http://app.toronto.ca/AIC/index.do?folderRsn=cGHnqBEB0reF1NgZdokjfw%3D%3D
732,Under Review,21 229471 NNY 15 OZ,2021-10-22,"Official Plan and Zoning By-law amendment and Rental Housing Demolition and Replacement to replace 80 townhouse units and permit three new 10, 9, and 8-storey mid-rise residential buildings along its Leslie Street frontage, containing a total of 603 new",390-400 WOODSWORTH RD,15,47729,0,47729,603,http://app.toronto.ca/AIC/index.do?folderRsn=x6Roz1lsaelBpKdNIhlaKw%3D%3D
733,Active,19 183250 WET 03 OZ,2019-07-05,To amend the Zoning By-law to permit a townhouse development comprised of 6 blocks with a total of 76 residential units and an underground parking garage. The existing 9 detached dwellings on the site would be demolished.,26 BURNHAMTHORPE RD,3,7301,0,7301,76,http://app.toronto.ca/AIC/index.do?folderRsn=tP9B71rx7BcRVCHMWG2vlQ%3D%3D
734,Active,20 195008 STE 11 OZ,2020-09-17,Proposal for 7-storey mixed use building with 16 dwelling units and commercial (office) component fronting on Davenport Road.,361 DAVENPORT RD,11,1395.9,56,1451.9,16,http://app.toronto.ca/AIC/index.do?folderRsn=9ohXuBmveq4NnS1XFJzCBQ%3D%3D
735,Active,19 254744 NNY 06 OZ,2019-11-27,"Zoning Bylaw Amendment application to permit  a 12-storey, 262-unit condominium  apartment building containing 22,541.1m2 of gfa and 263 parking spaces.",1184 WILSON AVE,6,17813.12,0,17813.12,262,http://app.toronto.ca/AIC/index.do?folderRsn=CSuah595E8y%2FhGDf0hHizA%3D%3D
736,Active,06 200047 NNY 34 OZ,2006-12-29,"Amendment to the Official Plan and Zoning By-law to permit a 12-storey, 56-unit residential building comprising 51 apartment units and 5 grade-related townhouse units.",4 GRAYDON HALL DR,16,7960,0,7960,56,
737,Built,15 215438 STE 14 OZ,2015-08-31,"Zoning Amendment proposal to redevelop the site containing a two-storey funeral parlour with an eight-storey mixed-use building fronting Roncesvalles Avenue as well as six, four-storey townhouse units fronting a private driveway off of Howard Park Avenue",422 RONCESVALLES AVE,4,8442,540,8982,93,http://app.toronto.ca/DevelopmentApplications/associatedApplicationsList.do?action=init&folderRsn=3816210&isCofASearch=false
738,Under Review,21 208078 STE 10 OZ,2021-09-03,Revised Zoning  Amendment application to redevelop the site with a 24-storey mixed-use building with a height of 76.8 meters (82.8 metres including the mechanical penthouse). A non-residential gross floor area of 351 square metres is proposed along with,147 SPADINA AVE,10,16022,351,16373,226,http://app.toronto.ca/AIC/index.do?folderRsn=KrwTU3ldQB45byNSxI4AIw%3D%3D
739,Built,16 198806 STE 21 OZ,2016-07-29,Proposal for a 17-storey mixed use building with a terraced portion at the 8th storey on the east side.  The building will contain 390 residential units with retail on the ground floor and a proposed FSI of 7.36.,875 EGLINTON AVE W,12,24987,1000,25987,390,http://app.toronto.ca/AIC/index.do?folderRsn=ZvZoiGlHISF%2BORQkhnyjCQ%3D%3D
740,Active,15 128261 STE 27 OZ,2015-03-16,Proposal for an 82 storey (306 metres) mixed-use building.,1 BLOOR ST W,11,67995,17669,85664,505,http://app.toronto.ca/AIC/index.do?folderRsn=WeDvkpX%2B8RCk%2BV1DT6idBw%3D%3D
741,Under Review,22 145695 STE 14 OZ,2022-05-11,"Rezoning for proposed for a 4-storey residential building having a gross floor area of 1412 square metres consisting of 26 residential units, 2 parking space, and 28 bicycle parking spaces.",1763 DUNDAS ST E,14,1412.29,0,1412.29,26,http://app.toronto.ca/AIC/index.do?folderRsn=a1azmt2IdgjTOfIsVdwk7w%3D%3D
742,Built,13 172109 NNY 34 OZ,2013-05-22,Change in Zoning to permit 67 townhouse dwelling units in 3 storey buildings.  GFA of 8555.5 square metres.  Total density proposed is 1.2 FSI.,1970 VICTORIA PARK AVE,16,8555.5,0,8555.5,67,
743,Active,22 139889 STE 11 OZ,2022-04-29,"Official Plan and Zoning By-law Amendment application to permit a 15-storey mixed-use building, containing 136 dwelling units and 1,070 square metres of non-residential gross floor area. The Official Plan Amendment is required to permit the proposed heig",1087 YONGE ST,11,10112,1070,11182,136,http://app.toronto.ca/AIC/index.do?folderRsn=Eck7Y38J1u43NDSOJxrpjg%3D%3D
744,Active,20 214609 STE 12 SA,2020-11-03,Proposal for a one-storey addition to the existing school for the purposes of new childcare classroom.  The proposed addition will have a gross floor area of approximately 854 square metres.,636 GLENHOLME AVE,12,0,854,854,0,http://app.toronto.ca/AIC/index.do?folderRsn=kAZnerpuWKMr2fULNhch3Q%3D%3D
745,Active,13 124500 NNY 23 OZ,2013-02-25,"An application to amend the Official Plan and Zoning By-law No. 7625 to permit a 34, 3-storey townhouse subdivision that extends the existing Linelle Street cul-de-sac southward in order to connect to the private road system that includes 6 visitor curbs",57 LINELLE ST,18,7431.8,0,7431.8,34,http://app.toronto.ca/AIC/index.do?folderRsn=vA8QgbKFapdoup3UwDCBfA%3D%3D
746,Built,12 168197 NNY 16 OZ,2012-05-07,"Rezoning application to permit a 28-storey mixed use residential and commercial building with 234 dwelling units and 2,695 m2 of commercial gross floor area. The proposed building consists of a six-storey base building (23.6 metres) with a 22-storey towe",2360 YONGE ST,8,28615,5883,34498,404,http://app.toronto.ca/DevelopmentApplications/associatedApplicationsList.do?action=init&folderRsn=3127406&isCofASearch=false
747,Under Review,21 144776 STE 19 OZ,2021-04-23,"Zoning By-law Amendment and Official Plan Amendment Application to permit a 8-storey residential building having a gross floor area of 3,725 square metres and 57 residential dwelling units. A total of 23 parking spaces and 57 bicycle parking spaces withi",558-560 KINGSTON RD,19,3725.8,0,3725.8,57,http://app.toronto.ca/AIC/index.do?folderRsn=0IVAt9rVKEbHakJtr1uX5A%3D%3D
748,Under Review,22 124107 NNY 17 OZ,2022-03-17,"The application proposes two residential buildings at 28 storeys (west) and 36 storeys (east) with a 6-storey podium. The application proposes a residential gross floor area of 53,800 square metres, including 800 residential units. A total of 2,450 squar",1001 SHEPPARD AVE E,17,53723,2385,56108,800,http://app.toronto.ca/AIC/index.do?folderRsn=YxpgMSP8MxROJzd58HaY%2Bg%3D%3D
749,Under Review,22 107364 WET 01 SA,2022-01-25,"Please note, the October 2023 submission is a significant revision to the proposal initially submitted. The proposal has now been altered to be an addition to the existing building rather than an entirely new building on the Subject Property. The new add",25 CLAIREVILLE DR,1,0,4841,4841,0,http://app.toronto.ca/AIC/index.do?folderRsn=dvrwzCJBOduEOdggF378BA%3D%3D
750,Built,14 209662 STE 28 OZ,2014-08-21,"A re-zoning application to remove the H from Parts 1 and 2, Plan 66R-24072, Part 1Plan 66R-24805, and Part 1 Plan 66R-26825.",45 BAY ST,10,0,143196,143196,0,
751,Active,19 178626 NNY 08 SA,2019-06-26,Site Plan Control application to permit a front addition and associated works to the existing place of worship.,1 RAMSDEN RD,8,0,314.06,314.06,0,http://app.toronto.ca/AIC/index.do?folderRsn=uSvyHxmNpj8WFgIwpbPEkw%3D%3D
752,Under Review,17 147290 STE 28 OZ,2017-04-21,"Zoning By-law Amendment application for a 17-storey, 16-unit building at 65 George Street. The first floor of the existing heritage building will be incorporated into the new building. The 4-storey Part IV designated building at 187 King Street East is t",187 KING ST E,13,3772,0,3772,16,http://app.toronto.ca/AIC/index.do?folderRsn=XunaNHsoqFI3%2FlR0gddDIg%3D%3D
753,Active,21 204643 NNY 17 OZ,2021-08-26,"Zoning By-law Amendment and an Official Plan Amendment application to permit a 12-storey (38.35 metre) mixed use building with 145 residential units, a proposed total Gross Floor Area of 10,731.2 square metres 10,327 square metres of residential GFA and",1 GREENBRIAR RD,17,10327.7,403.5,10731.2,145,http://app.toronto.ca/AIC/index.do?folderRsn=Qq1zjQVlcKPEoN9zMviyag%3D%3D
754,Active,22 162248 STE 13 OZ,2022-06-14,"Rezoning Application for a 76-storey mixed-use building having 747 dwelling units and a non-residential gross floor area of 185 square metres, and a residential gross floor area of 52,956",399 YONGE ST,13,52771,185,52956,747,http://app.toronto.ca/AIC/index.do?folderRsn=IfpOrnwA4SEzyZY9rAjiYA%3D%3D
755,Active,20 155678 STE 12 OZ,2020-06-12,Application to amend the Zoning By-law to replace the existing 19 townhouse units at 95-131 Balliol Street with a new 38-storey residential building. The existing 18-storey rental building at 155 Balliol Street would be retained.,155 BALLIOL ST,12,31095,137,31232,442,http://app.toronto.ca/AIC/index.do?folderRsn=18jYqLWSKlTepokaIl6qIA%3D%3D
756,Active,21 146532 WET 03 SA,2021-04-27,"Proposal to construct a 5-storey mixed use building, with 13 units and a commercial unit proposed at grade. Parking would be provided on-site and facilitated through a Parkplus Lift/Slide system. Specifically, four vehicle spaces wide with two levels bel",312 BROWNS LINE,3,1039,75,1114,13,http://app.toronto.ca/AIC/index.do?folderRsn=NHApIYtO74IOp%2FvXQdwE2A%3D%3D
757,Active,19 263719 ESC 24 OZ,2019-12-20,"Application to amend the Zoning By-law to allow a 12 storey residential building, comprised of 228 dwelling units and 230 parking spaces.",4097 LAWRENCE AVE E,24,16171.4,0,16171.4,251,http://app.toronto.ca/AIC/index.do?folderRsn=D%2BOkoOiLkMOKfyFI5l2yCQ%3D%3D
758,Under Review,23 215106 ESC 20 SA,2023-10-16,914 square metre two storey addition to an existing 2 storey elementary school.,100 FALLINGBROOK RD,20,0,914.76,914.76,0,http://app.toronto.ca/AIC/index.do?folderRsn=V2r04g%2BEfNd3pgYtGKLH%2Bw%3D%3D
759,Active,20 200379 STE 04 OZ,2020-09-29,"Application to amend the Official Plan and Zoning By-law to allow for the devleopment of a new 9-storey mixed-use building (31.20 metres plus 5.0 metre mechanical penthouse). The proposal contains a total gross floor area of 9,699.4 square metres, includ",1354 QUEEN ST W,4,10745,365,11110,172,http://app.toronto.ca/AIC/index.do?folderRsn=PHLEVsmoS3fgQbeus4Qo0A%3D%3D
760,Under Review,23 216399 STE 14 OZ,2023-10-19,Provincial (Infrastructure Ontario) Transit-Oriented Community submission for 1002-1052 Pape Avenue and 103-109 Cosburn Avenue.,1002 PAPE AVE,14,45342,2208,47550,623,http://app.toronto.ca/AIC/index.do?folderRsn=aR%2FXaw1D6HeFeLPmgbWhBw%3D%3D
761,Under Review,23 216296 ESC 21 OZ,2023-10-19,The application proposes three development blocks containing five towers at heights of up to 50 storeys on the lands municipally addressed 100 Borough Drive. The lands are currently occupied by the 6-storey office building (Bell) and are approximately 6,100 BOROUGH DR,21,171370,830,172200,2335,http://app.toronto.ca/AIC/index.do?folderRsn=Q3EXiNStfLMWfH2E%2BZeV6w%3D%3D
762,Under Review,23 216457 ESC 21 OZ,2023-10-19,Provincial (Infrastructure Ontario) Transit-Oriented Community submission for 3091 Lawrence Avenue East and 685-697 McCowan Road.,3091 LAWRENCE AVE E,21,50632,7849,58481,774,http://app.toronto.ca/AIC/index.do?folderRsn=fNvMuRVycuT3mib4kmxjpw%3D%3D
763,Built,13 233007 STE 21 SA,2013-09-10,"Proposal to construct a 9 storey mixed use building with 116 units, 2 levels of underground parking and retail at grade.",836 ST CLAIR AVE W,12,9488,355,9843,116,http://app.toronto.ca/AIC/index.do?folderRsn=I%2BDWRmhuwnrHRdwnAb11dw%3D%3D
764,Active,22 135742 NNY 17 OZ,2022-04-19,"OLT APPEALED:  Proposal consistents of 49 and 44 storey mixed use building atop of a six-storey podium consisting of 1,196 residential units, 73,900 m2 of GFA (72,897 residential GFA and 1003 m2 of commercial GFA.   There will be 4-levels of below grade",2500 DON MILLS RD,17,71838.6,1036.5,72875.1,1167,http://app.toronto.ca/AIC/index.do?folderRsn=EozLEnex%2FnOUFsHYIzdQPg%3D%3D
765,Under Review,21 223792 NNY 16 OZ,2021-10-08,Zoning By-law Amendment and Draft Plan of Subdivision applications to permit four residential buildings ranging in height from 12 to 29 storeys. The proposal also includes a new public park and a new public street.,1053 DON MILLS RD,16,83707,0,83707,1176,http://app.toronto.ca/AIC/index.do?folderRsn=r7Px%2FohOC1Jeg95jEB0%2Fmw%3D%3D
766,Active,21 185451 STE 12 OZ,2021-07-16,"To allow a 50-storey mixed use building with commercial at grade, containing 534dwelling units.  Inactive file: Paused on request of applicant until September 2026.",1406 YONGE ST,12,29599,96,29695,542,http://app.toronto.ca/AIC/index.do?folderRsn=AXLo4sxjczcEUr0edGHk0w%3D%3D
767,Under Review,14 251956 WET 07 SA,2014-11-14,"The applicant proposes to construct a 965.8 m2 addition to an existing automotive repair building.  The additions would include a second and third storey addition above the existing building, an east side three-storey addition, a west side three-storey a",1882 WILSON AVE,7,0,603,603,0,http://app.toronto.ca/AIC/index.do?folderRsn=0TZJuEMHQVkBMbS4Uo9mtA%3D%3D
768,Built,15 238605 STE 20 OZ,2015-10-16,"To construct a 10-storey mixed-use building consisting of 35 residential units (2 one-bedroom, 31 two-bedroom, 2 three-bedroom) with a total residential gfa of 6,281 square metres, and 771 square metres of commercial retail space on the ground floor. A t",342 DAVENPORT RD,11,5390,700,6090,30,
769,Built,15 266570 WET 07 OZ,2015-12-17,Proposed amendments to the Official Plan and Zoning By-law to permit a total of 514 residential units within a 30-storey (Building 'J') and 26-storey (Building 'K') rental apartment buildings connected by a 3 to 4-storey podium.,3415-3499 WESTON RD,7,45437,0,45437,514,http://app.toronto.ca/AIC/index.do?folderRsn=6Cpd7Beq2Vo%2FXDVLyt%2FPWA%3D%3D
770,Active,19 256358 ESC 25 SA,2019-12-02,"Proposed 12-storey mixed use building having a total gross floor area of 13,297 m2 containing 168 residential units and 65 m2 of office space.",4694 KINGSTON RD,25,13105,65,13170,168,http://app.toronto.ca/AIC/index.do?folderRsn=IJ7qbOaK0IdC1tKIXaOEsQ%3D%3D
771,Active,18 246300 NNY 24 OZ,2018-10-22,Two blocks of 4 storey townhouses containing a total of 17 dwelling units.,3358 BAYVIEW AVE,18,3967.46,0,3967.46,17,http://app.toronto.ca/AIC/index.do?folderRsn=D9suE2eDLkJIHDEZftLkJw%3D%3D
772,Under Review,23 218594 STE 14 OZ,2023-10-25,"Submission for a transit-oriented community by Infrastrcuture Ontario for properties known municipally as 670 - 710 Danforth Ave., 2 - 16 Eaton Ave., 1 - 21 Lipton Ave, and 11 - 15 Gertrude Place",670 DANFORTH AVE,14,37342,2150,39492,439,http://app.toronto.ca/AIC/index.do?folderRsn=5vAlbWxI%2FP1iJtd%2B4nfJzA%3D%3D
773,Under Review,16 230579 ESC 35 OZ,2016-09-29,"Official Plan Amendment application to permit a mixed-use development on the lands at 1-70 Eglinton Square, 1431 and 1437 Victoria Park Avenue, and 14,18, 22, and 26 Engelhart Crescent. The development would consist of building heights that range from ei",1 EGLINTON SQ,20,312297,2809,315106,3618,
774,Active,18 213676 STE 21 SA,2018-08-22,Site Plan Control application for six 3-storey townhouses containing 6 dwelling units. One unit is to have a secondary suite.,465-467 VAUGHAN RD,12,922.55,0,922.55,7,http://app.toronto.ca/AIC/index.do?folderRsn=m%2FUcLLJVMtji%2BOc5y7MaNQ%3D%3D
775,Active,17 267906 WET 05 OZ,2017-11-27,"Application for proposed 7-storey mixed use building with retail at grade, two levels of below grade parking and 51 residential condominium units.",3005 BLOOR ST W,3,4917,469,5386,51,http://app.toronto.ca/AIC/index.do?folderRsn=m23mdrTh4V4N3x%2F1jiz%2FeQ%3D%3D
776,Active,20 226085 NNY 08 OZ,2020-12-04,"Official Plan and Zoning By-law Amendment Applications to permit a 10-storey residential building with a total of 190 dwelling units and ground floor commercial uses, for a total gross floor area of 13,503 sq metres  (density of 4.86 times lot area). The",412 MARLEE AVE,8,15606,135,15741,214,http://app.toronto.ca/AIC/index.do?folderRsn=YUxYDOuCfofxPwscUB2Z%2FA%3D%3D
777,Built,16 231281 STE 20 OZ,2016-09-30,"Rezoning application to permit a 42-storey building containing 325 residential units, 1,300 square metres of retail space across one underground level and the first and second storeys of the building and 512 bicycle parking spaces.  The site has permissi",357 KING ST W,10,25081.29,229.22,25310.51,340,http://app.toronto.ca/AIC/index.do?folderRsn=WsCMAqAQNy2cg9%2FiyAk%2Bqw%3D%3D
778,Built,14 142281 STE 20 SA,2014-04-14,To construct a three-storey addition with basement linking two existing buildings at 56 Spadina Road and 45 Walmer Road. The existing building at 58 Spadina Road will be demolished. The new lot is comprised of 56 & 58 Spadina Road and 45 Walmer Road and,56 SPADINA RD,11,0,2285,2285,0,
779,Active,21 240866 STE 13 OZ,2021-11-23,"Zoning By-law Amendment for a 29-storey mixed-use building having a non-residential gross floor area of 1011.70 square metres, and a residential gross floor area of 19,584.90 square metres.  240 residential dwelling units are proposed.",550 ADELAIDE ST E,13,19298,1012,20310,240,http://app.toronto.ca/AIC/index.do?folderRsn=kyZxSKvjNZFV5mhvww902g%3D%3D
780,Active,21 185233 ESC 25 SA,2021-07-16,Proposed structures to utility treatment plant,51 BEECHGROVE DR,25,0,8282,8282,0,http://app.toronto.ca/AIC/index.do?folderRsn=ghHDdgcA1tDIl4X6i9mrEw%3D%3D
781,Active,22 127125 NNY 16 OZ,2022-03-25,"Rezoing application for proposed development includes 45 and 43-storey residential towers connected by a 6 storey podium, with on-site parkland dedication and a privately-owned publicly-accessible space. 109 existing rental units to be replaced with 110",48 GRENOBLE DR,16,77908,208,78116,1054,http://app.toronto.ca/AIC/index.do?folderRsn=zXDeeIRjH%2BtdINbrcORgwQ%3D%3D
782,Active,21 193763 NNY 17 OZ,2021-08-04,"A Zoning By-law Amendment application to facilitate the development of a 12-storey mixed use building containing 277 residential dwelling units, 2,119 square metres of office and retail space, and a 652 square metre daycare facility. The proposed buildin",2135 SHEPPARD AVE E,17,20916.4,3079.7,23996.1,279,http://app.toronto.ca/AIC/index.do?folderRsn=pNRR1r1zOqk7II%2Fxo5bVag%3D%3D
783,Active,21 186731 WET 03 SA,2021-07-20,"Proposed development of the subject lands for a two-storey automotive dealership.  The proposal will have a total gross floor area of 3,452 square metres.",1386 THE QUEENSWAY,3,0,3452,3452,0,http://app.toronto.ca/AIC/index.do?folderRsn=HsJ6snvavWAxlC56IB3nyg%3D%3D
784,Active,16 118643 WET 13 OZ,2016-02-19,"Proposed amendments to Zoning By-law No. 438-86 and No. 569-2013 to permit the adaptive reuse of a vacant place of worship and an new addition in order to accommodate 70 residential apartment units.  Application for Zoning By-law Amendment approved, Site",248 HIGH PARK AVE,4,8682.5,0,8682.5,70,http://app.toronto.ca/AIC/index.do?folderRsn=6lZkyGeocUu156xCGkCZqg%3D%3D
785,Active,22 241856 STE 04 OZ,2022-12-22,"The proposal will result in a mixed-use development comprised of the following: 12,901 sq.m. (138,865 sq.ft.) of residential gross floor area, a portion of which will be dedicated to affordable housing; 729 sq.m. (7,846 sq.ft.) of indoor and outdoor amen",1313 QUEEN ST W,4,17755,10435,28190,231,http://app.toronto.ca/AIC/index.do?folderRsn=fVXai%2FqSiijJsAGrMv8rcg%3D%3D
786,Active,18 140522 NNY 25 OZ,2018-04-09,"Revised application for twelve townhouses fronting onto Bayview Avenue and 5 single detached dwellings fronting onto a new public street.  Original Application was for eight, 3 1/2-storey town houses fronting onto Bayview Avenue and seven 2 1/2-storey si",2654 BAYVIEW AVE,15,4711.77,0,4711.77,17,http://app.toronto.ca/AIC/index.do?folderRsn=PWo6wQH1dLXihfKeFwtAEw%3D%3D
787,Active,20 177695 ESC 23 SA,2020-08-07,One storey industrial building,0 PASSMORE AVE,23,0,19886,19886,0,http://app.toronto.ca/AIC/index.do?folderRsn=Nx8hqvlU9DBNWi60pJPWag%3D%3D
788,Built,18 117678 STE 28 SA,2018-02-15,"Site Plan Control application for a proposed 32-storey point tower located along River Street and an 11-storey mid-rise building along Tubman Avenue. The proposed market condo development will comprise a total of 467 residential units and 1,273 square me",620 DUNDAS ST E,13,33457,2816,36273,467,http://app.toronto.ca/AIC/index.do?folderRsn=abvAKhihmU6SfABuoo4Obw%3D%3D
789,Built,16 163140 WET 13 OZ,2016-05-27,"Proposed Zoning amendments to permit the development of a seven-storey  mixed-use building, comprised of 131residential dwelling units and 368 square metres of non-residential gross floor area.  This file is related to Site Plan Application  17 230003 WE",3385 DUNDAS ST W,4,10512,368,10880,131,http://app.toronto.ca/AIC/index.do?folderRsn=XCTFmO0PL7pu%2F2nG0YRN1Q%3D%3D
790,Built,10 147097 STE 28 SA,2010-04-07,"Site Plan Approval Application for Pier 27 Phase 2:  proposal for 3 new mixed use building containing retail at grade  and 607 residentail units in 3 buildings comprising two 13-storey buildings and one 35-storey building.   Gross Floor Area is 63,234 sq",25 QUEENS QUAY  E,10,13640,1150,14790,419,
791,Under Review,22 207468 WET 07 OZ,2022-09-22,A Zoning By-law Amendment application to permit the construction of six residential towers in four separate buildings. The towers are proposed with heights ranging from 14 to 40 storeys and the podiums are proposed with heights ranging from six to 12 sto,33 WALSH AVE,7,166767,766,167533,2452,http://app.toronto.ca/AIC/index.do?folderRsn=ak%2FM1j35jgMNqXpnsxI9QA%3D%3D
792,Active,20 216953 STE 14 OZ,2020-11-10,"Proposal for 7-storey mixed-use building containing 73 rental residential dwelling units.  The proposed residential gross floor area is 5627square metres, and the proposed non-residential gross floor area is 392 square metres.  Please see By-law 849-2022",380 DONLANDS AVE,14,5235,392,5627,73,http://app.toronto.ca/AIC/index.do?folderRsn=vGAlz1sXWIWTyGpkADHrTA%3D%3D
793,Active,13 190357 NNY 26 OZ,2013-06-18,Proposal is to develop eight townhouse dwellings and two 2 semi-detached dwellings with integrated garages for all units.,220 MCRAE DR,15,1826.17,0,1826.17,8,
794,Built,15 188751 STE 19 OZ,2015-07-10,"The proposed development includes a number of mid-rise and tall buildings, ranging in height from 28-storeys on Bathurst Street, and stepping down toward the south and west. A total of 23 of the 27 listed heritage buildings on the site are being retained",605 BLOOR ST W,11,60358,9993,70351,890,http://app.toronto.ca/DevelopmentApplications/associatedApplicationsList.do?action=init&folderRsn=3785237&isCofASearch=false
795,Under Review,20 219229 ESC 20 OZ,2020-11-17,Development comprising of an 11-storey residential building with below grade parking.,3310 KINGSTON RD,20,17891.8,1053.5,18945.3,296,http://app.toronto.ca/AIC/index.do?folderRsn=lPyqh4UAr%2BXRYRMIzawVjQ%3D%3D
796,Active,19 213540 ESC 25 SA,2019-08-29,Proposal to construct 3 multi-tenant industrial condominium buildings (1-storey with mezzanine level).,0 MORNINGSIDE AVE   S/S,25,0,31876,31876,0,http://app.toronto.ca/AIC/index.do?folderRsn=MGWmLvu25F91BQj1LkzraA%3D%3D
797,Active,17 113678 ESC 39 SA,2017-02-06,"Proposal to make an addition to an existing industrial building, and to build in a  mezzanine within the existing building, all to house a construction supply sales and warehouse operation.  Total proposed new GFA is 3,216m2. Total proposed GFA is 7661 m",2989 KENNEDY RD,22,0,3216,3216,0,http://app.toronto.ca/AIC/index.do?folderRsn=vepGw9X8VyvCoz1iJc227g%3D%3D
798,Under Review,23 228013 NNY 08 SA,2023-11-20,"Site Plan approval application for a 2-storey addition with 20 new rental units, atop an existing 4-storey building with 24 existing rental units (subject to Bill 109).",1 MARQUETTE AVE,8,1073,0,1073,20,http://app.toronto.ca/AIC/index.do?folderRsn=t8p32zgwf8nbOVcUh7H0EQ%3D%3D
799,Built,18 126100 ESC 36 OZ,2018-03-07,Proposed mixed-use stacked townhouse development with a total of 16 residential units (16 two-bedroom units). The ground floor would include 2 single level residential units and one commercial unit on the south-west corner. The second and third levels wo,3686 ST CLAIR AVE E,20,1909,75,1984,16,http://app.toronto.ca/DevelopmentApplications/associatedApplicationsList.do?action=init&folderRsn=4333442&isCofASearch=false
800,Active,17 162754 STE 28 OZ,2017-05-18,Proposed Official Plan Amendment and rezoning to allow the redevelopment of the site for a 34-storey mixed-use building with ground floor retail space and 381 dwelling units.,83 RIVER ST,13,23667,300,23967,388,http://app.toronto.ca/AIC/index.do?folderRsn=%2BDxepQxK5HHj0VDFZ0Zjng%3D%3D
801,Active,19 172659 ESC 25 SA,2019-06-17,Proposing a row of 2-storey stacked and back-to-back townhouses with a total of 24 units.  The car sales building will be demolished but the 2.5 storey historical house will be preserved. A total of 29 surface parking spaces are provided.,21 OLD KINGSTON RD,25,2077.68,0,2077.68,20,http://app.toronto.ca/AIC/index.do?folderRsn=16Cmb86or2BjFqeAW00HAw%3D%3D
802,Active,21 214165 STE 13 OZ,2021-09-17,"Official Plan and Zoning By-law Amendment to facilitate the redevelopment of the site for a 75-storey tower located at the northwestern corner of the Site, and a 78-storey tower located at the southwestern corner of the Site.  The proposed non-residentia",475 YONGE ST,13,122311,1160,123471,1791,http://app.toronto.ca/AIC/index.do?folderRsn=rOm%2BIl%2B0m6AboOiQZq2ixA%3D%3D
803,Active,21 176132 ESC 21 OZ,2021-06-25,A city-initiated official plan amendment and zoning by-law amendment by CreateTO has been submitted to facilitate a mixed use development. The property is currently being used as a staff parking lot for the City of Toronto. The proposal if for two buildi,150 BOROUGH DR,21,51369,968,52337,645,http://app.toronto.ca/AIC/index.do?folderRsn=5L5PGATuaOm9PtQho6ZPPA%3D%3D
804,Active,16 156153 NNY 24 OZ,2016-05-16,"The purpose of the Offical Plan and Zoning By-law amendment applications is to permit 4 residential and mixed use buildings with heights of 43, 31, 29, and 25 storeys. The applicant is proposing a total of 1,542 residential units and 1,902 parking spaces",5959 YONGE ST,18,145982,6570.84,152552.84,1941,
805,Under Review,23 118421 NNY 16 OZ,2023-02-28,"The proposed development consists of four (4) residential towers ranging between 42 to 56 storeys in height, linked by a base building. The proposed development contains 2,170 residential units, 135,413 square metres of residential uses, and approximatel",155 ST DENNIS DR,16,135413.25,348,135761.25,2170,http://app.toronto.ca/AIC/index.do?folderRsn=nLREUQ3tvVbs6QwhNtzdTg%3D%3D
806,Active,21 245219 ESC 20 OZ,2021-12-05,The application seeks amendments to the City of Toronto Zoning By-law 569-2013 and the Former City of Scarborough Eglinton Community By-law 10048 to permit development on the southeast corner of the subject lands for a 6-storey self-storage facility. The,2911 EGLINTON AVE E,20,0,17369,17369,0,http://app.toronto.ca/AIC/index.do?folderRsn=iW3uE7to2EZxRb8DS3AEVw%3D%3D
807,Built,16 270566 STE 30 OZ,2016-12-23,"December 14 revisions. The proposed height of the building has been reduced to 22 metres.  Two retail parking spaces have been provided.  The proposed loading space has been relocated and the proposed bottle drop off has been removed. The Applicant, Geor",794 GERRARD ST E,14,5549,559,6108,58,http://app.toronto.ca/AIC/index.do?folderRsn=%2FbKTrA5fVYDIa9JsxjY7UA%3D%3D
808,Under Review,23 147008 STE 04 OZ,2023-05-17,"The application proposes to demolish the existing buildings and construct a new 12-storey mixed use building containing 249 dwelling units. The proposed redevelopment consists of 17,576 sq. m total gross floor area (GFA), which results in a total Floor S",1437 QUEEN ST W,4,16783,793,17576,249,http://app.toronto.ca/AIC/index.do?folderRsn=iDP0Ar780TC1cAr1ikW8PQ%3D%3D
809,Built,14 172663 NNY 15 OZ,2014-06-11,"Application to permit 9-storey mixed use building consisting of 114 residential units with a residential gross floor area of 11,487.98m2 and a commercial gross floor area of 164.07m2 commercial at-grade, which also includes 115 parking spaces.",2433 DUFFERIN ST,8,9463.29,199.5,9662.79,99,http://app.toronto.ca/AIC/index.do?folderRsn=oIaEqUw%2F%2FTzSqE0ozj%2BeOg%3D%3D
810,Built,16 124754 STE 22 OZ,2016-03-08,"Rezoning and OPA to construct mixed-use building: 10 storeys, , 92 dwelling units",492 EGLINTON AVE E,15,7806,0,7806,92,http://app.toronto.ca/AIC/index.do?folderRsn=tiAaylkqDt26vahDFvs8qw%3D%3D
811,Active,14 163592 NNY 09 OZ,2014-05-28,Zoning by-law amendment to construct a 10 unit infill townhouse development on the eastern portion of the site fronting onto Monclova Road. Each townhouse would have a two-car intergal garage at grade. The application has been appealed to the Ontario Mun,195 EXBURY RD,6,2489.36,0,2489.36,10,
812,Active,17 215103 STE 20 OZ,2017-08-11,Zoning amendment application to allow the redevelopment of the site with a non-residential building with a height of 10 storeys fronting King Street West (43.45 metres including the mechanical penthouse) and 12 storeys fronting Adelaide Street West and P,582 KING ST W,10,0,24428.8,24428.8,0,http://app.toronto.ca/AIC/index.do?folderRsn=kOjZ5a8lsOpjW7EBNJT2Lg%3D%3D
813,Built,16 269114 STE 28 SA,2016-12-20,"Phase 1 of the proposed 5-phased development (north and south parcel) at 1-7 Yonge Street. This is a 65-storey, 204.2 metre high, mixed-use building with a total GFA of 60,743 square metres (including a 4,772 square metre Community Centre on floors 1 and",1 YONGE ST,10,54272,5967,60239,596,http://app.toronto.ca/AIC/index.do?folderRsn=bALlsSX0q3vTv0wPKgK%2BwA%3D%3D
814,Active,20 151363 STE 13 OZ,2020-06-02,"Zoning By-law Amendment Application to facilitate the development of a 42-storey mixed-use building comprised of 1200 square metres of non-residential gross floor area, and 31716 square metres of residential gross floor area including 522 residential dwe",218 DUNDAS ST E,13,32741,895,33636,522,http://app.toronto.ca/AIC/index.do?folderRsn=VtQitSPYgnDiJUsbeFOMCA%3D%3D
815,Under Review,20 111505 STE 09 SA,2020-02-03,Site Plan Approval application for a new 7-storey mixed-use building comprised of 107 m2 non-residential gross floor area at grade and 1201 m2 residential gross floor area above.  A total of 19 residential dwelling units and 2 at grade parking spaces are,1744 DUNDAS ST W,9,1093,107,1200,19,http://app.toronto.ca/AIC/index.do?folderRsn=kYjXNz3tuBznLa6K%2B73FNg%3D%3D
816,Built,13 171352 STE 32 OZ,2013-05-21,Zoning By-Law Amendment for a 10-storey mixed use building comprising of 140 dwelling units 473m2 of non-residential gross floor area at grade. A total of 85 parking spaces will be provided.,2359 DANFORTH AVE,19,9289,473,9762,140,
817,Under Review,20 227738 STE 10 OZ,2020-12-10,"Proposal for an 80-storey mixed-use building containing 569 rental dwelling units (down from 588 in the initial application). The proposed building will have a non-residential gross floor area of 81,535 square metres (up from 75,002 square metres) and a",212 KING ST W,10,38679,61308,99987,569,http://app.toronto.ca/AIC/index.do?folderRsn=GDPMv22ePeWSPcLShJZQWQ%3D%3D
818,Active,18 271324 ESC 22 OZ,2018-12-21,"Proposal for a mixed use building with 37-storey and 39-storey tower elements with a 7-storey shared podium, separate 39-storey residential building with a 6-storey podium, a public park and a privately accessible open area are also proposed.  Total of 9",2075 KENNEDY RD,22,79200,1300,80500,1310,http://app.toronto.ca/AIC/index.do?folderRsn=q1YlqICsOYs1srXz0ZY3fw%3D%3D
819,Active,18 250373 STE 19 SA,2018-10-31,Proposal to construct a new three-storey elementary school for the Toronto District Catholic School Board.,270 BARTON AVE,11,0,3985,3985,0,http://app.toronto.ca/AIC/index.do?folderRsn=sLchA3htuDuLmNy5%2F5LcUQ%3D%3D
820,Built,21 233478 ESC 23 SA,2021-11-03,Site Plan amendment for folder,3115 MARKHAM RD,23,0,2238.9,2238.9,0,http://app.toronto.ca/AIC/index.do?folderRsn=57N002H%2BhJjWX5Bv%2Bqt1Dw%3D%3D
821,Active,21 233648 WET 01 SA,2021-11-03,"Site Plan Control application to construct a warehouse building, consisting of 40,462 square metres of industrial gross floor area, 230 parking spaces, and 52 loading spaces.",145 CARRIER DR,1,0,40462,40462,0,http://app.toronto.ca/AIC/index.do?folderRsn=ijuxyImOuJ8Iyl7nYg3rAA%3D%3D
822,Under Review,20 210255 STE 10 SA,2020-10-23,"To permit a 3-storey non-residential building having a non-residential gross floor area of 1,458 square metres.",230 NIAGARA ST,10,0,1458,1458,0,http://app.toronto.ca/AIC/index.do?folderRsn=nRPZFU8cIDM2MlBJL2MrpQ%3D%3D
823,Built,17 245498 STE 20 SA,2017-10-10,"One of four site plan applications for the residential portion of the redevelopment of the former Globe and Mail lands (aka ""The Well"").  These residential site plan applications are related to the non-residential ""Master"" site plan application (file no.",6 SPADINA AVE,10,39008,0,39008,593,http://app.toronto.ca/AIC/index.do?folderRsn=OAx3fNwa%2Bx5FRghQ08lSMg%3D%3D
824,Active,15 155365 STE 19 SA,2015-05-12,To obtain Site Plan Approval for a 5-storey mixed use building with commercial space at the ground and basement levels and 12 rental dwelling units.,918 BLOOR ST W,9,962.1,293.7,1255.8,12,http://app.toronto.ca/AIC/index.do?folderRsn=zP6vviXVLdo0w6T%2BImJDbw%3D%3D
825,Active,13 268032 ESC 37 OZ,2013-11-20,Official Plan and Zoning By-law amendment applications to provide for a residential townhouse development in addition to currently permitted offices on a network of proposed public streets.,1001 ELLESMERE RD,21,16182.94,0,16182.94,91,
826,Active,22 166923 WET 05 OZ,2022-06-23,"To construct a 14-storey mixed-use building including residential, retail and community uses. The application proposes 175 residential units and 229.5 square metres of retail space and 3,156 square metres of office space for community services. A total o",1240 WESTON RD,5,10183,3387,13570,175,http://app.toronto.ca/AIC/index.do?folderRsn=ReEcACyGED%2FRUJBuDDgz5g%3D%3D
827,Active,22 106814 STE 13 OZ,2022-01-24,"Official Plan and zoning by-law amendment application to facilitate the redevelopment of the site for a 10-storey mixed-use building having a non-residential gross floor area of 4190 square metres and a residential gross floor area of 14,420 square metre",306 GERRARD ST E,13,14419,4191,18610,194,http://app.toronto.ca/AIC/index.do?folderRsn=mVG2qGqUBeuWvWvdbfXjtA%3D%3D
828,Under Review,21 251925 WET 07 OZ,2021-12-29,"Official Plan and Zoning By-law Amendment application to facilitate the redevelopment of the site for four mixed-use and residential apartment buildings and a recreation centre having heights of 40 storeys (125.5 metres), 36 storeys (112.85 metres), 30 s",470 SENTINEL RD,7,131966,1910,133876,1740,http://app.toronto.ca/AIC/index.do?folderRsn=5W6Mtp7SKezCGvzAx1PShQ%3D%3D
829,Under Review,20 153975 NNY 08 OZ,2020-06-09,Zoning By-law and Official Plan Amendment application to permit a 14 storey mixed use building and a 12-storey mixed use building. Vehicle access through the site is proposed via a driveway from Avenue Road and a new public road between Lawrence Avenue W,284 LAWRENCE AVE W,8,57142.1,4439.3,61581.4,665,http://app.toronto.ca/AIC/index.do?folderRsn=wMZpGIKyHUyAf4TiSr8rRQ%3D%3D
830,Active,21 125098 WET 02 OZ,2021-03-10,This application proposes to amend the Zoning By-law to permit the development of one mixed-use building containing three 22-storey towers connected by a podium ranging in height from four to eight stories on the southern portion of the site. A total of,5 CAPRI RD,2,56899,806,57705,805,http://app.toronto.ca/AIC/index.do?folderRsn=M0qwu4FAmrYCcT2y0z285w%3D%3D
831,Active,21 120904 STE 10 OZ,2021-02-26,"Zoning Amendment Application to permit the re-development of the site with an addition overtop of and behind the existing heritage building, increasing the height of the existing building to a total of 9-storeys (36.5 metres to the top of the building an",600 KING ST W,10,0,3139.1,3139.1,0,http://app.toronto.ca/AIC/index.do?folderRsn=10CQqew%2BQpOWys9x2tuvtQ%3D%3D
832,Active,22 153992 STE 13 OZ,2022-05-30,"Rezoning for proposed for a 69-storey mixed-use building having a gross floor area of 52,989 square metres  and 837 dwelling units.",90 ISABELLA ST   1,13,52989,0,52989,837,http://app.toronto.ca/AIC/index.do?folderRsn=fBDw2Byltp4Vq%2FOgtWBAEw%3D%3D
833,Built,18 264285 STE 04 SA,2018-12-04,"Site Plan Control application  for a 14-storey mixed use building: 21,159.90 sq. m. residential GFA, 1,481.70 retail GFA.",1221 KING ST W,4,21386.3,1518.3,22904.6,307,http://app.toronto.ca/AIC/index.do?folderRsn=mX4BjE9YBoen5UbbNGbqSw%3D%3D
834,Active,22 175863 STE 10 OZ,2022-07-13,The proposal seeks to replace the 1-storey commercial building and surface parking with an 8-storey residential building containing 26 residential units.,822 RICHMOND ST W,10,2965,0,2965,26,http://app.toronto.ca/AIC/index.do?folderRsn=cj%2BGTYLtcZG%2FGkr2FljAxQ%3D%3D
835,Active,22 117779 WET 02 OZ,2022-02-28,"A Zoning By-law Amendment application to facilitate an infill development to construct an 8-storey residential building with 10,375 square metres of residential gross floor area and 145 dwelling units. The proposed development would be supported by 290 s",301 DIXON RD,2,10375,0,10375,145,http://app.toronto.ca/AIC/index.do?folderRsn=%2BqqJmeULzFE9bNsCcQ48tA%3D%3D
836,Active,21 234039 WET 05 OZ,2021-11-04,"Official Plan and Zoning By-law Amendment application to permit two new residential towers, 46- and 50-storeys tall, on a shared base building containing commercial uses, a 400-person worship/performance hall and a full-sized gymnasium. The existing chur",1871 WESTON RD,5,61778,4969,66747,1032,http://app.toronto.ca/AIC/index.do?folderRsn=RikMCfFKuHpgSzaFpWphwA%3D%3D
837,Active,20 220233 STE 13 OZ,2020-11-19,"The City has received an application to amend the Zoning By-law to allow a 15-storey (51.1 metres plus a 3.7-metre mechanical penthouse) mixed-use building with retail at-grade, 143 dwelling units, 33 vehicle parking spaces in a below grade garage, and 1",471 QUEEN ST E,13,8856,176,9032,151,http://app.toronto.ca/AIC/index.do?folderRsn=7j1%2FiyPgWpqVQjiyijQcoQ%3D%3D
838,Active,19 264466 WET 07 SA,2019-12-23,Revised two storey-laboratory and research building at York University.  This a Gold Star application.,4700 KEELE ST,7,0,4316,4316,0,http://app.toronto.ca/AIC/index.do?folderRsn=uiqWc%2BDtQtpay3Ry7qFl2w%3D%3D
839,Built,16 241940 STE 30 OZ,2016-10-24,Proposal is for a 4-storey residential building.,485 LOGAN AVE,14,4175,0,4175,41,http://app.toronto.ca/DevelopmentApplications/associatedApplicationsList.do?action=init&folderRsn=4050626&isCofASearch=false
840,Under Review,19 172019 WET 01 SA,2019-06-14,"To construct an addition to the east side of the existing Place of Worship. The addition will include a gymnasium and community rooms and have a GFA of approximately 1,238 sq. metres.",1621 ALBION RD,1,0,1237,1237,0,http://app.toronto.ca/AIC/index.do?folderRsn=GO6xIdIS4H6rJsrXdvBgWQ%3D%3D
841,Built,17 122730 WET 17 SA,2017-03-01,Site Plan Control application for proposed 12-storey mixed use development containing,1779 ST CLAIR AVE W,9,20704,705,21409,269,http://app.toronto.ca/AIC/index.do?folderRsn=Ns2jSHjUH43Y8caz36quMQ%3D%3D
842,Under Review,22 123884 WET 05 OZ,2022-03-17,"Proposed development of 10 & 12 storey buildings containing 263 units which will include approximately 21,465 square metres of gross floor area, comprised of approximately 19,209 square metres of residential space, 2,256 square metres of non-residential",65 MC CORMACK ST,5,19209,2256,21465,263,http://app.toronto.ca/AIC/index.do?folderRsn=dKb46B5yz6ZDJExRoWeI0A%3D%3D
843,Under Review,18 120060 NNY 15 SA,2018-02-22,Proposal for 3 new  Buildings: two self storage facilities and a 'design centre'.,755 CALEDONIA RD,8,0,25820.96,25820.96,0,http://app.toronto.ca/AIC/index.do?folderRsn=5exRgwzjdIUND2NwjiZfig%3D%3D
844,Active,12 176179 NNY 16 OZ,2012-05-18,"The site contains an existing 91 unit 4-storey apartment building.  The applicant proposes to redevelop the vacant front portion of the site, which includes the front lawn, circular driveway and surface parking lot, with a 3-storey (plus rooftop amenity",200 RIDLEY BLVD,8,6321.93,0,6321.93,20,
845,Built,16 270213 STE 28 SA,2016-12-22,"A Site Plan Approval application to permit the development of River City Phase 4 within the West Don Lands. A 13-storey mixed-use building with a total GFA of 11,786 square metres is proposed and 154 residential units. The building will contain 87 parkin",170 EASTERN AVE,13,11786,227,12013,156,http://app.toronto.ca/DevelopmentApplications/associatedApplicationsList.do?action=init&folderRsn=4084275&isCofASearch=false
846,Under Review,22 241838 NNY 08 OZ,2022-12-22,"Zoning By-law Amendment Application for a 33-storey high-rise mixed-use building with a total of 342 units and a total gross floor area of 22,360 square metres, which includes 296 square metres of retail space.",280 VIEWMOUNT AVE,8,22064,296,22360,342,http://app.toronto.ca/AIC/index.do?folderRsn=vNekp4Jn8lcvq%2Fn6qHuu0Q%3D%3D
847,Active,22 242012 STE 11 OZ,2022-12-22,Zoning By law amendment application to permit an office use within the existing building. The site is located on the west side of Bedford Road.,124 BEDFORD RD,11,0,118.11,118.11,0,http://app.toronto.ca/AIC/index.do?folderRsn=U9Kw%2FKl2gZIRUmNh9%2B61zg%3D%3D
848,Under Review,21 221292 STE 13 OZ,2021-10-04,"Zoning By-law Amendment application to permit a 19-storey mixed-use building with 239 square metres of retail space on the ground floor and 182 dwelling units above, and a 107 square metre park along the Berkeley Street frontage. 194 bike parking spaces",102 BERKELEY ST,13,15480,120,15600,257,http://app.toronto.ca/AIC/index.do?folderRsn=SqJcY4eZVmZUTPErhIP0DQ%3D%3D
849,Active,21 131020 ESC 24 SA,2021-03-23,"Wigwamen Incorporated has submitted a Site Plan application for a 6-storey, 62 unit affordable rental housing building targeted for Indigenous households. The project has received incentive and capital awards from the 2020 Open Door Affordable Housing Pr",525 MARKHAM RD,24,3928.3,0,3928.3,62,http://app.toronto.ca/AIC/index.do?folderRsn=Q06TlVK6K1mnlOuoivMjrw%3D%3D
850,Active,16 211026 ESC 41 OZ,2016-08-22,Development comprising of a gas station with convenience store including a food partner with a drive thru facility and stand alone car wash building.,3662 MIDLAND AVE,22,0,398.35,398.35,0,http://app.toronto.ca/AIC/index.do?folderRsn=M5F6qzYZ%2BmMfz%2BYSjS5a0w%3D%3D
851,Built,12 256738 STE 27 SA,2012-10-02,A site plan approval application to permit alterations to the existing heritage designated building of Massey Hall for the purposes of a 2 storey glazed walk way fronting on the east and west elevations of the building and a 6 storey addition to the rear,178 VICTORIA ST,13,0,5621.7,5621.7,0,
852,Active,21 248581 STE 11 SA,2021-12-14,"Site plan approval for a 75-storey mixed-use building having a non-residential of 1398 square metres and a residential gross floor area of 47929 square metres.  725 residential dwelling units are proposed. (NOTE: This is phase 2 of the development, and i",2 BLOOR ST W,11,50170,1446,51616,725,http://app.toronto.ca/AIC/index.do?folderRsn=AOdn4UTaK7b1jZpEvQl6Ww%3D%3D
853,Under Review,21 252450 STE 11 OZ,2021-12-31,"Zoning By-law Amendment application to permit a 61-storey mixed-use building, containing 79 dwelling units and 10,351 square metres of non-residential gross floor area.",30 SCOLLARD ST,11,11812,5041,16853,79,http://app.toronto.ca/AIC/index.do?folderRsn=PJRSkk4rBG8nQTImaALjiQ%3D%3D
854,Under Review,21 234490 STE 13 OZ,2021-11-05,"Official Plan and Zoning by-law amendment to facilitate the redevelopment of the site for a 57-storey mixed-use building having a non-residential gross floor area of 3133.48 square metres, and a residential gross floor area of 46114.38 square metres.  A",619 YONGE ST,13,62194,2534,64728,803,http://app.toronto.ca/AIC/index.do?folderRsn=OaVpnIjTouEMoTJJbbVS5g%3D%3D
855,Built,14 176036 STE 28 OZ,2014-06-18,To allow for a Zoning By-law ammendment to remove a Holding provision from Blocks 1 and 2 of the East Bayfront Dock side project.,125 QUEENS QUAY  E,10,0,40053,40053,0,
856,Active,21 174461 ESC 20 SA,2021-06-22,"The proposal is for the Warden TTC Station to undergo a partial demolition and partial retention of existing facilities. The proposed redevelopment comprises of accessibility upgrades, partial demolition and construction of a new bus terminal with a conc",701 WARDEN AVE,20,0,3748,3748,0,http://app.toronto.ca/AIC/index.do?folderRsn=uzITr0izWM2T0j20wbEOXw%3D%3D
857,Built,15 256717 STE 30 OZ,2015-11-25,"Resubmission received on September 21, 2016: The Applicant has submitted a revised OPA/Rezoning Application # 15 256717 STE 30 OZ and Site Plan Application # 15 256718 STE 30 SA for the lands at 1117 and 1119 Gerrard Street East. The site is currently de",1117 GERRARD ST E,14,2212,235,2447,36,http://app.toronto.ca/AIC/index.do?folderRsn=WqLfvA95CkUQTgm6ZMOW1A%3D%3D
858,Active,19 146963 STE 11 SA,2019-04-30,Site Plan Control Application to permit a 20 storey residential building (GFA 8207.40m2) with 3 levels of below grade parking containing 76 vehicle parking spaces and 43 bicycle parking spaces.,89 AVENUE RD,11,8471.09,0,8471.09,60,http://app.toronto.ca/AIC/index.do?folderRsn=xVfzuORg3zMJY74jObY3DA%3D%3D
859,Under Review,22 106787 STE 10 OZ,2022-01-24,"Zoning By-law Amendment Application to lift the ""H"""" Holding Symbol that currently applies to the subject site.",178 QUEENS QUAY  E,10,39542,2306,41848,609,http://app.toronto.ca/AIC/index.do?folderRsn=u%2FYrKMgKGHya8hfwTCcw9w%3D%3D
860,Built,13 133545 WET 12 SA,2013-03-14,Eglinton Crosstown LRT - Caledonia Station,2400 EGLINTON AVE W,5,0,307,307,0,http://app.toronto.ca/AIC/index.do?folderRsn=KwjlWJES7eP3OCxNZgy7oA%3D%3D
861,Built,15 260338 NNY 26 OZ,2015-12-03,"This is a City-initiated Zoning Bylaw Amendment for Eglinton Crosstown - Weston Road to Kennedy Road,in conjunction with the Crosstown LRT",1155 EGLINTON AVE E,15,0,1551.33,1551.33,0,
862,Built,15 260325 NNY 16 OZ,2015-12-03,"This is a City-initiated Zoning Bylaw Amendment for Eglinton Crosstown - Weston Road to Kennedy Road,in conjunction with the Crosstown LRT",574 EGLINTON AVE W,8,0,719,719,0,
863,Built,15 257871 STE 21 OZ,2015-11-27,"This is a City-initiated Zoning Bylaw Amendment for Eglinton Crosstown - Weston Road to Kennedy Road,in conjunction with the Crosstown LRT",842 EGLINTON AVE W,8,0,1087,1087,0,
864,Built,13 139459 STE 22 SA,2013-03-25,Eglinton Crosstown LRT - Mount Pleasant Station,256 EGLINTON AVE E,12,0,1268.6,1268.6,0,http://app.toronto.ca/AIC/index.do?folderRsn=wPKEPr0NDDkpe%2F5xEn63BA%3D%3D
865,Active,15 108641 STE 20 OZ,2015-01-26,Zoning By-law Amendment application to permit a  29-storey mixed-use building.,316 BLOOR ST W,11,27860,476,28336,499,http://app.toronto.ca/AIC/index.do?folderRsn=BcxQZws4innRuFpkuv9VeQ%3D%3D
866,Under Review,21 235326 STE 11 OZ,2021-11-08,"Official Plan and Zoning By-law Amendment to permit a 25-storey mixed-use building, containing 224 dwelling units and 2,542 square metres of non-residential gross floor area. The new development is located at the northeast corner of the existing Atrium o",595 BAY ST,11,21974,0,21974,317,http://app.toronto.ca/AIC/index.do?folderRsn=1kjh8p9WVJmVtKeg7Rgk2w%3D%3D
867,Built,12 116875 STE 19 SA,2012-02-03,PHASE 2 - Site plan approval for mixed use building - 27 storeys - ground floor retail - 293 residential units - 5 levels below grade parking - 379 parking spaces - 173 bicycle parking spaces.,51 EAST LIBERTY ST,10,20852.3,298.2,21150.5,303,http://app.toronto.ca/DevelopmentApplications/associatedApplicationsList.do?action=init&folderRsn=3070448&isCofASearch=false
868,Built,15 244771 STE 27 OZ,2015-10-29,"The proposed development of the subject site consists of a new highrise courthouse. The courthouse includes a number of courtrooms and associated courthouse operations, as well as some of their ancillary office and eating establishment space. The propose",11 CENTRE AVE,10,0,60725,60725,0,
869,Built,15 222827 NNY 23 OZ,2015-09-15,A 3-storey commercial building  containing 1173.0 square metres of gross floor area with 1 level of underground parking for 13 spaces.  Vehicular access is from Sheppard Avenue East.  The rooftop amenity area is enclosed with a facade-like screen.,101 SHEPPARD AVE E,18,0,1160,1160,0,http://app.toronto.ca/DevelopmentApplications/associatedApplicationsList.do?action=init&folderRsn=3824879&isCofASearch=false
870,Built,20 233385 WET 07 SA,2020-12-23,"Proposal for 6-storey Long Term Care Facility, with a total of 320 beds, and 435 vehicular parking spaces.  The existing hospital will be retained, with the proposed LTC facility located on the existing parking lot on the east side of the property.  The",2111 FINCH AVE W,7,0,23575,23575,0,http://app.toronto.ca/AIC/index.do?folderRsn=rD4ODxQvF2XOn1rRrd1UVw%3D%3D
871,Active,15 177189 STE 20 OZ,2015-06-19,This is a substantially amended Zoning Amendment application submitted to address City concerns regardng the previous proposal for a 56-storey residential building.  The application has been appealed to the Ontario Municipal Board (OMB).  The revised pro,217 ADELAIDE ST W,10,0,18622,18622,0,http://app.toronto.ca/AIC/index.do?folderRsn=cFRpSAWpOO9uU7ZMD%2FqxIw%3D%3D
872,Built,15 260333 NNY 26 OZ,2015-12-03,"This is a City-initiated Zoning Bylaw Amendment for Eglinton Crosstown - Weston Road to Kennedy Road,in conjunction with the Crosstown LRT",1787 BAYVIEW AVE,15,0,741.6,741.6,0,
873,Built,15 260303 NNY 15 OZ,2015-12-03,"This is a City-initiated Zoning Bylaw Amendment for Eglinton Crosstown - Weston Road to Kennedy Road,in conjunction with the Crosstown LRT",1578 EGLINTON AVE W,8,0,1272.6,1272.6,0,
874,Under Review,20 126776 STE 11 SA,2020-03-17,"Proposed four-storey mixed use building, which will integrate the existing two-storey façade into the proposed building, and will include retail space on the ground floor and 6 residential units (2 per floor) on the second, third and fourth floors.",25 BALDWIN ST,11,683,195,878,6,http://app.toronto.ca/AIC/index.do?folderRsn=JrARyNINnVdOSkT5GA%2B84Q%3D%3D
875,Under Review,24 106385 ESC 22 OZ,2024-01-19,"This is an OPA & Rezoning application. The proposal seeks to redevelop the lands with a 14-storey tall high-rise, mixed-use building.",3175 SHEPPARD AVE E,22,18919,468,19387,194,http://app.toronto.ca/AIC/index.do?folderRsn=jTpvg6%2FSHNsJe8pyeHM4%2Bg%3D%3D
876,Active,19 265929 STE 13 OZ,2019-12-31,Zoning By-law Amendment application to permit a 43-storey mixed-use building that includes 278 square metres of retail space on the ground floor and 380 dwelling units above.,75 ONTARIO ST,13,22862,277,23139,380,http://app.toronto.ca/AIC/index.do?folderRsn=Z5jY%2Fpy7Q6e6q5XH3p61eg%3D%3D
877,Built,12 236801 STE 18 OZ,2012-08-28,"Employment Lands Conversion. OPA and rezoning application for construction of new mixed use building - 12 storeys, Ground and Second floor retail and public library / remainder residential -235 residential units - (includes 4 live / work units)- 117 park",299 CAMPBELL AVE,9,19751,1226,20977,236,
878,Active,20 164697 ESC 22 OZ,2020-07-08,"Zoning By-law Amendment application to permit new residential development on two blocks of land curently under draft plan of subdivision approval.  Block 1 includes 3 new apartment buidings (6, 16 and 22 storeys).  Block 2 includes stacked back-to-back t",75-85 SILVER SPRINGS BLVD,22,46539,0,46539,604,http://app.toronto.ca/AIC/index.do?folderRsn=RglaxR03s%2BNnz71gediFkw%3D%3D
879,Under Review,20 168036 WET 03 SA,2020-07-15,"Revised site plan application for the final phase 3 of ""The Kip District"" development including a 36-storey residential rental apartment building (eastern building B) containing 379 units and a 37-storey condominium building (western building A) with gra",5365 DUNDAS ST W,3,55524,0,55524,795,http://app.toronto.ca/AIC/index.do?folderRsn=rESVHDgdiYmld9qloWXImA%3D%3D
880,Active,20 220123 STE 12 OZ,2020-11-19,"Application appealed to the Ontario Land Tribunal. Proposal for a 15-storey residential building comprised of 203 dwelling units, and having a residential floor area of 33,847.5 square metres.",175 ST CLAIR AVE W,12,27805,0,27805,298,http://app.toronto.ca/AIC/index.do?folderRsn=LNs9hZgGfG7vP6Q%2Bzo08MA%3D%3D
881,Built,16 181970 NNY 09 SA,2016-06-28,"Proposed residential commplex comprising an 11-storey condominium apartment building (237 units), an 8-storey condominium apartment building (151 units) and a 4-storey rental apartment building (53 units) on Block 'A' of the Stanley Greene Subdivision.",35 CARL HALL RD,6,35224,0,35224,474,http://app.toronto.ca/AIC/index.do?folderRsn=tWlxvDpT9f0TTGgXRhMPFw%3D%3D
882,Active,21 153222 WET 03 SA,2021-05-11,Redevelopment of Islington subway station to accommodate a new bus terminal and entrance building on the north portion of the lot.,1226 ISLINGTON AVE,3,0,2762,2762,0,http://app.toronto.ca/AIC/index.do?folderRsn=TX8cDMmqN0uhdYKRsr9SGg%3D%3D
883,Built,15 114759 STE 27 OZ,2015-02-11,Application for Zoning By-Law amendment to permit a new 51 storey mixed-use tower (162.5 metres plus a 7.5 metre mechanical penthouse). The application proposes to retain the facades of the heritage buildings on Yonge St.  A total of 399 residential dwel,826 YONGE ST,11,28694,432,29126,400,
884,Active,22 186084 STE 13 OZ,2022-08-04,"Proposal for a 59 storey mixed-use building containing 690 dwelling units, 42,000 sqm of residential GFA, and 500 sqm of retail GFA. A Site Plan Application (22 186083 STE 13 SA) has been submitted concurrently with this application.",119 CHURCH ST,13,41884,616,42500,690,http://app.toronto.ca/AIC/index.do?folderRsn=EuizkruJ6mXTxYPzkuYP2A%3D%3D
885,Built,18 123996 STE 20 SA,2018-03-02,"Site Plan Approval application to permit the renovation and expansion of the existing University of Toronto Schools secondary school. A three-storey, 3,500 square metre addition is proposed at the eastern portion of the existing listed heritage building.",371 BLOOR ST W,11,0,3478,3478,0,http://app.toronto.ca/AIC/index.do?folderRsn=OLZbzQmHqZDphiNiHxPogg%3D%3D
886,Active,22 212546 NNY 06 OZ,2022-10-03,"Rezoning Application  to permit a mixed-use development consisting of a 10 storey mid-rise building and a 32-storey tower which share a 6-storey podium. The total gross floor area of the residential area is approximately 36, 687 square metres with 479 re",3750 BATHURST ST,6,36687,853,37540,479,http://app.toronto.ca/AIC/index.do?folderRsn=YNblGo6pCPzMHxApNllzHg%3D%3D
887,Active,22 165979 STE 12 OZ,2022-06-22,Zoning By-law Amendment application to permit a 33-storey residential building with 432 residential units.,141 DAVISVILLE AVE,12,24369,0,24369,432,http://app.toronto.ca/AIC/index.do?folderRsn=veojtYit2sR4wrIO9SkOHg%3D%3D
888,Active,22 162082 STE 12 OZ,2022-06-14,"Official Plan and Zoning By-law Amendment application to permit a 41-storey residential building with 540 residential units. Official Plan Amendment is required to redesignate the southern portion of the site from Parks to Apartment Neighbourhoods (OP),",33 DAVISVILLE AVE,12,30200,0,30200,540,http://app.toronto.ca/AIC/index.do?folderRsn=hEwgF57gDwcklotR9KrtLg%3D%3D
889,Active,16 118020 NNY 09 OZ,2016-02-18,"1) PREVIOUS PROPOSAL: Construct 4 sets of semi-detached houses (8 in total) fronting Sheppard Ave W - vehicular parking at the rear with access from a driveway from New Seeley Drive..PLEASE NOTE PLANS STAMPED RECEIVED OCTOBER 26, 2017. Note applicants co",1629 SHEPPARD AVE W,6,1183.82,0,1183.82,7,http://app.toronto.ca/AIC/index.do?folderRsn=sYJ3dXDNCftzNeymMYg5YA%3D%3D
890,Active,22 203450 STE 13 OZ,2022-09-14,"Official Plan and Zoning By-law amendment application to permit converting the existing office uses in the 15-storey designated heritage building to residential uses on levels 2 to 15, infilling the southeast corner of the building and adding 6 storeys o",69 YONGE ST,13,11567,0,11567,127,http://app.toronto.ca/AIC/index.do?folderRsn=WuPZRUJB342aHRVNeYi3Zw%3D%3D
891,Active,15 167709 ESC 40 OZ,2015-06-03,"Zoning bylaw amendment  to permit a multi-phased, high density mixed use development. Includes 31 & 34 storey residential condominium towers with ground floor retail, a 40 storey residential condominium tower with 100 predominately replacement hotel room",2035 KENNEDY RD,22,74389,10352,84741,1044,http://app.toronto.ca/AIC/index.do?folderRsn=Uw%2FoCKO4%2FXcfcouawkfuhA%3D%3D
892,Built,17 190765 STE 32 OZ,2017-06-30,"Zoning By-law Amendment to facilitate the development of a 30-storey mixed use building, with retail at the ground floor, a floor of office space and 301 residential units above. The existing public laneway is proposed to be widened, and the detached hou",286 MAIN ST,19,26305.3,1468.3,27773.6,371,http://app.toronto.ca/AIC/index.do?folderRsn=wtqLQTEp7BoDc1BnkAvAww%3D%3D
893,Active,22 115570 ESC 20 OZ,2022-02-18,"Rezoning proposal for a 12-storey residential building, inclusive of a rooftop mechanical/amenity floor, and residential uses at-grade at the rear and above. The proposed building will contain a total Gross Floor Area (GFA) of approximately 18,350.1 sq m",150 CLONMORE DR,20,18144.2,0,18144.2,290,http://app.toronto.ca/AIC/index.do?folderRsn=o2jdX3mE9h3ZyBu9tezmeg%3D%3D
894,Built,16 112811 STE 22 OZ,2016-02-04,Proposal for rezoning related to a new 36 storey rental apartment building containing 236 units to be built adjacent to the existing rental apartment building will which contain 130 units,89 ROEHAMPTON AVE,12,20423,0,20423,256,http://app.toronto.ca/AIC/index.do?folderRsn=S10JSZMU20DPGqQkF3Fo4g%3D%3D
895,Under Review,21 235796 STE 13 OZ,2021-11-09,This application proposes a 46 storey (156.3 metres including mechanical penthouse) mixed-use building with 419 dwelling units and 328 square metres of commercial uses at grade.,130 PARLIAMENT ST,13,25246,382,25628,422,http://app.toronto.ca/AIC/index.do?folderRsn=aurqBzzP9087maS5F7aQjQ%3D%3D
896,Under Review,21 235932 STE 13 OZ,2021-11-09,This application proposes a 46-storey (158.2 metres including mechanical penthouse) mixed-use building with 478 dwelling units and 663 square metres of retail at grade.,296 KING ST E,13,27597,1188,28785,449,http://app.toronto.ca/AIC/index.do?folderRsn=iPRcKfMlgNvcbFV17J7dlg%3D%3D
897,Built,12 188716 STE 20 OZ,2012-06-07,Rezoning application for construction of new 40 storey mixed use building - 426 residential units - 6 levels underground - 100 parking spots - 431 bicycle parking spaces. *Circulate to Canada Post in the Site Plan circulation*,40 WIDMER ST,10,29832,0,29832,426,
898,Under Review,20 199975 STE 09 OZ,2020-09-29,"The site is proposed to be redeveloped with a mixed-use, predominately residential development having a height of 18 storeys along Bloor Street West then stepping down to 12 and 4 storeys to the south. Below grade parking is proposed under the 12 and 8 s",1405 BLOOR ST W,9,20594,445,21039,344,http://app.toronto.ca/AIC/index.do?folderRsn=%2FdisPgPkQXwPDNPtGKwfxQ%3D%3D
899,Active,22 139084 STE 12 OZ,2022-04-27,"Zoning By-law amendment to facilitate the redevelopment of the site for a 50-storey residential building having a gross floor area of 38,200 square metres, including 200 square metres of commercial gross floor area. 624 residential dwelling units are pro",77 ROEHAMPTON AVE,12,38062,130,38192,624,http://app.toronto.ca/AIC/index.do?folderRsn=XyjZkSCKJztXIH%2BUZuQJtw%3D%3D
900,Under Review,20 230362 ESC 20 OZ,2020-12-18,"Official Plan and Zoning By-law Amendments to facilitate a proposed plan of subdivision having a total area of 15.625 ha .  The subdivision proposes new public roads, along with various blocks for 384 townhouse units (single block and  back to back) alon",260 BRIMLEY RD,20,128300,0,128300,1337,http://app.toronto.ca/AIC/index.do?folderRsn=gLhHWFOZDp%2F3CFXKJGa52g%3D%3D
901,Active,19 124407 STE 13 OZ,2019-03-12,Revised Zoning By-law Amendment to permit a 38-storey building consisting of a 2-storey base building and a 35-storey tower with an overall height of 126.4 m (including mechanical penthouse).  The application proposes 484 residential units and 1494q.m. o,33 SHERBOURNE ST,13,28673.5,1494.1,30167.6,484,http://app.toronto.ca/AIC/index.do?folderRsn=5VA7mlfRqdQ%2BP5sR8hbzRg%3D%3D
902,Active,21 157561 WET 01 SA,2021-05-19,"Proposal for a 5-storey self-storage facility on the west side of the subject site, consisting of 11,609 square metres of gross floor area. The proposal includes a total of 16 parking spaces, including 1 barrier-free parking space. The existing Home Depo",1983 KIPLING AVE,1,0,11609,11609,0,http://app.toronto.ca/AIC/index.do?folderRsn=7ggdKAC3OgASnQZxgL86pQ%3D%3D
903,Active,22 161885 STE 12 SA,2022-06-14,Site Plan Application for proposed 1 storey addition the east side and a 2 storey addition to the west side of the existing arena building - De La Salle College,131 FARNHAM AVE,12,0,4066,4066,0,http://app.toronto.ca/AIC/index.do?folderRsn=7O0X%2B2ghWmyiOF0ZznHUvQ%3D%3D
904,Built,16 121271 WET 11 OZ,2016-02-26,"Proposed amendments to the City's Official Plan and By-law 1001-2010 to permit  redevelopment project (Blocks A, B and C) to accommodate hospital uses, and ancillary uses, and additional future development, respectively.",82 BUTTONWOOD AVE,5,0,54033,54033,0,http://app.toronto.ca/DevelopmentApplications/associatedApplicationsList.do?action=init&folderRsn=3908274&isCofASearch=false
905,Under Review,21 143747 STE 10 OZ,2021-04-21,Proposal to modify previously approved Buildings A and F. Building A is proposed with a revised height of 11 storeys containing 136 residential dwelling units (previously approved for 13 storeys containing 132 units). Building F is proposed with a revise,25 QUEENS QUAY  E,10,43416,1164,44580,611,http://app.toronto.ca/AIC/index.do?folderRsn=Y%2FDmSfkCghAM0G%2BcGuzaIg%3D%3D
906,Active,22 114462 NNY 16 SA,2022-02-15,"To permit a one-storey addition and mezzanine to the existing vehicle sales building (Don Valley Volkswagen Dealership). The addition is proposed to add 970 sq.m. of floor area. The gross floor area of the proposed building is 2,374 sq.m.",1695 EGLINTON AVE E,16,0,970,970,0,http://app.toronto.ca/AIC/index.do?folderRsn=WZapsMKuPHFCLjzJLpqExQ%3D%3D
907,Under Review,19 229948 NNY 06 SA,2019-10-01,Site Plan application to permit a one storey addition above the existing 3-storey apartment building,2850 KEELE ST,6,332.33,0,332.33,4,http://app.toronto.ca/AIC/index.do?folderRsn=kRl8aL7%2BSdHlwLvckA0T4Q%3D%3D
908,Active,13 253911 ESC 20 OZ,2013-10-21,"Dec 1, 2022 resubmission: The applicant has submitted revised drawings and studies to address comments regarding their rezoning amendment application to permit 12, 3-storey townhouses on an ""L"" shaped parcel.  The applicant proposes a public lane towards",45 THORA AVE,20,1864.6,0,1864.6,12,http://app.toronto.ca/AIC/index.do?folderRsn=o%2BaH2ZJAa2nh5X6s6omeQA%3D%3D
909,Under Review,24 118466 NNY 08 OZ,2024-02-23,"Proposal includes four buildings. Building ""A"": The existing 2-storey building is 1,198 m2 and a new third-storey addition of 501 m2 is proposed for a total of 1,699 m2. Building ""B"": Existing 1,218 m2 3-storey building with no proposed changes to the ex",567 LAWRENCE AVE W,8,2195.8,1366,3561.8,16,http://app.toronto.ca/AIC/index.do?folderRsn=ivLkqEB0oKXzIqSCozp4Qw%3D%3D
910,Active,15 202792 STE 22 OZ,2015-08-06,Proposal for a 5 storey residential building with 20 units and a GFA of 5548 square metres and a density of 1.76 FSI.  A total of 40 parking spaces will be located within four levels of underground parking.,77 CLARENDON AVE,12,5312,0,5312,16,http://app.toronto.ca/DevelopmentApplications/associatedApplicationsList.do?action=init&folderRsn=3801481&isCofASearch=false
911,Under Review,19 264594 STE 13 SA,2019-12-24,Site Plan Approval for a new motor vehicle sales and service building (Volvo),300 BAYVIEW AVE,13,0,1956.5,1956.5,0,http://app.toronto.ca/AIC/index.do?folderRsn=muYcgj2pQX5Exskomikqdg%3D%3D
912,Under Review,23 217877 STE 11 OZ,2023-10-24,"Zoning By-law Amendment application was appealed to Ontario Land Tribunal (OLT Case No. OLT-24-000316). On April 29, 2025, OLT issued a partial order approving a 25-storey residential building (including 33 replacement rental units), final order pending",40 WALMER RD,11,22773.6,0,22773.6,365,http://app.toronto.ca/AIC/index.do?folderRsn=lFMK2ZMSLL%2F7Sj%2Bd67zGSg%3D%3D
913,Built,14 249552 WET 11 SA,2014-11-07,Proposed expansion and alterations to existing car dealership (Ken Shaw Motors Limited).,2336 ST CLAIR AVE W,5,0,3626,3626,0,
914,Built,13 211324 STE 22 OZ,2013-07-26,"Application to permit new 27 and 34 storey residential towers, on a site with two existing 14 storey rental buildings.  The total residential gross floor area of all buildings on the site (both new and existing) will be 67,900 square metres.  A total 413",33 HOLLY ST,12,43335,0,43335,545,http://app.toronto.ca/AIC/index.do?folderRsn=OhVy0ObGHW0mD0DHsb559g%3D%3D
915,Built,15 260310 STE 21 OZ,2015-12-03,"This is a City-initiated Zoning Bylaw Amendment for Eglinton Crosstown - Weston Road to Kennedy Road,in conjunction with the Crosstown LRT",1250 EGLINTON AVE W,8,0,5602.14,5602.14,0,
916,Built,15 260326 NNY 16 OZ,2015-12-03,"This is a City-initiated Zoning Bylaw Amendment for Eglinton Crosstown - Weston Road to Kennedy Road,in conjunction with the Crosstown LRT",1024 AVENUE RD,8,0,1294,1294,0,
917,Under Review,24 120678 NNY 15 OZ,2024-02-29,"The purpose of this OPA application is to redesignate the site in the Yonge-Eglinton Secondary Plan¿s (YESP) Map 23-3: Midtown Transit Station Areas from Secondary Zone to Station Area Core. In total, 419 residential units are proposed with approximatel",1802 BAYVIEW AVE,15,28928,332,29260,441,http://app.toronto.ca/AIC/index.do?folderRsn=7LI%2Bn5Vh2m00dAO1mOivhw%3D%3D
918,Built,18 135986 WET 12 SA,2018-03-28,This application is for the South Phase of the Property (Blocks 3 and 4) . The built form proposed in the Application conforms and implements the final and binding Zoning By-law Amendment for midrise buildings and stacked back{o-back townhouses.,2175 KEELE ST,5,28877,0,28877,380,http://app.toronto.ca/AIC/index.do?folderRsn=BEF7l4xRsy%2FQ8hoalkNu0A%3D%3D
919,Built,13 204146 ESC 35 SA,2013-07-15,Application by METROLINX re: implementation of the Eglinton Cosstown LRT eastern terminus at Kennedy Station.,2439 EGLINTON AVE E,20,0,1447.71,1447.71,0,http://app.toronto.ca/AIC/index.do?folderRsn=%2B6n55CCbIHhHgsy72anTBw%3D%3D
920,Built,15 244093 WET 05 OZ,2015-10-28,Proposed amendments to the Etobicoke Zoning Code to permit the development of a 29storey residential apartment building,30 ZORRA ST,3,31626,0,31626,459,http://app.toronto.ca/AIC/index.do?folderRsn=pmMmxWUIebjyyLuXWJNsBA%3D%3D
921,Active,08 196808 NNY 24 OZ,2008-08-25,"Increase the permitted gross floor area from 40,400 m2 (with Daycare Bonus) to 64,000 m2 and modify the setback and building step back standards.  City Council approved an Official Plan and zoning amendment for a 20 storey office building with retail and",1181 SHEPPARD AVE E,17,55615.08,7262.8,62877.88,798,
922,Active,21 180732 NNY 08 OZ,2021-07-07,"Zoning By-Law Amendment Application to permit two infill residential buildings of 11 and 12 storeys in height, resulting in an additional 36,863 square metres of residential gross floor area and a density of 5.60 FSI on the subject site. A public park of",500 DUPLEX AVE,8,36863,0,36863,514,http://app.toronto.ca/AIC/index.do?folderRsn=wSiBEgYS%2Bd%2BO3PjW0oQHhQ%3D%3D
923,Active,16 269597 WET 13 OZ,2016-12-21,"This application proposes to amend the Zoning By-laws to permit one block of 5 3-storey townhouse, one 32 storey building, one 25 storey building, to be developed and added to the lands currently occupied by three residential rental buildings.",111 PACIFIC AVE,4,45594,0,45594,688,http://app.toronto.ca/AIC/index.do?folderRsn=ZHhjwWpZt96ZWTyfoxKTtQ%3D%3D
924,Under Review,22 160403 NNY 15 OZ,2022-06-10,"Proposal for a development includes three buildings: a 40-storey residential mixed-use building, a 21storey residential building, and a 6-storey office building, as well as a new private road and privately owned publiy accessible space (POPS). The Propos",849 EGLINTON AVE E,15,53633.1,11362.8,64995.9,820,http://app.toronto.ca/AIC/index.do?folderRsn=hf65IAufAty6RofH8AwJCA%3D%3D
925,Active,20 233160 STE 13 OZ,2020-12-22,The City has received an application to amend the Zoning By-law to allow a 40-storey (123.1 metres plus a 9.75-metre mechanical penthouse) mixed-use building with ground level retail.,250 KING ST E,13,33508,537,34045,509,http://app.toronto.ca/AIC/index.do?folderRsn=JJjQ10f6dPLAVzPj6I4m5w%3D%3D
926,Active,21 251437 STE 10 OZ,2021-12-24,"Official Plan and Zoning By-law amendment application to facilitate the redevelopment of the site for a 13 storey mixed-use building having a non-residential gross floor area of 130 square metres, and a residential gross floor area of 21,235 square metre",111 STRACHAN AVE,10,21122,0,21122,322,http://app.toronto.ca/AIC/index.do?folderRsn=cFZhdOeakGQQHPBCs3K0Bg%3D%3D
927,Under Review,22 205741 NNY 15 OZ,2022-09-19,"Proposal to demolish the existing 4-storey rental apartment and construct a new 35-storey residential building containing 377 residential units, including 37 replacement rental dwelling units. The proposal consists of 23,973.0 sq. m of residential gross",77 ERSKINE AVE,15,23973,0,23973,377,http://app.toronto.ca/AIC/index.do?folderRsn=R%2F%2FB3qChz3DJVy7%2FRZhq5Q%3D%3D
928,Active,23 112378 STE 14 SA,2023-02-09,"To construct a new four-storey apartment building with a height of 13.2 metres, 20 affordable rental units, a gross floor area of 1,173 square metres, and zero vehicular parking spaces.",230 COXWELL AVE,14,1173.7,0,1173.7,20,http://app.toronto.ca/AIC/index.do?folderRsn=wyPGSrvP0zb7VC36wAF1EA%3D%3D
929,Under Review,17 277456 ESC 38 OZ,2017-12-19,"Fifth Submission: To permit the redevelopment of the lands with seven tall, residential buildings ranging in height from 18 to 54 storeys with a total of 3,203 residential units. The proposed buildings would be spread out over 5 development blocks. A pub",670 PROGRESS AVE,24,195612,3041,197211,3203,http://app.toronto.ca/AIC/index.do?folderRsn=CmYNBr1TZis%2BsTQG10lIbw%3D%3D
930,Built,17 224564 STE 28 SA,2017-08-29,"Site Plan Approval application for the renovation and enhancement of the existing building.  Scope of work includes heritage restoration, re-cladding and the addition of floor area to certain portions of the building while maintaining the existing overal",85 RICHMOND ST W,10,0,1903,1903,0,http://app.toronto.ca/AIC/index.do?folderRsn=0G4%2FJMjmCzcFkt%2BbgUm44A%3D%3D
931,Under Review,18 270584 NNY 16 OZ,2018-12-20,"8 storey non-residential mixed use building consisting of retail uses on the ground floor, and offices uses and self-storage uses throughout the building above the ground floor. The site will be serviced by two levels of underground parking. Vehicular ac",850 YORK MILLS RD,16,0,53413,53413,0,http://app.toronto.ca/AIC/index.do?folderRsn=o3xAliMqwKGQeVhIhKutiA%3D%3D
932,Built,13 125924 WET 13 OZ,2013-02-27,Proposed amendments to the Zoning By-Law to permit the development of 2 residential towers,1926 LAKE SHORE BLVD W,4,57480,315,57795,720,
933,Built,18 238507 STE 30 SA,2018-10-05,"Site Plan Control application for a new communications and broacasting building (20,540 square metres).  Pinewood Studios",101 COMMISSIONERS ST,14,0,21019,21019,0,http://app.toronto.ca/AIC/index.do?folderRsn=6OQVwCASxUJpu1T9BrPmbg%3D%3D
934,Built,16 202229 STE 27 OZ,2016-08-05,"Official Plan and Zoning By-law Amendments to permit a 4-storey residential building with 26 dwelling units, 27 bicycle parking spaces, 52 residential vehicle parking spaces and 5 visitor vehicle parking spaces, and to permit rear ground floor terraces t",5 DALE AVE,11,7898,0,7898,26,http://app.toronto.ca/AIC/index.do?folderRsn=QpWnsV0YzuxeSx9mDO4E%2FA%3D%3D
935,Active,16 271597 WET 13 OZ,2016-12-29,"The proposed development would maintain the existing four rental buildings on the lands, while proposing to demolish two blocks of existing townhouses comprised of 20 total units,to accommodate three new rental buildings.",35 HIGH PARK AVE,4,56250,212,56462,764,http://app.toronto.ca/AIC/index.do?folderRsn=jkkHlJJM0Yi%2FhbX8b1xMfg%3D%3D
936,Active,19 240165 NNY 18 OZ,2019-10-23,Zoning By Law Amendment application for a proposal to construct a 6 storey hotel with a total of 6 surface parking spaces.,290 SHEPPARD AVE W,18,0,1478.96,1478.96,0,http://app.toronto.ca/AIC/index.do?folderRsn=wANLeX8k39fwrlc7faQD1g%3D%3D
937,Active,20 183826 NNY 18 SA,2020-08-21,Site Plan application to permit the proposal for a new 2-storey Elementary School and Child Care Centre with a proposed GFA of 6038 sqm for 511 students and 88 children.  There are 52 proposed parking spaces.,160 FINCH AVE W,18,0,6038,6038,0,http://app.toronto.ca/AIC/index.do?folderRsn=0QqE4JMmEVbNoSwiKwzWDw%3D%3D
938,Active,13 282215 NNY 25 OZ,2013-12-31,Proposal to amend current zoning by-law to permit the approval of 10 townhouses fronting onto Bayview Avenue with two detached single family dwellings fronting onto Old Colony Road,2659 BAYVIEW AVE,15,5803.36,0,5803.36,12,http://app.toronto.ca/AIC/index.do?folderRsn=7wsClec4T5XVta7wbUmJ%2Bw%3D%3D
939,Active,20 188489 STE 13 OZ,2020-09-01,"Proposal for a 9-storey mixed-use building, consisting of 69 dwelling units, 5146 square metres of residential GFA, and 122 square metres of at-grade commercial/retail space.",252 PARLIAMENT ST,13,5033,116.3,5149.3,80,http://app.toronto.ca/AIC/index.do?folderRsn=bYUxlv8JDzxw2YzF7TYUew%3D%3D
940,Active,23 160588 STE 13 SA,2023-06-14,"A 4 storey residential building with 12 affordable dwelling units. This is a ""C2K"" Priority Housing proposal.",393 DUNDAS ST E,13,612.2,0,612.2,12,http://app.toronto.ca/AIC/index.do?folderRsn=4drfndnwM%2BIwTW2zfYSGyw%3D%3D
941,Active,17 218341 NNY 23 OZ,2017-08-17,"OPA and rezoning to permit a 33 storey residential building with retail at grade. The project has an overall GFA of 24,374.81 square metres or an FSI of 9.61.",5306 YONGE ST,18,27898.02,434.51,28332.53,395,http://app.toronto.ca/AIC/index.do?folderRsn=1Ja8FZoEceOtoosx0eXm8g%3D%3D
942,Under Review,22 232811 STE 09 OZ,2022-11-24,"Zoning By-law Amendment Application for two towers of 39- and 36-storeys, including a 6-storey podium with commercial at grade. The proposal will have approximately 52,599 square metres of gross floor area, comprised of approximately 1,006 square metres",323 SYMINGTON AVE,9,51593,1006,52599,847,http://app.toronto.ca/AIC/index.do?folderRsn=64SgmQDY6YfwvMVP1DdmZQ%3D%3D
943,Built,20 126113 ESC 21 SA,2020-03-13,"The application proposes the redevelopment of the subject property with a 15-storey mixed-use building comprising of 220 residential units and 156 square metres of retail/commercial space. The proposal would have a gross floor area of 17,161 square metre",1236 BIRCHMOUNT RD,21,15070,193,15263,220,http://app.toronto.ca/AIC/index.do?folderRsn=ma64TYKeRL7zzph0rXuAtg%3D%3D
944,Built,13 164210 WET 04 OZ,2013-05-07,"Proposed replacement of 5 rental buildings with 4 new buildings. The existing 17 storey building will be retained.          Revised materials have been submitted through the City Solicitor as a result of the OMB decision dated April 27, 2017 & November 2",289 THE KINGSWAY,2,38333.7,0,38333.7,455,http://app.toronto.ca/AIC/index.do?folderRsn=yMGFpz0rx9kwvTDezq9SxQ%3D%3D
945,Under Review,23 133181 ESC 24 SA,2023-04-12,Site Plan Application for new 342.36m2 building on the subject lands to accommodate a Swiss Chalet restaurant with associated drive-through.,3201 EGLINTON AVE E,24,0,342.36,342.36,0,http://app.toronto.ca/AIC/index.do?folderRsn=0ANeuhRnDPpgkpDtJJkOvw%3D%3D
946,Active,16 152088 STE 27 SA,2016-05-09,Site plan approval to permit a 7-storey non-residential building that would consist of the renovated 4 storey facades of the existing heritage building and a 3-storey glass addition with a green roof above.  The 6th and 7th floors would cantilever over t,2 QUEEN ST W,13,0,780,780,0,http://app.toronto.ca/AIC/index.do?folderRsn=AGaDGNFJy3eq6NBdJakvWQ%3D%3D
947,Active,19 194902 NNY 15 OZ,2019-07-24,Zoning By Law Amendment application to demolish the existing place of worship (St. Monica's Church) and construct a new place of worship along the Broadway Avenue frontage and a 39-storey residential tower in the rear containing 398 dwelling units.  The,44 BROADWAY AVE,15,26331,2692,29023,412,http://app.toronto.ca/AIC/index.do?folderRsn=IQIo1SUMcD2bxnv1xn2ETg%3D%3D
948,Under Review,20 120404 STE 13 OZ,2020-02-28,"The application proposes to amend Zoning By-law 569-2013 to permit a 65-storey mixed use building containing 600 residential dwelling units, 330 square metres of office space, and 400 square metres of retail space.",110 ADELAIDE ST E,13,36370,730,37100,600,http://app.toronto.ca/AIC/index.do?folderRsn=n4%2BMiC1EfbuphCT6mx5Auw%3D%3D
949,Active,21 165800 ESC 20 OZ,2021-06-04,"Filed in conjunction with 22 206341 ESC 20 OZ and 22 206339 ESC 20 SA.  The application proposes a 16-storey mixed-use building on the subject lands, with residential, retail and amenity uses at grade. The remaining residential units and amenity uses wou",3431 ST CLAIR AVE E,20,25887.9,419.3,26307.2,388,http://app.toronto.ca/AIC/index.do?folderRsn=8CdxMUvXQzjKXo0iWNKCCw%3D%3D
950,Under Review,21 245229 ESC 23 SA,2021-12-05,"Proposal for a new industrial building having a height of 13.7 metres, and a gross floor area of 32,663.9 square metres.",601 MILNER AVE,23,0,32663.91,32663.91,0,http://app.toronto.ca/AIC/index.do?folderRsn=5yvwC3%2FanyOMRR4yUB2gmw%3D%3D
951,Built,15 264025 STE 27 OZ,2015-12-11,"Proposed 32-storey apartment building with a 4-storey podium.  Building height  to the top of the mechanical penthouse would be 102.45 metres. The project would have a Gross Floor Area of 17,773. sq m",59 MUTUAL ST,13,17879,0,17879,268,http://app.toronto.ca/DevelopmentApplications/associatedApplicationsList.do?action=init&folderRsn=3873130&isCofASearch=false
952,Built,13 101373 WET 02 SA,2013-01-04,"To construct  a Place of Worship in two phases.  Phase 1 received Statement of Approval on May 16, 2018.  Phase 2 (large building) has yet to complete NOAC conditions.",10 VICE REGENT BLVD,1,0,6198,6198,0,http://app.toronto.ca/AIC/index.do?folderRsn=FufrFHaDsb%2Fuhz35Ap0ANw%3D%3D
953,Built,18 251580 STE 28 SA,2018-11-02,"A Site Plan Control application to develop a new residential rental apartment building with three towers and 770 residential units on 181 Mill Street (Block 8) in the West Don Lands. The three towers are proposed at heights of 16, 16 and 26 storeys. The",181 MILL ST,10,57888,349,58237,770,http://app.toronto.ca/AIC/index.do?folderRsn=7WxLgNGyhKA3DQYAqlnY4g%3D%3D
954,Active,20 219179 ESC 23 SA,2020-11-17,Proposed Phase 2 development comprising of a 3 storey office building with ground floor warehousing.  Reference File 08 170723 ESC 41 SA for Phase 1.,0 SILVER STAR BLVD,23,0,2339.35,2339.35,0,http://app.toronto.ca/AIC/index.do?folderRsn=AupNl2JE8cY5o2j0kmGjhg%3D%3D
955,Built,17 192555 STE 32 OZ,2017-07-05,This application proposes a 6-storey mixed-use building containing 72 dwelling units and retail at grade.  The proposed density is 4.0 times the lot area.  The application includes 41 vehicular parking spaces in one level of below-grade parking to be acc,1285 QUEEN ST E,14,6451.14,689.39,7140.53,76,http://app.toronto.ca/AIC/index.do?folderRsn=BBd3vIax30EMav29b%2BTf6Q%3D%3D
956,Active,16 240218 ESC 44 OZ,2016-10-20,This is a rezoning application and draft plan of subdivision application to permit 19 detached residential dwelling lots on a new public road. The applicant is proposing to use a pump station for the proposed development. An associated Draft Plan of Subd,511 CONLINS RD,25,3639.8,31.36,3671.16,19,http://app.toronto.ca/AIC/index.do?folderRsn=KJzKelAs%2Ft%2FyKaIp4oyAjg%3D%3D
957,Built,20 151703 NNY 16 OZ,2020-06-03,"Lifting the 'Hold' application to permit a new 9,500 square metres office building.",57 MOBILE DR,16,0,8472,8472,0,http://app.toronto.ca/AIC/index.do?folderRsn=JxhbIvLE%2BjGmU4gi7CNj%2Fw%3D%3D
958,Active,20 115715 STE 14 SA,2020-02-14,Site Plan Approval for a proposed rowing facility comprised of 876 square metres of non-residential gross floor area.,475 UNWIN AVE,14,0,876,876,0,http://app.toronto.ca/AIC/index.do?folderRsn=tlETUIXOjZRBhahCnl4%2B6g%3D%3D
959,Active,20 203471 ESC 20 OZ,2020-10-06,Redevelopment comprising of a 9-storey mixed-use building with commercial on the ground floor and residential above.  A four storey standalong rental building is also proposed fronting Birchcliffe Avenue.,1625-1641 KINGSTON RD,20,19537,113,19650,278,http://app.toronto.ca/AIC/index.do?folderRsn=r6CTdbfWi%2F1DARztduvUrQ%3D%3D
960,Under Review,23 173464 ESC 21 SA,2023-07-12,Site Plan Approval for TTC's Scarborough Subway Extension Lawrence East Station,3051 LAWRENCE AVE E,21,0,23924.24,23924.24,0,http://app.toronto.ca/AIC/index.do?folderRsn=l%2FFH8JiPJymOZEgx%2B%2Bmgjw%3D%3D
961,Active,06 200146 ESC 37 OZ,2006-12-29,"Proposing the development of four towers with building heights of 36, 39, 41 and 47 storeys that would contain 1,591 residential units, 3,293 square metres of retail uses and a 784 square metre childcare facility. 1,193 bicycle parking spaces and 1,214 v",1680 BRIMLEY RD,21,135054.5,3551.5,138606,1591,http://app.toronto.ca/AIC/index.do?folderRsn=MwzN4VyaVfPSNmeybACYpg%3D%3D
962,Active,22 172660 STE 11 OZ,2022-07-06,"Official Plan and Zoning By-law Amendment application to permit a 63-storey mixed-use building, containing 806 dwelling units (including 17 new affordable units) and 484 square metres of non-residential gross floor area. The proposal includes heritage co",350 BLOOR ST E,11,48627,484,49111,806,http://app.toronto.ca/AIC/index.do?folderRsn=ZyUpWKyT%2B8vhFSyay1XrXw%3D%3D
963,Active,23 223597 STE 11 OZ,2023-11-08,Official Plan and Zoning By-law Amendment to permit an 11-storey residential building containing 64 units.,173 LOWTHER AVE,11,6203,0,6203,64,http://app.toronto.ca/AIC/index.do?folderRsn=zMVjr0EBy8e40pxTl%2BsAXA%3D%3D
964,Under Review,23 181130 ESC 24 SA,2023-07-28,Site Plan Approval for TTC's Scarborough Subway Extension Scarborough Center Station,140 GRANGEWAY AVE,24,0,20826.19,20826.19,0,http://app.toronto.ca/AIC/index.do?folderRsn=%2FjbkIUGLdTBoSkC1xQc%2FJw%3D%3D
965,Active,22 240999 STE 11 OZ,2022-12-19,"Zoning By-law Amendment application to permit a 32-storey mixed-use building, containing 250 dwelling units (of which 33% will be affordable ownership units) and 150 square metres of non-residential gross floor area. The proposal is part of the ModernTO",931 YONGE ST,11,18576,150,18726,250,http://app.toronto.ca/AIC/index.do?folderRsn=WBPJ5X%2FQ1ndsbcD0JjbAMg%3D%3D
966,Active,22 241865 STE 13 OZ,2022-12-22,"Zoning By-law Amendment for a 75-storey mixed-use building that contains a total of 548 dwelling units and a total gross floor area (GFA) of approximately 44,565 square metres, including approximately 44,065 squares metres of residential space and approx",646 YONGE ST,13,46394,364,46758,647,http://app.toronto.ca/AIC/index.do?folderRsn=AvAlnW0VGqufibTh6xwtuA%3D%3D
967,Active,21 249190 WET 03 OZ,2021-12-16,"Bloor Islington Housing Now project is a City-initiated Zoning By-law Amendment to permit four towers on this mixed use block with heights between 32 to 55 storeys, consisting of 1,415 residential units (including affordable housing units) and 9,946 squa",3326 BLOOR ST W,3,112575,9637,122212,1415,http://app.toronto.ca/AIC/index.do?folderRsn=lZIwLlt73sApkZgR9PfdBw%3D%3D
968,Active,21 120678 ESC 24 OZ,2021-02-26,"Redevelopment comprising of four mixed-use buildings ranging from 8 to 37-storeys. The total proposed gross floor area is 72,196 square metres, including 1,157 square metres of non-residential gross floor area, resulting in a gross floor space index (FSI",1125 MARKHAM RD,24,71038.4,1157.7,72196.1,997,http://app.toronto.ca/AIC/index.do?folderRsn=4Q7GYh770LkUBPDK7Utcqw%3D%3D
969,Active,22 121898 STE 13 OZ,2022-03-11,"Zoning by-law amendment application to facilitate the redevelopment of the site for an 8-storey mixed-use building having a non-residential gross floor area of 220 square metres, and a residential gross floor area of 1845 square metres.  The proposed dev",215 WELLESLEY ST E,13,1844.4,219.9,2064.3,48,http://app.toronto.ca/AIC/index.do?folderRsn=rlrTpa4fE%2F%2BRKSMyAuxulw%3D%3D
970,Active,11 250127 NNY 34 SA,2011-08-03,"To construct a one-storey building with surface parking. The building will include an area of worship, office space, library, gym and recreation area. The existing one-storey building (the Afghan Islamic Community Centre) will be maintained. This propose",88 SUNRISE AVE,16,0,4105,4105,0,http://app.toronto.ca/AIC/index.do?folderRsn=5dJOuoVGEN%2B5m12bAjeF5g%3D%3D
971,Under Review,23 200789 STE 12 OZ,2023-09-11,"Official Plan and Zoning By-law Amendment to permit a 29-storey mixed-use building with 486 residential units. An Official Plan Amendment is required to extend existing Mixed-Use Areas designation to the east, redesignating Neighbourhood lands.",2111 YONGE ST,12,33665,1893,35558,486,http://app.toronto.ca/AIC/index.do?folderRsn=f4H5iWRXUW1mBQvL03xt3g%3D%3D
972,Active,16 269407 STE 20 OZ,2016-12-21,"Revised proposal for rezoning to allow a 58 storey mixed-use building containing 480 residential units (reduced from 610 units in initial proposal) and 3,915.9 sq. m of non-residential GFA, with 4 levels of underground parking. This application is the su",150 PEARL ST,10,38574.7,2089.3,40664,482,http://app.toronto.ca/AIC/index.do?folderRsn=NQ40dxdnbGOI1eIsGnILXg%3D%3D
973,Built,16 270602 STE 28 SA,2016-12-23,Site Plan Approval for Block 2 - 2 mixed-use towers (79 and 80 storeys) with a 12 storey podium.,55 LAKE SHORE BLVD E,10,123846,7073,130919,1670,http://app.toronto.ca/AIC/index.do?folderRsn=ahp66oLlLd8XL519K7CGlA%3D%3D
974,Active,20 154599 ESC 21 OZ,2020-06-10,Zoning By-law Amendment application for Block 2 on the Draft Plan of Subdivision for the lands at 2206 Eglinton Ave E (Dream lands) to permit a mixed-use building with 35 and 42 storey towers above a four- to five-storey base (total building height 39 an,2200 EGLINTON AVE E,21,62380,895,63275,1009,http://app.toronto.ca/AIC/index.do?folderRsn=5%2Bv4klFkAU2bMxe3gfl3IA%3D%3D
975,Active,17 225944 WET 02 SA,2017-08-31,"The application proposes two buildings on the subject property, comprising a 7-storey hotel and a 1-storey restaurant.",407 REXDALE BLVD,1,0,5636,5636,0,http://app.toronto.ca/AIC/index.do?folderRsn=ivhjcgnArISggRUvkrYdhA%3D%3D
976,Active,20 152778 STE 12 SA,2020-06-05,"Proposal for a 3-storey apartment building containing 9 dwelling units, that conserves the front wall and return-walls of the existing dwelling at 103 Heath Street West, with a single-level underground parking garage containing 13 vehicle parking, and 11",101 HEATH ST W,12,1553,0,1553,9,http://app.toronto.ca/AIC/index.do?folderRsn=Oa4FI%2FedXPWBESGczmpyQA%3D%3D
977,Under Review,23 228704 ESC 22 OZ,2023-11-22,"Combined Official Plan and Zoning By-law Amendment application to permit a 46-storey mixed-use building containing 726 residential units, 1,226.63 sq.m. of indoor amenity space, 951.48 sq.m. of outdoor amenity space, and 520.66 sq.m. of commercial space",4151 SHEPPARD AVE E,22,43946.39,520.66,44467.05,726,http://app.toronto.ca/AIC/index.do?folderRsn=GZQABN7hcrX4UK9p28hj1w%3D%3D
978,Active,17 278471 WET 13 OZ,2017-12-21,"Proposed development of a mixed-use building with two towers, 21 and 26 storeys on a 3-6 storey base building, with a partial 7-storey element between the towers.",1978 LAKE SHORE BLVD W,4,46146,146,46292,702,http://app.toronto.ca/AIC/index.do?folderRsn=26d4RBIlTU2HgJsViiSWXg%3D%3D
979,Active,20 212771 NNY 06 OZ,2020-10-29,Zoning By Law Amendment application to permit the proposal for  5 semi-detachedblocks with 10 residential dwelling units to be accessed via proposed driveway.,147 OVERBROOK PL,6,2194.37,0,2194.37,10,http://app.toronto.ca/AIC/index.do?folderRsn=GTRqoNDr%2FKr09UulwuM8gg%3D%3D
980,Under Review,23 119635 NNY 15 OZ,2023-03-03,"Proposed 9-storey mid-rise residential building, consisting of a total 5,755 sq. m. GFA and 4.13 FSI. The proposed development consists of 40 units, including 4 one bedroom units, 30 two bedroom units and 6 three bedroom units. Two levles underground par",49 LAWRENCE AVE E,15,5755,0,5755,40,http://app.toronto.ca/AIC/index.do?folderRsn=dhp74kBsVN1xWUoxcrsWsA%3D%3D
981,Active,22 124809 ESC 25 SA,2022-03-21,"Site Plan Approval to facilitate the construction of the new Northeast (NE) Plant, a 110 ML/d  conventional activated sludge treatment plant, a new high-voltage substation, modifications to the Southwest (SW) and Northwest (NW) Plants that will provide l",51 BEECHGROVE DR,25,0,10522,10522,0,http://app.toronto.ca/AIC/index.do?folderRsn=cFWEP2iGFg%2BdFjDCXDl40w%3D%3D
982,Active,20 146801 WET 03 OZ,2020-05-20,To amend the former City of Etobicoke Zoning Code and City-wide Zoning By-law No. 569-2013 for the lands municipally known as 3199 Lake Shore Boulevard West to permit the Humber Cultural Hub which is a phased institutional development as part of the Humb,3199 LAKE SHORE BLVD W,3,0,31599,31599,0,http://app.toronto.ca/AIC/index.do?folderRsn=s57uKrc5Y%2F4t7S%2BdvOFEjA%3D%3D
983,Built,15 215444 STE 32 OZ,2015-08-31,"The application proposes a 7-storey mixed-use building consisting of 56 residential units with 627 m2 of ground floor retail space. The proposed development density (floor space index) is approximately 4.79 times the lot area. Currently, the proposal con",650 KINGSTON RD,19,4866,616,5482,68,http://app.toronto.ca/AIC/index.do?folderRsn=hla7Hq2TgRJ2SyMnH3HlyA%3D%3D
984,Active,20 106684 WET 05 SA,2020-01-20,"Proposed 2-storey addition with a gross floor area of 154 square metres to the front of the existing place of worship. The combined gross floor area would be 1,186 square metres resulting in a Floor Space Index of 1.13 times the area of the lot. A Minor",40 PRITCHARD AVE,5,0,154,154,0,http://app.toronto.ca/AIC/index.do?folderRsn=zpUt2JZHSdiDugf%2B%2B4CaKw%3D%3D
985,Active,21 226962 NNY 08 OZ,2021-10-18,The construction of a 19-storey residential building with a 3-storey base.  The building would contain 106 affordable dwelling units with indoor and outdoor amenity space.   A 3-level underground parking garage would be provided containing 37 parking spa,155 ELM RIDGE DR,8,11099.3,0,11099.3,106,http://app.toronto.ca/AIC/index.do?folderRsn=TOt0EuS8pLHZZDAYLKUmWA%3D%3D
986,Under Review,22 210128 ESC 20 OZ,2022-09-28,"Revised Proposal- May 6, 2024  The applicant is proposing a  12 Storey mixed used buildng with a total of 431 units and 6,000sq.ft of retail units. The owner has also purchased 509 Birchmount Road.  Rezoning for a 12-storey mixed-use building with a tota",468-480 DANFORTH RD,20,29578,591,30169,431,http://app.toronto.ca/AIC/index.do?folderRsn=RRNRnwf2LKzE3WvsGR6J0g%3D%3D
987,Built,16 183287 STE 14 OZ,2016-06-30,"Proposal to construct a seven-storey residential building, with two levels of above-grade parking. The site is currently designated Employment Lands.",57 BROCK AVE,4,8566,0,8566,103,http://app.toronto.ca/AIC/index.do?folderRsn=ZC3Bf2PN6IN3a6BNwbQ%2FEg%3D%3D
988,Under Review,23 126217 NNY 18 OZ,2023-03-23,Proposed redevelopment of the subject site with 7 new mixed use towers ranging from 25 to 55 storey's.,5 TANGREEN CRT,18,207633,894,208527,3358,http://app.toronto.ca/AIC/index.do?folderRsn=zK4kyY9GVfRJ1swHmv95EA%3D%3D
989,Active,20 170662 STE 12 OZ,2020-07-21,March 2022 key revisions: increase in height from 30 storeys to 41 storeys; increase in units count to 446; tower setback 0.0 m on west side; and approximately 5000 sq ft community agency space proposed on ground floor and second floor. Original submissi,1801 EGLINTON AVE W,12,31616,880,32496,485,http://app.toronto.ca/AIC/index.do?folderRsn=vc2yijT9QU31P%2BXYy6xqGQ%3D%3D
990,Active,22 214225 WET 03 OZ,2022-10-06,"Proposed development consists of a 28-storey residential building with a total of 319 residential units, 184 parking spaces and 248 bicycle parking spaces, contained within four underground parking levels that are internal to the building. The developmen",10 ZORRA ST,3,24644,0,24644,319,http://app.toronto.ca/AIC/index.do?folderRsn=La2By725s%2FwMsNhZCtDoHg%3D%3D
991,Under Review,22 121988 ESC 20 OZ,2022-03-11,"12-storey mid-rise building framing the edge of Kennedy Road and a 29-storey building to the rear, connected by a two-storey podium.    Proposal was revised and appealed to OLT and currently proposes 21 and 42 storeys in height for a total of 682 units.",708 KENNEDY RD,20,49846.74,0,49846.74,682,http://app.toronto.ca/AIC/index.do?folderRsn=w833puGVk1tUnh4jwhaWvA%3D%3D
992,Active,21 180092 STE 13 OZ,2021-07-06,"Zoning By-law Amendment Application for a 23-storey mixed-use building having a non-residential gross floor area of 240 square metres, and a residential gross floor area of 18,527 square metres.  A total of 336 residential dwelling units are proposed.",98 BOND ST,13,18527,240,18767,336,http://app.toronto.ca/AIC/index.do?folderRsn=CNcqm7BBNDgPlU11jlalkA%3D%3D
993,Built,11 216486 STE 27 OZ,2011-06-10,Proposed is a 34-storey mixed use residential condominium with retail uses at grade and below grade parking.,2 GLOUCESTER ST,13,17594,295,17889,232,
994,Active,22 204279 STE 13 OZ,2022-09-15,"Proposed official plan amendment, zoning by-law amendment, and site plan review to permit the redevelopment of the Property with a 76-storey mixed use mixed-use building comprised of new high-quality retail space on the ground floor and community cultura",645 YONGE ST,13,54671,1442,56113,789,http://app.toronto.ca/AIC/index.do?folderRsn=psFqSnbjWWlPigy%2FsM0H8A%3D%3D
995,Built,14 213710 STE 28 OZ,2014-08-28,"Revised proposed Official Plan and zoning by-law amendment for one residential building that comprises a 37-storey tower, an attached 11-storey component, and a 4-storey base buiding.  A total of 552 dwelling units are proposed. There are 190 parking spa",5 DEFRIES ST,13,39753,0,39753,580,http://app.toronto.ca/AIC/index.do?folderRsn=9s3Q5G0VF7roerKKHH3bpw%3D%3D
996,Active,22 193284 NNY 18 OZ,2022-08-19,"Official Plan Amendment, Zoning By-law Amendment and Site Plan Control applications for a mixed use development with a 45 storey building along the Yonge Street frontage and a 33 storey building along Canterbury Place, with a total of 862 residential uni",5320 YONGE ST,18,56630.89,1463.66,58094.55,862,http://app.toronto.ca/AIC/index.do?folderRsn=zrSaf8qGxFa0HUgSN0SrlQ%3D%3D
997,Active,20 233607 STE 13 OZ,2020-12-23,"Proposed 10 storey mixed-use condominium building, including amenity, and 1level of below grade parking. Commercial retail and service space on the ground floor level facing Dundas Street. Height 39.65 metres including MPH.",401 DUNDAS ST E,13,8519,292,8811,137,http://app.toronto.ca/AIC/index.do?folderRsn=Tf%2BfNtxzYLQf11cESovZlQ%3D%3D
998,Built,18 117180 NNY 34 SA,2018-02-14,"The site plan control application is to permit additions to the existing church to provide a new entrance, office and meeting rooms, and a new multi-purpose gym room.",7 GRETNA AVE,16,0,636.38,636.38,0,http://app.toronto.ca/AIC/index.do?folderRsn=HNo789JaHfHLF%2BuZlYWBzQ%3D%3D
999,Active,19 176083 NNY 06 SA,2019-06-21,Two storey rear addition providing a gymnasium and a Sabbath school classroom for the existing place of worship.  The Sabbath school will operate every Saturday from 11:30 a.m. to 12:30 p.m. Also proposed is a front canopy.,788-796 SHEPPARD AVE W,6,0,886.1,886.1,0,http://app.toronto.ca/AIC/index.do?folderRsn=UclG5OX6GMPn915dNTryBg%3D%3D
1000,Under Review,22 101192 WET 05 SA,2022-01-06,Proposed development of 4 residential apartment buildings.,300 SIDNEY BELSEY CRES,5,154755.37,0,154755.37,1239,http://app.toronto.ca/AIC/index.do?folderRsn=%2BR5h%2FoY4soJ7mRy85S4TJg%3D%3D
1001,Under Review,21 173932 ESC 20 SA,2021-06-21,"The Site Plan Application proposes to demolish the existing 4-storey (18 rental units) apartment building in order to redevelop the subject lands with a 7-storey apartment building with 60 units (gross floor area of 3,967 sq. m.) and below grade parking.",1711 KINGSTON RD,20,3964,0,3964,60,http://app.toronto.ca/AIC/index.do?folderRsn=ccXGrVPZbM%2Flx2zcKOTSAw%3D%3D
1002,Under Review,23 210259 STE 09 OZ,2023-10-03,"Combined Official Plan & Zoning By-law Amendment for a 29-storey mixed use building and retains the existing 2-storey Postal Station C building in its entirety. The proposal comprises a total gross floor area of 17,384 square metres, including 16,465 squ",1117 QUEEN ST W,9,16464.8,918.9,17383.7,272,http://app.toronto.ca/AIC/index.do?folderRsn=3g%2FlkARRA%2FvANQwb6aGO2w%3D%3D
1003,Active,19 164750 NNY 15 OZ,2019-06-03,"Three storey townhouse development containing 6 dwelling units facing Bayview Avenue.  Vehicular parking to the townhouses will be accessed via a rear driveway from Valley Rd.  Each townhouse will have an integral double car garage.  In addition, 2 visit",196 VALLEY RD,15,1564.5,0,1564.5,6,http://app.toronto.ca/AIC/index.do?folderRsn=ncyLv3RWBUqP%2BzVqOc7%2FMA%3D%3D
1004,Built,18 224916 NNY 34 SA,2018-09-13,"Renovation and 2 storey, 387 square metre front Addition to the existing building (Pizza Nova)",1260 LAWRENCE AVE E,16,0,387,387,0,http://app.toronto.ca/AIC/index.do?folderRsn=RIbN9RwzwyRArGk3P9knMQ%3D%3D
1005,Active,22 109589 WET 01 SA,2022-02-01,"Proposal to construct a rear addition to the existing one storey, 2,498 square metre industrial building. The proposed addition measures 11 metres in height with a gross floor area of 848 square metres.",1030 MARTIN GROVE RD,1,0,848,848,0,http://app.toronto.ca/AIC/index.do?folderRsn=sQ%2Fb%2FEtki3NuRW7sfYzDXw%3D%3D
1006,Under Review,22 168974 STE 12 OZ,2022-06-28,"Rezoning Application resubmission for a 58-storey residential building containing 762 residential dwelling units. A total gross floor area of 47,675.3 square metres is proposed, with an overall density equivalent to 16.12 times the area of the lot.",141 ROEHAMPTON AVE   201,12,47675,0,47675,762,http://app.toronto.ca/AIC/index.do?folderRsn=xP7%2BDNXhtnlQ4ORCaY%2FRBQ%3D%3D
1007,Under Review,19 206311 ESC 22 SA,2019-08-15,Amendement to Phase 2 (Phase 2 File No. 16 118636 ESC 39 SA)   The application also proposes to amend the existing Phase 2 site plan approval. For the removal of the approved Building C2 on part 4 as well as the current proposed building on Part 8.     A,1028 MCNICOLL AVE,22,0,1103.86,1103.86,0,http://app.toronto.ca/AIC/index.do?folderRsn=Y0siz55YVxQgKOVuZqJejA%3D%3D
1008,Built,15 247245 STE 22 OZ,2015-11-04,Revised proposal for one 21-storey residential tower including a 3-storey base building at 174-188 Soudan Avenue and 71 and 73 Redpath Avenue.  The proposed development site no longer includes the property at 18 Brownlow Avenue.,18 BROWNLOW AVE,12,14271,0,14271,180,http://app.toronto.ca/AIC/index.do?folderRsn=szae04YmP4fIPJxF6XEXYA%3D%3D
1009,Under Review,20 205133 STE 12 SA,2020-10-09,"Current May/June 2024 proposal - 12-storey residential buidling containing 80 rental dwelling units (including 20 rental replacement units), 12 parking spaces and 85 bike parking spaces    Jan 2024 Proposal - 12-storey (40.6 metres including mechanical p",147 VAUGHAN RD,12,5517,0,5517,80,http://app.toronto.ca/AIC/index.do?folderRsn=FiO2Dc504t5JBgodqhQUNQ%3D%3D
1010,Built,13 169365 STE 20 OZ,2013-05-15,"A revised proposal to permit a 36-storey (123.25 m) mixed use building, with 1,726 sq.m. of retail area, 3,246 sq.m. of office area,  and 24,390 sq.m. of residential area, consisting of 313 residential units. A 5-level below grade parking garage is to ac",57 SPADINA AVE,10,22543,4150,26693,286,
1011,Built,18 150460 NNY 10 SA,2018-04-30,"Site plan application for Phase 1 to permit a 16 storey residential building with a total gross floor area of 18,017 square metres and a total of 265 units accessed by a 6 metre wide private road at the northern portion of the site.",4 TIPPETT RD,6,18017,0,18017,265,http://app.toronto.ca/AIC/index.do?folderRsn=QXk4ZMHVGfCwDI4YwUXomg%3D%3D
1012,Active,21 235816 WET 07 OZ,2021-11-09,"Official Plan and Zoning By-law Amendment application topermit the redevelopment of the site with two four-storeyresidential townhouse blocks, a 12-storey mixed use building,and 18- and 30-storey residential towers connected by a six-storey base building",11 CATFORD RD,7,74703,881,75584,1094,http://app.toronto.ca/AIC/index.do?folderRsn=kTGRnpn727m7iBpFi%2BTR4w%3D%3D
1013,Built,11 320041 STE 18 OZ,2011-12-02,Employment Lands Conversion. OPA and REZONING application for 2 new mixed use buildings with common underground parking garage.  All buildings have ground and second floor commercial / industrial uses and remaining floors are residential. - 402 residenti,440 DUFFERIN ST,9,26734,8776,35510,357,
1014,Built,13 236747 ESC 25 OZ,2013-09-17,"Proposed rezoning from Agricultural to Residential to permit the construction of seven single-family detached dwellings, subject to severance.",10 CLEMES DR,25,2340,0,2340,7,
1015,Built,16 227201 NNY 34 SA,2016-09-22,"Two apartment buildings with a height of 12 and 27 storeys comprising of 446 dwelling units, and including 345 underground parking spaces, outdoor amentiy space,  These buildings (Buildings D and E) are Phase 2 of the development.",1213 YORK MILLS RD,16,40825,0,40825,452,http://app.toronto.ca/AIC/index.do?folderRsn=kY%2BH3FCgVXJAytqycMcphQ%3D%3D
1016,Built,12 279689 STE 20 OZ,2012-11-15,"Revised Zoning Amendment application to redevelop the site with a 15-storey mixed-use building containing 125 residential units, commercial uses at grade and 25 parking spaces below grade. The building will have a height of 45 metres, including the sunke",520 RICHMOND ST W,10,8579,215,8794,125,http://app.toronto.ca/AIC/index.do?folderRsn=3251652
1017,Active,17 271641 WET 07 OZ,2017-12-05,"The proposal is for six blocks of stacked, back-to-back townhouses containing 151 units",135 PLUNKETT RD,7,12847,0,12847,151,http://app.toronto.ca/AIC/index.do?folderRsn=aLSxpR1Ux8uxie%2BC3EI7pw%3D%3D
1018,Built,20 162056 STE 09 SA,2020-06-30,Proposed 3-storey crisis care centre and shelter for indigenous women (Anduhyuan Inc.),409 ROGERS RD,9,0,1070.4,1070.4,0,http://app.toronto.ca/AIC/index.do?folderRsn=H6fhezlFe9N2E6Y0bsv5Gw%3D%3D
1019,Active,23 207902 STE 10 SA,2023-09-27,"A Site Plan Application to build a 3-storey addition to the existing 1-storey building for a total of 4 storeys onsite. The proposed use will be office space for a total gross floor area of 2,086.83 square metres.  There is an associated minor variance a",191 NIAGARA ST,10,0,1230.62,1230.62,0,http://app.toronto.ca/AIC/index.do?folderRsn=cGrnGoaeytQHTW7VOblHXw%3D%3D
1020,Active,12 191650 STE 27 OZ,2012-06-12,"To construct a mixed-use development with a podium building and a 40 and 62-storey towers.  A total of 1100 dwelling units are proposed, and the ground floor of the podium will be non-residential uses.  A total of 1136 parking spaces will be provided bel",37 YORKVILLE AVE,11,95044,6273,101317,1079,
1021,Under Review,24 164943 STE 19 OZ,2024-06-14,"To demolish the existing two-storey mixed-use building and construct a 6-storey (20 metres not including MPH) mixed-use building with retail fronting Queen Street East. The proposal will include a total gross floor area of 5,728 square metres (4,588 squa",2040 QUEEN ST E,19,4588,1140,5728,60,http://app.toronto.ca/AIC/index.do?folderRsn=yvMNYj3DqGcSLDqUKwcvqA%3D%3D
1022,Active,23 106317 STE 14 SA,2023-01-23,The Ontario Line will include a station and interface with the existing TTC Pape Station. This Site Plan Review (SPR) package includes the interim modifications to the TTC Pape Station that are being undertaken in preparation for the Ontario Line site co,743 PAPE AVE,14,0,44.55,44.55,0,http://app.toronto.ca/AIC/index.do?folderRsn=o6iwoo9p2T3PLxccBNwAxg%3D%3D
1023,Active,15 267780 NNY 25 OZ,2015-12-21,"The purpose of the rezoning and site plan applications is to permit 3 blocks of townhouses along Bayview Avenue with a total of 20 units.  Additionally, one detached dwelling is proposed west of the townhouses on Caldy Court.   Vehicular access would be",2716 BAYVIEW AVE,15,5800.18,0,5800.18,21,http://app.toronto.ca/AIC/index.do?folderRsn=p9l9T%2FAFsxZg%2BY51AB%2F1Ug%3D%3D
1024,Under Review,24 166177 ESC 24 OZ,2024-06-17,"Official Plan amendment and zoning by-law amendment to facilitate the development of two mixed-use towers (41 and 46-storeys) on a 8,885.58 square metre site.",710 PROGRESS AVE,24,57529.18,368.2,57897.38,935,http://app.toronto.ca/AIC/index.do?folderRsn=oAbKFCT%2FmbuoDouib2U%2BzQ%3D%3D
1025,Active,11 248053 WET 03 OZ,2011-07-28,To amend the former Etobicoke Zoning Code to permit a total of 902 units within two 24-storey residential apartment buildings connected by a 6 and 8-storey podium and one 11-storey mixed residential and office commercial building stepping down to 9 and 4,600 THE EAST MALL,2,55574,1345,56919,757,
1026,Under Review,21 239141 NNY 15 OZ,2021-11-18,"Zoning by-law amendment application to facilitate the redevelopment of the site a mixed-use development comprised of three towers having heights of 30, 41, and 46-storeys, and having a total of 1322 residential dwelling units.  The proposed non-residenti",7-11 ROCHEFORT DR,15,98474,199,98673,1364,http://app.toronto.ca/AIC/index.do?folderRsn=Sre6gtmGaPWeR6syXL14tg%3D%3D
1027,Built,14 265043 STE 27 OZ,2014-12-17,Proposed 52 Storey residential tower with ground floor retail commercial space.,215 CHURCH ST,13,39460,464,39924,604,http://app.toronto.ca/DevelopmentApplications/associatedApplicationsList.do?action=init&folderRsn=3674443&isCofASearch=false
1028,Active,22 139701 STE 12 OZ,2022-04-28,Official Plan and Zoning By-law Amendment application to permit a 40-storey mixed use building with 434 residential units.  Official Plan Amendment requested to grant relief from office replacement policy requirements of the Yonge-Eglinton Sedondary Plan,214 MERTON ST,12,27980,347,28327,434,http://app.toronto.ca/AIC/index.do?folderRsn=GaCjNJ78tq9LeWLP9V52JA%3D%3D
1029,Active,17 247432 STE 32 OZ,2017-10-13,"Proposal to rezone the site to allow a 6 storey mid-rise building with 29 dwelling units, commercial space at grade and two levels of below grade parking.",1249 QUEEN ST E,14,2859.5,213.3,3072.8,29,http://app.toronto.ca/AIC/index.do?folderRsn=tovop4whVFpZVIiyhDesRQ%3D%3D
1030,Built,19 213795 ESC 20 SA,2019-08-29,Development comprising of a five-storey self storage facility. The existing one- and two-storey self-storage facility will be demolished.,345 DANFORTH RD,20,0,8215,8215,0,http://app.toronto.ca/AIC/index.do?folderRsn=9OjaDtKh0p3ke6DHGFxY5Q%3D%3D
1031,Built,15 192524 NNY 24 SA,2015-07-17,"Site Plan application for a 4-storey, 12,343 square metre community centre including a 52-space child care facility, aquatic centre and a recreation centre with 196 parking spaces in 3 levels of underground parking.",1001 SHEPPARD AVE E,17,0,12342,12342,0,http://app.toronto.ca/DevelopmentApplications/associatedApplicationsList.do?action=init&folderRsn=3789508&isCofASearch=false
1032,Active,21 108745 NNY 06 SA,2021-01-25,Site Plan application to permit a new Public Library.,580 FINCH AVE W,6,0,1393,1393,0,http://app.toronto.ca/AIC/index.do?folderRsn=0np2xU4dqcuVUB9XMT6dUA%3D%3D
1033,Under Review,21 211651 ESC 23 OZ,2021-09-13,"Zoning By-law Amendment application to facilitate the development of the site for a 33-storey mixed-use building, inclusive of a 6-storey podium element.  The proposed non-residential gross floor area is 780.44 square metres, and the proposed residential",1 GLEN WATFORD DR,23,27557,1091,28648,372,http://app.toronto.ca/AIC/index.do?folderRsn=vuiMpkDZOtK2DJZF%2BGddVg%3D%3D
1034,Under Review,22 213850 ESC 21 OZ,2022-10-06,Rezoning application resubmission for a proposed 26 storey mixed-use building with a 5-storey podium. The proposed development contemplates 325 residential units and approximately 722 square metres of commercial space. The initial proposal consisted of a,1260 KENNEDY RD,21,21545.67,721.9,22267.57,325,http://app.toronto.ca/AIC/index.do?folderRsn=XHRE8ANHDd6rn%2BIpb7HE9Q%3D%3D
1035,Under Review,24 119153 STE 13 OZ,2024-02-26,Zoning By-law Amendment for a 69-storey residential building containing 823 dwelling units. The existing 7-storey apartment building and 3-storey single detached dwelling on the site would be demolished. The 61 demolished rental units would be replaced i,137 ISABELLA ST,13,50463,0,50463,823,http://app.toronto.ca/AIC/index.do?folderRsn=psDhgZay4VwaQMa2RPS2Gw%3D%3D
1036,Active,22 118276 ESC 25 SA,2022-03-01,Site plan appoval for the construction of a 194 square metre addition to the existing place of worship,4260 LAWRENCE AVE E,25,0,110.6,110.6,0,http://app.toronto.ca/AIC/index.do?folderRsn=pZnG5uVIDTV7AJcJofyJCg%3D%3D
1037,Active,22 188783 NNY 18 OZ,2022-08-10,"Propose to demolish the existing single detached home  and redevelop the site with a 3 storey plus 1 level of basement apartment building. The proposed building will contain 8 dwelling units, a total Gross Floor Area (GFA) of approximately  832.4 sq. m.",19 POYNTZ AVE,18,839.12,0,839.12,8,http://app.toronto.ca/AIC/index.do?folderRsn=SPiqyglyrEZyAI2pu1eh9w%3D%3D
1038,Active,20 152132 ESC 20 OZ,2020-06-04,"Zoning By-law Amendment application to permit 4 detached single-family dwelling units fronting Birchmount Road, and 5 detached single-family dwelling units on Newlands Ave.",528 BIRCHMOUNT RD,20,3486.51,0,3486.51,9,http://app.toronto.ca/AIC/index.do?folderRsn=d0LQ7aKXyZHgOQybDxL7Wg%3D%3D
1039,Active,23 158798 STE 13 OZ,2023-06-09,"Proposal for a 69-storey building with 814 dwelling units, including the replacement of 80 existing rental units.  Note - recirculation updated with notations and comments per Solid Waste Comments",135 ISABELLA ST,13,52055,0,52055,814,http://app.toronto.ca/AIC/index.do?folderRsn=dvlQbx5U3dDpNL40ZLBwhw%3D%3D
1040,Active,24 113561 STE 11 OZ,2024-02-09,A 16-storey (64.69 metres) mixed-use building with a total of 67 residential units and 300 square metres of non-residential gross floor area.,247 DAVENPORT RD,11,7769.4,287,8056.4,66,http://app.toronto.ca/AIC/index.do?folderRsn=QEsYfzwsUmNmaAngAK9VmA%3D%3D
1041,Active,23 238316 WET 07 OZ,2023-12-22,"The stand-alone Official Plan Amendment proposes to establish a site and area specific policy (SASP) in order to facilitate the long-term, multi-phased redevelopment of the Jane Finch Mall.",1911 FINCH AVE W,7,325383,14964,340347,4600,http://app.toronto.ca/AIC/index.do?folderRsn=x6%2BIofYWnxj0i2xI3s8suw%3D%3D
1042,Active,23 210768 WET 05 OZ,2023-10-04,"This application will provide an Amendment to the Official Plan for the lands designated as 2400 Eglinton Avenue West. The subject lands are designated as Mixed-Use Areas in the Official Plan. They are also designated as Block A of ""Certain Lands in the",2400 EGLINTON AVE W,5,232736,6599,239335,4057,http://app.toronto.ca/AIC/index.do?folderRsn=IS7Ufkf%2FNvq56wsO29o6eQ%3D%3D
1043,Active,22 162242 STE 11 OZ,2022-06-14,"Official Plan and Zoning By-law Amendment application to permit a 53 and 59 -storey tower  containing 1,551 dwelling units and 431 square metres of non-residential gross floor area.",180 DUNDAS ST W,11,102260,431,102691,1551,http://app.toronto.ca/AIC/index.do?folderRsn=5CN%2FsNeGg8zFKjMCnywAog%3D%3D
1044,Active,23 131317 STE 19 OZ,2023-04-05,"Zoning By-law Amendment for 4-storey (14.3 metre) low rise residential apartment building with 16 residential units, a total Gross Floor Area of 1,751 square metres, and a proposed density of 1.3 times the lot area based on gross site area. A total of 8",9 BENLAMOND AVE,19,1715,0,1715,16,http://app.toronto.ca/AIC/index.do?folderRsn=HfZAQKi5RcCb6puwDJjMaQ%3D%3D
1045,Active,16 270106 STE 22 OZ,2016-12-22,"Zoning By-law Amendment to permit a mixed-use building: 9 storeys, 30 residential rental units",1984 YONGE ST,12,1902.66,1225.43,3128.09,20,http://app.toronto.ca/DevelopmentApplications/associatedApplicationsList.do?action=init&folderRsn=4084134&isCofASearch=false
1046,Active,22 207923 STE 12 OZ,2022-09-23,"The application proposes to amend Zoning By-law 569-2013 at 632-652 Northcliffe Boulevard to permit a residential building 129 metres in height (38-storeys including mechanical penthouse), with a maximum of 30,250 square metres of gross floor area and 11",632 NORTHCLIFFE BLVD,12,30829,0,30829,442,http://app.toronto.ca/AIC/index.do?folderRsn=IGpgkm3jC9ZXpKJuxdtYBg%3D%3D
1047,Under Review,23 181154 STE 04 OZ,2023-07-28,"Proposed Zoning By-law Amendment application to permit a 12-storey mixed use building. The proposed development provides 91 new residential units and 260sqm of at grade retail uses with a total gross floor area of 8249.1 square metres, resulting in an ov",2461 BLOOR ST W,4,7988.8,260.3,8249.1,91,http://app.toronto.ca/AIC/index.do?folderRsn=9BWwuyNyBD9s5KlFjwRp1A%3D%3D
1048,Under Review,23 120855 NNY 18 OZ,2023-03-07,"Official Plan & Zoning By-law Amendment for a 9-storey mixed-use building with 41 dwelling units and 4 surface parking spaces. The total GFA proposed would be 4,035 square metres with the FSI to be 3.50. The commercial spaces at grade and on the second f",23 POYNTZ AVE,18,3378.7,656.3,4035,41,http://app.toronto.ca/AIC/index.do?folderRsn=%2B%2B7%2Bfq%2FG%2FYwdHdfc5fbcag%3D%3D
1049,Under Review,22 204291 WET 05 OZ,2022-09-15,Proposal to redevelop the Lands with a new 25-storey residential tower and associated 4-storey above-grade parking structure,2355 KEELE ST,5,22898,0,22898,307,http://app.toronto.ca/AIC/index.do?folderRsn=uzLp12siDrG3kgf4KXU1HA%3D%3D
1050,Active,21 250525 ESC 25 SA,2021-12-21,"proposal for a 3-storey addition at the NE corner of the existing industrial building.  The proposed addition has a gross floor area of 3766.57 square metres, for a total of 13517.08 square metres on the lot.",8150 SHEPPARD AVE E,25,0,3840.04,3840.04,0,http://app.toronto.ca/AIC/index.do?folderRsn=tLeLLZb2RJDIDU5kgtgs2g%3D%3D
1051,Built,12 176374 WET 06 SA,2012-05-18,"Proposed one-storey, addition to the side of an existing industrial (warehouse) building",520 EVANS AVE,3,0,887,887,0,
1052,Built,11 146719 STE 28 OZ,2011-03-16,Revised Rezoning and Site Plan Approval application for construction of 2 towers atop one podium.  Podium height ranges from 3 to 9 storeys; west tower is 22 storeys overall and east tower is 26 storeys overall; Retail at grade; 5 levels of below grade p,154 FRONT ST E,13,35061,1054,36115,481,
1053,Under Review,24 173799 WET 03 SA,2024-07-03,The project proposal seeks to construct two one-storey industrial warehouse and distribution buildings with accessory office. The existing unoccupied three-storey building (Heritage)  is proposed to remain and be incorporated into the development.,260 EIGHTH ST,3,0,43062.29,43062.29,0,http://app.toronto.ca/AIC/index.do?folderRsn=IBcx9c3L4YERn0%2BHYAzjPw%3D%3D
1054,Under Review,24 173671 WET 01 SA,2024-07-03,"Site Plan Application proposes the construction of a 20,400 square metre, single storey warehouse and logistics facility with approximately 30 loading spaces. The proposal also includes a surface parking lot with 156 vehicle spaces and 78 trailer stalls.",25 BETHRIDGE RD,1,0,20052,20052,0,http://app.toronto.ca/AIC/index.do?folderRsn=O5f%2FrCjdMqIeCokby6NdlA%3D%3D
1055,Under Review,24 174001 ESC 24 OZ,2024-07-03,The applicant proposes two new residential buildings and retain the existing rental apartment.  The new residential buildings are comprised of one 37 storey residential building (Building A)  with 438 units and one 15 storey residential building (Buildin,1050 MARKHAM RD,24,39911.1,0,39911.1,635,http://app.toronto.ca/AIC/index.do?folderRsn=TngtdPKkQa0LhmPzGaSisw%3D%3D
1056,Built,19 216670 NNY 18 SA,2019-09-05,"The Local Planning Appeal Tribunal (LPAT) decision of July 20, 2018 approved in principle the redevelopment of the site for a residential condominium building and an automotive dealership.  Refer to Case Number PL160863.  This site plan application for 5",5840 YONGE ST,18,0,2260.7,2260.7,0,http://app.toronto.ca/AIC/index.do?folderRsn=J9xuUu6lIyqVaJ%2BjrPabNA%3D%3D
1057,Active,19 251586 STE 14 SA,2019-11-20,"Gold Star Site Plan Approval application for a proposed 6-storey non-residential building comprised of 10,420 square metres floor area and containing retail, restaurant and office uses.",65-87 HEWARD AVE,14,0,11073,11073,0,http://app.toronto.ca/AIC/index.do?folderRsn=bw72rth8PMs9Xj9AZq%2FYig%3D%3D
1058,Under Review,20 229112 NNY 18 OZ,2020-12-14,"Official Plan and Zoning By Law Amendment application to permit a 39-storey mixed-use building. The proposed development includes non-residential uses in the first 2-storeys, with grade related retail located along Yonge Street between Hillcrest Avenue a",5051-5061 YONGE ST,18,25073.3,1875.23,26948.53,365,http://app.toronto.ca/AIC/index.do?folderRsn=t4gGRP%2B6Q4s1tg4UVgSJfg%3D%3D
1059,Active,18 272108 WET 03 OZ,2018-12-27,"Amend the zoning to permit a mixed used  project including residential, retail and offices uses comprised of 4 base buildings with eight tower components.",5415 DUNDAS ST W,3,217645,15808,233453,2875,http://app.toronto.ca/AIC/index.do?folderRsn=7Aqqq1FSnGQsUtFiKi9a5g%3D%3D
1060,Under Review,21 220609 STE 12 OZ,2021-10-01,"Zoning By-law and Official Plan Amendment application to permit the redevelopment of the site with 54 and 56-storey towers, joined by a 10-storey residential podium with ground floor retail.  The proposed buildings will include approximately 510 square m",2345 YONGE ST,12,80416,510,80926,1370,http://app.toronto.ca/AIC/index.do?folderRsn=NmXho3vDTsKOh%2BA3NkVYzQ%3D%3D
1061,Under Review,24 174546 WET 03 SA,2024-07-04,"Proposed 40-storey, 123 metre, mixed-use building containing 413 residential units.",8 NEWCASTLE ST,3,27838.1,532,28370.1,420,http://app.toronto.ca/AIC/index.do?folderRsn=jrISDdQRgilG35K9qEljhA%3D%3D
1062,Active,18 271140 STE 13 OZ,2018-12-21,"Zoning By-law Amendment to permit a 34-storey mixed-use building, The building will include a 3-storey base element that incorporates retention of the four storey Richard Bigley building (98 Queen St E) and the three storey facades of 100 to 104 Queen St",90 QUEEN ST E,13,22830.9,381.07,23211.97,369,http://app.toronto.ca/AIC/index.do?folderRsn=TUeCNl0H%2BIIHBazGUG%2FTPg%3D%3D
1063,Under Review,21 117518 STE 12 OZ,2021-02-18,Zoning By-law Amendment application to permit a 17-storey mixed use building.,11 PLEASANT BLVD,12,5817,0,5817,87,http://app.toronto.ca/AIC/index.do?folderRsn=i0FXrZleyQKUdAPIY40d9Q%3D%3D
1064,Built,19 112144 NNY 08 SA,2019-02-05,"8 storey mixed use building containing 27 dwelling units, one ground floor retail unit.",1924 EGLINTON AVE W,8,2062,216,2278,27,http://app.toronto.ca/AIC/index.do?folderRsn=3sMjNQIoJDFMSUio6cD1wg%3D%3D
1065,Built,11 184731 STE 22 OZ,2011-04-29,Rezoning application to construct new 9 storey condo - 62 residential units - 3 levels below grade parking -74 parking spaces  - 63 bicycle parking spaces - Application is for 281-289 Avenue Rd,281 AVENUE RD,12,6595,0,6595,36,
1066,Active,20 161770 STE 11 SA,2020-06-30,"Proposal for alterations and a 4-storey addition to Innis College, comprised of an additional 1878.7 square metres of non-residential floor area.",2 SUSSEX AVE,11,0,1867,1867,0,http://app.toronto.ca/AIC/index.do?folderRsn=VcuNdh4eaNnNMpS4a2R37A%3D%3D
1067,Built,18 132442 NNY 16 OZ,2018-03-21,"Revised - Three storey stacked townhouses consisting of 24 rental units, each with individual entrances accessible from the street (Brookdale Avenue) through shared porches.",3311 BATHURST ST,8,2965.1,0,2965.1,24,http://app.toronto.ca/AIC/index.do?folderRsn=%2FO8M9uHz6CKEMaMRnwZGrw%3D%3D
1068,Built,18 144553 STE 27 OZ,2018-04-16,"The application for a Zoning By-law Amendment, Rental Housing Demolition & Conversion, and Site Plan Control proposes a 48-storey residential building consisting of a 7-storey podium base building (24.75 metres) and a 41-storey tower element above. The b",55 CHARLES ST E,13,46135,0,46135,665,http://app.toronto.ca/AIC/index.do?folderRsn=u2SsJk3UVSr6hF9ul3A0eg%3D%3D
1069,Under Review,21 235841 STE 12 OZ,2021-11-09,"Appealed to the Ontario Land Tribunal, a Zoning By-law amendment for a 15-storey residential building having a residential gross floor area of 11037.1 square metres.",645 NORTHCLIFFE BLVD,12,11037.1,0,11037.1,159,http://app.toronto.ca/AIC/index.do?folderRsn=Cs7n5HTiQPWEg9eDZyhINA%3D%3D
1070,Under Review,22 150557 ESC 22 SA,2022-05-24,Site Plan Approval (SPA)  Application  for the Finch-Kennedy SmartTrack Station.,4120 FINCH AVE E,22,0,2765,2765,0,http://app.toronto.ca/AIC/index.do?folderRsn=iTG%2Fc5GE3o3YKg5s%2BXISPA%3D%3D
1071,Under Review,23 170868 ESC 23 SA,2023-07-06,Site Plan Approval for TTC's Scarborough Subway Extension Sheppard East Station,4700 SHEPPARD AVE E,23,0,10239.5,10239.5,0,http://app.toronto.ca/AIC/index.do?folderRsn=j82yxCYUXC6DixhjUYHXOQ%3D%3D
1072,Built,15 226007 WET 17 SA,2015-09-21,"Site Plan Control application for proposed 12-storey mixed-use building containing 121 residential rental units with retail at-grade.  The proposed development will have a residential gross floor area of approximately 10,659 m2 and a non-residential gros",898 ST CLAIR AVE W,9,10658.6,981.9,11640.5,121,http://app.toronto.ca/AIC/index.do?folderRsn=PIu6WmX%2B52%2B1ZOG%2F1O9m0g%3D%3D
1073,Built,11 332281 STE 27 OZ,2011-12-30,"An Official Plan (File No. 13 126666 STE 27 OZ) and Zoning By-law Amendment (11 332281 STE 27 OZ) Applications to retain and convert the 31-storey (93 metres tall, plus a 7-metre mechanical penthouse) former Four Seasons Hotel into a mixed-use building;",21 AVENUE RD,11,53685,4998,58683,797,
1074,Built,15 131971 NNY 09 SA,2015-03-25,New Ems station at 1300 Wilson Avenue.,1300 WILSON AVE,6,0,2741,2741,0,
1075,Active,19 252363 WET 02 OZ,2019-11-22,"This application seeks to amend the zoning to permit a mixed use development consisting of a 6-storey podium (21.7 metres in height), a 30-storey tower (94.5 metres in height) and a 14-storey tower (47.3 metres in height). The proposed development would",375-385 THE WEST MALL,2,45640.2,4136,49776.2,626,http://app.toronto.ca/AIC/index.do?folderRsn=M5dIByQqEi14CZuGrKigug%3D%3D
1076,Active,21 149511 ESC 24 OZ,2021-05-03,Construct two residential towers at 26 and 29 storey's in height connected by a 3-storey podium with a total of 644 residential units and a 667m2 daycare space at the ground floor and mezzanine levels. There will be two levels of underground parking.,42 TUXEDO CRT,24,41841,667,42508,644,http://app.toronto.ca/AIC/index.do?folderRsn=pGvT0qrWYjk22ZZ8%2Bds%2F0A%3D%3D
1077,Built,14 260003 NNY 23 OZ,2014-12-03,"Applications for Official Plan and Zoning By-law Amendment/Site Plan Control to permit the development of eighteen (18) townhouse dwelling units with a total residential gross floor area of 3,769 sq. m resulting in a density of 1.44 FSI. 36 tandem parkin",36 CHURCHILL AVE,18,3333,0,3333,14,http://app.toronto.ca/AIC/index.do?folderRsn=zGdxc29Wg3AahBsfynQcyA%3D%3D
1078,Built,16 152027 NNY 16 OZ,2016-05-09,Construct 13 storey rental housing apartment building containing 162 dwelling units including 32 replacement rental units.,2525 BATHURST ST,8,11286,0,11286,150,http://app.toronto.ca/DevelopmentApplications/associatedApplicationsList.do?action=init&folderRsn=3946339&isCofASearch=false
1079,Under Review,23 127502 NNY 08 OZ,2023-03-27,"Proposal for a 19-storey mixed use building and 7 storey podium with 185 units. Proposed residentail gross floor area is 14,642.9 m2, and retail gross floor area is 419.9 m2.",444 EGLINTON AVE W,8,14564.4,419.9,14984.3,183,http://app.toronto.ca/AIC/index.do?folderRsn=aEWysQsOF5udkhKHMlAvDw%3D%3D
1080,Under Review,20 150912 NNY 06 OZ,2020-06-01,"A Zoning By-law Amendment application to permit a 13-storey mixed use building with a total of 259 dwelling units a total GFA of 19,238.5 square metres. The proposal includes one level of underground parking providing a total of 84 parking spaces. The on",379 WILSON AVE,6,18658.9,488.2,19147.1,277,http://app.toronto.ca/AIC/index.do?folderRsn=LTOb5COiZ55iiHLJPazPQA%3D%3D
1081,Under Review,22 188521 STE 10 OZ,2022-08-10,Official Plan and Zoning By-law Amendment applications to permit the redevelopment of the site with a 30-storey mixed-use building with retail at-grade along Spadina Avenue and 550 dwelling units above. The Official Plan Amendment is required to redesign,46 SPADINA AVE,10,37388,774,38162,550,http://app.toronto.ca/AIC/index.do?folderRsn=G9KUHlZEx%2BPc%2B8XgqN%2FiqQ%3D%3D
1082,Under Review,17 249811 ESC 42 SA,2017-10-18,Proposal to convert the existing building into a Place of Worship and Day Nursery.,2275 MARKHAM RD,23,368,0,368,1,http://app.toronto.ca/AIC/index.do?folderRsn=nJ1wfb48JiNCl%2BYyKFHJyQ%3D%3D
1083,Under Review,24 186332 STE 04 OZ,2024-07-23,"The proposal is to redevelop the subject lands with a 10-storey mixed-use building, with three (3) at-grade commercial units (approx. 250m2 GFA), and 52 residential units intended for rental tenure",2112 DUNDAS ST W,4,3222.42,249.23,3471.65,52,http://app.toronto.ca/AIC/index.do?folderRsn=zePw0doboPb6mKdgUOS1OA%3D%3D
1084,Active,21 228762 WET 05 OZ,2021-10-21,"The two 34- and 24-storey towers with a 8-storey, mid-rise base building wrapping around the Weston Road frontage, along with a new approximately 1,470 square metre public park located at the Northwest corner of the subject site",955 WESTON RD,5,60686.5,465,61151.5,984,http://app.toronto.ca/AIC/index.do?folderRsn=QuIdVSeWHl%2BQIroPrE2rtQ%3D%3D
1085,Active,24 135519 STE 14 OZ,2024-04-12,Combined Official Plan & Zoning By-law Amendment for a 20 storey non-profit Long-Term Care (LTC) home with 392 beds.,400 BROADVIEW AVE,14,0,43880.5,43880.5,0,http://app.toronto.ca/AIC/index.do?folderRsn=BybI9qfLNeOGK0Yip8bDgQ%3D%3D
1086,Built,15 209995 STE 31 OZ,2015-08-20,Proposal for rezoning for the construction of a 37 storey apartment building with 396 rental apartment units adjacent to the existing building on the property.,90 EASTDALE AVE,19,36600.73,0,36600.73,484,http://app.toronto.ca/AIC/index.do?folderRsn=DQWJ8i3TPCHBkd05B0%2BaDw%3D%3D
1087,Active,20 233616 STE 11 OZ,2020-12-23,"Official Plan and Zoning By-law Amendment application for a 12-storey mixed-use building, containing 256 residential dwelling units and 1,000 square metres of non-residential gross floor area. The Official Plan Amendment is required to permit the height",374 DUPONT ST,11,16688,1008,17696,253,http://app.toronto.ca/AIC/index.do?folderRsn=CNhsXSnNCHDM3h%2Bis7u4WQ%3D%3D
1088,Active,18 266038 NNY 15 OZ,2018-12-07,"8 - three storey townhouses fronting on Bayview Ave, each block containing 4 dwelling units.  The townhouse will provide for one integral at grade vehicle parking space accessed via a shared laneway.  Also proposed are  2 two-storey detached dwellings wi",2673 BAYVIEW AVE,15,3288.98,0,3288.98,10,http://app.toronto.ca/AIC/index.do?folderRsn=V2zzAMfOMrc656FM4CTrSQ%3D%3D
1089,Active,21 234538 NNY 06 OZ,2021-11-05,"Zoning By-law amendment for two mixed use buildings and one residential building in addition to the existing residential building on the property.  Building A is a 36-storey tower (112.8 metres) with a six-storey podium, 432 residential units, and 486 m2",155 ANTIBES DR,6,58019,873,58892,892,http://app.toronto.ca/AIC/index.do?folderRsn=XV%2FinnWX9%2BgNisbNCI2jXw%3D%3D
1090,Active,11 143142 STE 20 OZ,2011-03-11,"Official Plan Amendment and Rezoning applications are to permit the revitalization and redevelopment of Alexandra Park and Atkinson Housing Co-op.  The master plan proposes to demolish and replace 333 townhouse and apartment units, renovate and retain 47",571 DUNDAS ST W,10,160301,7395,167696,2222,
1091,Active,22 216036 ESC 20 OZ,2022-10-12,"REVISED PROPOSAL- The revised proposal which is the subject of the current resubmission consists of 112 townhouse units. Proposal to permit the comprehensive redevelopment of the subject site with five blocks of stacked, back to back townhouse dwelling u",27 PARKCREST DR,20,11837.28,0,11837.28,112,http://app.toronto.ca/AIC/index.do?folderRsn=YpqFdXozb48fi1hkdG99Sw%3D%3D
1092,Active,21 252354 NNY 17 OZ,2021-12-31,"Official Plan and Zoning by-law amendment application to facilitate the redevelopment of the site for a 22-storey residential building having a gross floor area of 24,246 square metres and containing 320 residential dwelling units.",26 GREENBRIAR RD,17,23813,0,23813,373,http://app.toronto.ca/AIC/index.do?folderRsn=OXONUeJh0dSEZNnlkJ1BwA%3D%3D
1093,Active,21 212462 STE 12 OZ,2021-09-14,"June 2022 Submission: Zoning By-law Amendment to facilitate the redevelopment of a 97.5-metre (29-storey excluding Mech. Penthouse) mixed-use building having a residential gross floor area of 21,600 square metres.  A total of 274 residential dwelling uni",40 RAGLAN AVE,12,24565,264,24829,332,http://app.toronto.ca/AIC/index.do?folderRsn=ae7bjnZd4ECu8oHvXBxIaQ%3D%3D
1094,Active,19 244758 NNY 16 OZ,2019-11-04,"Zoning Bylaw Amendment application for the proposal of two 16 storey towers, and a 5 storey mid rise building. A total of 492 residential units, 1,364 sqm of grade related retail space fronting onto York Mills Road and 505 proposed parking spaces.  OLT-2",801 YORK MILLS RD,16,40085.7,1363,41448.7,470,http://app.toronto.ca/AIC/index.do?folderRsn=mP%2Blkc1WB2cyb%2B5MsqyqTw%3D%3D
1095,Under Review,23 164435 NNY 08 OZ,2023-06-21,"Official Plan Amendment application to permit a mixed-use development with three buildings between 22 and 26 storeys in height, 1,062 dwelling units, 1,215 m2 of retail space, 506 vehicle parking spaces, 872 bicycle parking spaces, a Floor Space Index of",3140 DUFFERIN ST,8,75715,1215,76930,1062,http://app.toronto.ca/AIC/index.do?folderRsn=n6zBDhduOp%2FZ9QSL%2FGvERQ%3D%3D
1096,Built,13 262018 STE 18 OZ,2013-11-06,Zoning by-law amendment for to permit the development of a 26 storey mixed use tower located at the southeast corner of Queen Street West and Sudbury Street.  The proposed tower includes 121residential units and retail at-grade.,1181 QUEEN ST W,9,11604,694,12298,121,http://app.toronto.ca/AIC/index.do?folderRsn=GRtNIZYrs3Bl40Jc%2FHKnBw%3D%3D
1097,Built,16 108611 NNY 23 OZ,2016-01-26,"LPAT approved:  an infill development to add a, 25 unit, 3-storey stacked townhouse to the existing 4-storey apartment buidling containing 47 rental dwelling units with 3,599.48 GFA ((FSI of 1.35).  Access for the new townhouse will be taken from Brentha",286 FINCH AVE W,18,2171.35,0,2171.35,25,http://app.toronto.ca/AIC/index.do?folderRsn=Vcp1weJfkMLtaVqMQfo5GA%3D%3D
1098,Built,19 232241 STE 13 SA,2019-10-04,"Site Plan Approval Application for the proposed 27 storey mixed use building and 28 storey mixed use building, combined for a total of 542 residential dwelling units and 986.6m2 of non-residential  space.  The proposal will also includes 4 levels of belo",88 QUEEN ST E,13,45158,909.2,46067.2,542,http://app.toronto.ca/AIC/index.do?folderRsn=bfC4NF2vF7RJoV6dYbtOhA%3D%3D
1099,Active,20 222977 WET 02 OZ,2020-11-26,To amend the City of Toronto Zoning By-law No. 569-2013 and former City of Etobicoke Zoning Code to permit a 13-storey apartment building with a 4-storey podium on the western portion of the site and a 4-storey apartment building comprised of 297 units.,4340 BLOOR ST W,2,22772,0,22772,211,http://app.toronto.ca/AIC/index.do?folderRsn=0Aw4GNLs4jzhHdusM%2Fap0g%3D%3D
1100,Built,17 209538 NNY 34 OZ,2017-08-01,"Proposed development of 84 townhouses, including 67 freehold and 17 condominium units. The proposal also includes land conveyances for a public road and a public park.",104-110 BARTLEY DR,16,13216.41,0,13216.41,84,http://app.toronto.ca/AIC/index.do?folderRsn=oV69xyzSg74sbA5wGo%2BcXQ%3D%3D
1101,Built,20 145765 ESC 25 OZ,2020-05-15,"Application to lift the Holding Symbol ""H"" for a proposed 5-storey institutional building, known as the Instructional Centre Phase 2 at the University of Toronto Scarborough campus.  The proposed building will be located on the north corner of Military T",1050 MILITARY TRL,25,0,14928.5,14928.5,0,http://app.toronto.ca/AIC/index.do?folderRsn=u26QpCKg0sLPvVDZ%2BQKewA%3D%3D
1102,Built,14 235297 STE 20 OZ,2014-10-09,To re-zone the subject lands to allow for the construction of a 51 storey mixed use condo building and a eight storey podium with retail uses on the ground floor and second floor.  A total of 461 residential units are proposed and 198 above and below gra,30 WIDMER ST,10,44883,16136,61019,646,http://app.toronto.ca/DevelopmentApplications/associatedApplicationsList.do?action=init&folderRsn=3640115&isCofASearch=false
1103,Under Review,19 101840 STE 09 OZ,2019-01-07,"Zoning By-Law Amendment to permit an 8-storey mixed-use building fronting onto Dundas Street West. The height of the building would be 25.15 metres plus mechanical, and it would contain a total of 48 dwelling units, a 397 square metre retail unit at grad",1494 DUNDAS ST W,9,3966,372,4338,57,http://app.toronto.ca/AIC/index.do?folderRsn=9fbxFnwnAHG0%2FAjFW%2FdYTw%3D%3D
1104,Active,18 263069 WET 17 SA,2018-11-30,Site Plan Control application for proposed 8-storey + mechanical mixed use building containing 60 residential units and 238 square metres of retail space on the ground floor.     Proposal has been revised to from 54 units and 180 square metres of retail,1474 ST CLAIR AVE W,9,4428,237,4665,60,http://app.toronto.ca/AIC/index.do?folderRsn=lBUlaGzerbl0soLxhO2z3g%3D%3D
1105,Active,21 233780 STE 11 OZ,2021-11-03,"Zoning by-law Amendment application to permit a mixed-use building with 33- and 19-storey tower elements, containing 401 dwelling units and 75 square metres of non-residential gross floor area. The proposal includes heritage conservation on the site.",906 YONGE ST,11,27870,760,28630,410,http://app.toronto.ca/AIC/index.do?folderRsn=3UNrbczLRVp%2B9d8tWsplNQ%3D%3D
1106,Built,18 209662 STE 29 SA,2018-08-15,Site Plan Application for The Dewhurst Station Second Exit project that consists of a proposed new entrance/exit building located at 17-19 Dewhurst Blvd.  The new building is connected to the westerly end of Dewhurst Station platform via an underground p,17 DEWHURST BLVD,14,0,292.5,292.5,0,http://app.toronto.ca/AIC/index.do?folderRsn=BlI74oC0MSknQlJ9gSRbTg%3D%3D
1107,Under Review,19 262484 NNY 06 OZ,2019-12-17,"Zoning Bylaw Amendment application for the proposal of one 12 storey, one 14 storey and two 32 storey buildings. The proposal would have 1,138 residential units, 3,366 sqm of commercial retail space fronting onto both Steeles Avenue West and Dufferin Str",1881 STEELES AVE W,6,88305.8,3431.1,91736.9,1138,http://app.toronto.ca/AIC/index.do?folderRsn=NJDL3J9TOsn3scJtWO622g%3D%3D
1108,Built,18 209651 STE 29 SA,2018-08-15,"Site Plan Application for The Donlands Station Easier Access project that consists of providing 2 new elevators connecting each side of the platform to street level, where the fare line is located.  The project design is composed of 2 separate additions",30 DONLANDS AVE,14,0,142.16,142.16,0,http://app.toronto.ca/AIC/index.do?folderRsn=0IzdsCTRUhqL8mZgalGbog%3D%3D
1109,Active,22 179828 STE 10 OZ,2022-07-20,Zoning By-law Amendment application to facilitate the redevelopment of the site with a 23-storey mixed-use building with retail at-grade and residential above. 225 residential units are proposed. This application is being reviewed in conjunction with the,467 WELLINGTON ST W,10,15767.6,417,16184.6,172,http://app.toronto.ca/AIC/index.do?folderRsn=Eti6MdHcIX7Zp8wLA8J9fg%3D%3D
1110,Built,10 104813 WET 06 OZ,2010-01-14,Proposed rezoning to permit new 44 storey residential building,36 PARK LAWN RD,3,32648,703,33351,422,
1111,Under Review,22 191099 NNY 18 OZ,2022-08-15,"Proposal for a 43-storey residential building with 518 residential units, having a gross floor area of 30,642 square metres. The proposal includes 162 parking space and 497 bicycle parking spaces.",18 ATHABASKA AVE,18,31863,120,31983,516,http://app.toronto.ca/AIC/index.do?folderRsn=YRUSDDuZ3f5qjYsu8aAGjQ%3D%3D
1112,Under Review,09 172870 WET 11 SA,2009-09-25,Site plan application for proposed 12-storey apartment building containing 107 residential rental units and three levels of below grade parking.,2270 WESTON RD   REAR,5,7571,0,7571,107,http://app.toronto.ca/AIC/index.do?folderRsn=IoPaRuyC1TT3TcCtR5cqmQ%3D%3D
1113,Built,19 175315 STE 19 SA,2019-06-20,"The existing social housing residential rental building at 136 Kingston Road contains a total of ninety-three (93) rental dwelling units, of which twelve (12) rental dwelling units will be demolished, resulting in eighty-one (81) existing rental dwelling",136 KINGSTON RD,19,1716,0,1716,28,http://app.toronto.ca/AIC/index.do?folderRsn=Bxjp3fWnUM%2Bm9BThYp4pnw%3D%3D
1114,Under Review,24 194578 WET 05 SA,2024-08-08,"The redevelopment includes the demolition of the existing gas station and construct new gas pumps and canopy, a new convenience store/quick serve restaurant with an associated drive through facility. The existing car wash facilities will be retained with",1571 LAWRENCE AVE W,5,0,426.2,426.2,0,http://app.toronto.ca/AIC/index.do?folderRsn=1JelIS8fFXItzNe6lauh0w%3D%3D
1115,Active,16 268586 STE 28 OZ,2016-12-19,"OPA and Rezoning application to permit an 11-storey (38.9m) mixed-use building with 384 square metres of retail at grade, 6,163 square metres of office uses on floors 2-7 and up to 30 live-work units above. A total of 39 parking spaces are proposed below",187 PARLIAMENT ST,13,2120,6818,8938,15,http://app.toronto.ca/AIC/index.do?folderRsn=VRvwBDnFt1QT7n4Wqbbt%2Bg%3D%3D
1116,Under Review,21 201761 ESC 20 SA,2021-08-20,"Site Plan Approval for a proposed addition to the northwest of the existing building.  The proposed addition has a gross floor area of 98.5 square metres, and a height of 7.39 metres.",32 UPTON RD,20,0,1734,1734,0,http://app.toronto.ca/AIC/index.do?folderRsn=f%2BRGKFn2ecYvXIoRIonFLQ%3D%3D
1117,Active,17 168095 STE 27 OZ,2017-05-29,"The City has recieved Official Plan Amendment and Zoning By-law Amendment applications to allow an 8-storey (35 metre) building and a 26-storey (97.3 metre) building with a total of 182 rental dwelling units, 3,085 square metres of non-residential floor",5 SCRIVENER SQ,11,20172,3266,23438,120,http://app.toronto.ca/AIC/index.do?folderRsn=Jcc%2FmUYM9XHSM4LU3wc9lQ%3D%3D
1118,Built,17 256142 STE 20 OZ,2017-11-01,"Proposed 15-storey office building with ground floor retail space and the retention of the existing Copp Clark Publishing Co. heritage buildings on the subject property that are currently used for commercial and office uses. Approximately 49, 351 square",517 WELLINGTON ST W,10,0,49635,49635,0,http://app.toronto.ca/AIC/index.do?folderRsn=sZdV%2BzCco9oAh4hrVFteXw%3D%3D
1119,Built,16 268551 STE 28 SA,2016-12-19,Proposal for a mixed-use development consisting of a 29-storey tower and 11-storey building connected by a 4-storey base building with a total of 434 dwelling units and ground floor retail space.,591 DUNDAS ST E,13,32201.61,2572,34773.61,434,http://app.toronto.ca/AIC/index.do?folderRsn=5L9jZMjvb88E8ZTUnIYVew%3D%3D
1120,Under Review,21 181193 ESC 22 SA,2021-07-07,Construct a one storey addition to a food Manufacturing building.,95 MILLIKEN BLVD,22,0,908.8,908.8,0,http://app.toronto.ca/AIC/index.do?folderRsn=UokpR%2F%2BhRPbIoxgUYaItlA%3D%3D
1121,Active,23 177928 STE 10 OZ,2023-07-21,Related App 23 196849 STE 10 SA  Zoning By-law Amendment application to permit the redevelopment of the site at 8-18 Camden Street with a 19-storey mixed use building with retail at grade and residential above. The proposed building will contain a total,8 CAMDEN ST,10,10535.1,308,10843.1,185,http://app.toronto.ca/AIC/index.do?folderRsn=GHQC%2BlWzgqFb4kNUmiRxTw%3D%3D
1122,Active,20 126634 STE 11 OZ,2020-03-16,"Zoning By-Law Amendment to permit the redevelopment of the subject site with a 29-storey residential mixed-use building, containing 25,280square meters of residential gross floor area and 4,005square meters of non-residential gross floor area.",33 AVENUE RD,11,27349,3697,31046,70,http://app.toronto.ca/AIC/index.do?folderRsn=5V3oipejUe2F6QfPZXV4WA%3D%3D
1123,Active,19 249299 ESC 20 SA,2019-11-14,Self-storage facility comprising of 11 buildings.,1 THORA AVE,20,0,11952.04,11952.04,0,http://app.toronto.ca/AIC/index.do?folderRsn=Fyv4eT9KKQ6X6M0GFVYnkQ%3D%3D
1124,Active,18 198833 ESC 38 OZ,2018-07-24,"REVISED PROPOSAL:4 storey stacked townhouses with 80 new residential units totalling 10,040 square metres of new GFA on a proposed private street. BLOCK 1 : stacked townhouses (10 units) to be operated by Habitat for Humanity, BLOCK 2-6 stacked  townhous",3060 EGLINTON AVE E,21,10040.11,0,10040.11,80,http://app.toronto.ca/AIC/index.do?folderRsn=osZJ%2BaZ1QrZt61PzgT%2Fohg%3D%3D
1125,Under Review,21 115800 STE 12 OZ,2021-02-12,Zoning By-law Amendment application to permit a 19-storey residential building with 194 residential units. No vehicular parking proposed.,25 IMPERIAL ST,12,15243,0,15243,247,http://app.toronto.ca/AIC/index.do?folderRsn=5npuYynma2oKYV%2BvSDsS3A%3D%3D
1126,Active,05 140481 ESC 44 OZ,2005-06-08,To add 182 dwelling units to existing residential/commercial development.  Retail/service/restaurant floorspace would be reduced to 1500 sq.m. from existing 3528 sq.m.,30 DEAN PARK RD,25,5092.6,0,5092.6,58,
1127,Active,16 236387 NNY 26 OZ,2016-10-12,"To permit the redevelopment of the 60 acre subject site into a new community  consisting of: office buildings (including the retention of the Celestica headquarters); commercial and retail space; 4,921 residential units within a range of building types i",844 DON MILLS RD,16,376408,85545,461953,4974,http://app.toronto.ca/AIC/index.do?folderRsn=kAXzg3UO8DVy6GO1hYPgew%3D%3D
1128,Active,20 229554 STE 10 OZ,2020-12-16,"Application to amend the Zoning By-law to permit the development of three mixed-use buildings of 32, 33, and 36 storeys containing 11,827 square metres of non-residential uses and 963 dwelling units within two blocks at 61-85 Hanna Avenue and 120 Lynn Wi",61 HANNA AVE,10,71253.7,11847.1,83100.8,963,http://app.toronto.ca/AIC/index.do?folderRsn=BDUZJtgCUp3UUDfnoDwqqQ%3D%3D
1129,Active,19 210963 WET 02 OZ,2019-08-23,Proposal to permit the development of two new residential rental apartment buildings on the site. An 9-storey apartment building (Building A) to the west of 73 Widdicombe Hill Boulevard with 133 rental units and an 18-storey apartment building (Building,63 WIDDICOMBE HILL BLVD,2,29930.68,0,29930.68,331,http://app.toronto.ca/AIC/index.do?folderRsn=AB87%2BuNG5W54D%2B6Qp9HyTA%3D%3D
1130,Under Review,24 106919 WET 05 OZ,2024-01-22,"Construct a 48 storey residential building. One level of underground parking. 517 units, approx 30,512 m2 gross floor area.  The first of the two development sites is located at the southeast corner of Weston Road and Locust  Street (the West Site). The",17 LOCUST ST,5,30512,0,30512,517,http://app.toronto.ca/AIC/index.do?folderRsn=%2B3JtZ9QchXFQHYH7ffWY5Q%3D%3D
1131,Under Review,23 134668 WET 03 OZ,2023-04-17,"The proposed Official Plan Amendment, Zoning By-law Amendment, Draft Plan of Subdivision and Rental Housing Demolition and Conversion applications would provide for the phased demolition of the five existing 7-storey rental apartment buildings on the sub",220 LAKE PROMENADE,3,129343,0,129343,2021,http://app.toronto.ca/AIC/index.do?folderRsn=U2DNBK8JG96LLKjEv%2BZieA%3D%3D
1132,Active,15 167971 NNY 23 SA,2015-06-03,"To enclose the existing roof patios on the third floor (89sqm), fourth floor (127sqm) and fifth floor (211sqm) for office uses.",170 SHEPPARD AVE E,18,0,427.6,427.6,0,
1133,Active,02 035332 STE 20 OZ,2002-08-26,Eight storey apartment building containing 18 units.  Car parking provided off-site. Appealed to OMB. Was eventually approved by OMB.,15 GLEN MORRIS ST,11,1724,0,1724,7,
1134,Built,17 222387 NNY 15 SA,2017-08-24,"Application proposes the development of a low rise building block consisting of 9 buildngs with 110 units; 56 of the units are TCHC rental replacement units, the remaining 54 are market units.  Parking is proposed via a combination of onsite individual a",1-87 BREDONHILL CRT,8,18411.79,0,18411.79,102,http://app.toronto.ca/AIC/index.do?folderRsn=itmg4PglUxH%2BYtrI%2BQBGMQ%3D%3D
1135,Active,20 208290 NNY 15 OZ,2020-10-20,"Revised Proposal:  A 22-storey (69 metre) residential building with 181 residential units and 31 rental replacement units for a total of 211 dwelling units. The total proposed residential gross floor area (GFA) is 14,176 square metres (8.16 FSI). The pro",109 ERSKINE AVE,15,14092,0,14092,211,http://app.toronto.ca/AIC/index.do?folderRsn=6rTYKV4%2BUPPHSrLPmzMzag%3D%3D
1136,Under Review,23 151345 ESC 21 SA,2023-05-26,Site Plan Approval for a 3-storey addition to an existing 1 storey industrial building.,191 ASHTONBEE RD,21,0,12147.54,12147.54,0,http://app.toronto.ca/AIC/index.do?folderRsn=hlcb9WjYPDVoKqxcqOl9vg%3D%3D
1137,Active,19 114200 STE 12 OZ,2019-02-11,"Zoning By-law Amendment application to permit a 29-storey mixed use building with 294 residential units.  Housing Now site subject to site-specific Zoning By-law 1779-2019, permitting an 18-storey residential building with 180 units.    Units proposed fo",140 MERTON ST,12,19949,1496,21445,294,http://app.toronto.ca/AIC/index.do?folderRsn=jOi1cf6zaFKZjMpuPqunmQ%3D%3D
1138,Active,13 109447 STE 27 OZ,2013-01-22,"21-33 SHERBOURNE ST N - Demolish existing garages and replace with 1 sty below grade parking facility (private).  27 & 21-25 SHERBOURNE ST N - No change to existing structures/dwellings.  29 & 31 SHERBOURNE ST N - Demolish single family dwelling at # 29,",31 SHERBOURNE ST N,11,1630,0,1630,4,http://app.toronto.ca/AIC/index.do?folderRsn=n1bK6rbmcImooAoRk6%2BzUw%3D%3D
1139,Active,19 114197 WET 03 OZ,2019-02-11,This is a City-Initaited Zoning By-law Amendment application to establish permissions for two mixed-use Housing Now blocks in the Bloor/Kipling (Six Points) precinct and the new Etobicoke City Centre Park (Block 2). Block 1 would have a mixed-use develop,3741 BLOOR ST W,3,221434,22737,244171,2730,
1140,Under Review,22 196927 ESC 25 SA,2022-08-28,"Site Plan application to construct two, one-storey commercial buildings, one with 6 units and the other a restaurant with a drive through facility.",850 MILNER AVE,25,0,1025,1025,0,http://app.toronto.ca/AIC/index.do?folderRsn=hccbvk5PEdmu0SjQAHDs2Q%3D%3D
1141,Built,16 183537 STE 20 OZ,2016-06-30,Zoning by-law amendment application for two towers: a 48-storey tower (156.25 metres including mechanical penthouse) and a 40-storey tower (130.15 metres including mechanical penthouse) containing 899 residential units on a 6 storey podium including  two,102 PETER ST,10,45832,3838,49670,696,http://app.toronto.ca/DevelopmentApplications/associatedApplicationsList.do?action=init&folderRsn=3983031&isCofASearch=false
1142,Under Review,24 205842 WET 01 SA,2024-08-29,"Site Plan Control Application to construct a one-storey (10,180 sm) addition to the existing industrial building and parking lot.",90 BELFIELD RD,1,0,12290,12290,0,http://app.toronto.ca/AIC/index.do?folderRsn=kEiIOG%2BJhy9FAiKGEsDihA%3D%3D
1143,Built,10 314966 STE 22 OZ,2010-12-15,Rezoning application to alter the existing heritage church with non-residential uses and a publicly accessible couryard; and construct a new 27 storey residential tower with six 3-storey town house units at rear.  A total of 220 residential dwellings uni,129 ST CLAIR AVE W,12,20760,0,20760,258,
1144,Under Review,22 229720 STE 13 OZ,2022-11-15,Proposal to facilitate the redevelopment of the site with a 36-storey residential building containing a total of 414 dwelling units (33 replacement rental units and 381 new units).,295 JARVIS ST,13,30346,0,30346,477,http://app.toronto.ca/AIC/index.do?folderRsn=xw5l%2Fj79i30sVf9vOp273A%3D%3D
1145,Under Review,20 126608 WET 02 SA,2020-03-16,Site Plan Control application to permit a new 17-storey rental apartment building proposed on the northeast corner of the subject site.,25-35 WARRENDER AVE,2,19357.9,0,19357.9,296,http://app.toronto.ca/AIC/index.do?folderRsn=7EOI1BDemYjJ5qPKnFNx%2FQ%3D%3D
1146,Under Review,20 174630 WET 03 SA,2020-07-30,The application proposes to demolish and rebuild the structures associated with the existing Vehicle Fuel Station. The proposal will consist of a 288.3m2 convenience store/service kiosk and Gas Bar (Vehicle Fuel Station). The existing carwash will be mai,1640 THE QUEENSWAY,3,0,288.3,288.3,0,http://app.toronto.ca/AIC/index.do?folderRsn=5D0H4Ra74DLj2QMxbhiJKg%3D%3D
1147,Active,16 255319 STE 22 OZ,2016-11-23,The City received an application to amend the Zoning By-law to permit a new high-rise residential building in the northwest corner of a 1.26 hectare site with two existing high-rise rental apartment buildings. The application was approved in principle by,44 JACKES AVE,12,22728,0,22728,263,http://app.toronto.ca/AIC/index.do?folderRsn=G24PDaCRBv6N%2Fsrn2h8ttw%3D%3D
1148,Active,16 270113 WET 06 OZ,2016-12-22,"The proposal includes an infill development consisting of 7 townhouse dwelling units, 4 semi-detached dwelling units and 1 single detached dwelling. The existing mixed use building is remain which contains 18 apartment dwelling units, a resturant and a m",1 BLUE GOOSE ST,3,2284,0,2284,12,http://app.toronto.ca/AIC/index.do?folderRsn=wihkF56vvWXYl2BQL6HOcQ%3D%3D
1149,Built,14 266756 ESC 35 OZ,2014-12-22,"Rezoning application proposes the demolition of the existing restaurant/banquet hall and the construction of 116 stacked townhouses in four buildings with underground parking.  The total proposed residential gross floor area is 9,450 square metres (101,7",35 DANFORTH RD,20,9596.8,0,9596.8,116,
1150,Built,16 207248 STE 27 OZ,2016-08-15,"Proposed 32-storey (107.1 metres including the mechanical penthouse) mixed-use tower containing 240 hotel suites and 179 dwelling units. The total  gross floor area is 21,206.2 square metres. Four levels of underground parking are proposed with 46 parkin",203 JARVIS ST,13,11722,9484,21206,179,http://app.toronto.ca/AIC/index.do?folderRsn=7E0cQ4HuVR13kjtVP32kWw%3D%3D
1151,Built,21 153866 ESC 21 SA,2021-05-12,"City-initiated development on a City-owned community housing property to add a Modular Housing six-storey building addition comprised of 57 bachelor units. The building will include common rooms, a dining room, program space and administrative offices. T",39 DUNDALK DR,21,3598.25,0,3598.25,57,http://app.toronto.ca/AIC/index.do?folderRsn=twYFbk1y2dRu3OsVSqEsbw%3D%3D
1152,Active,19 137322 STE 12 OZ,2019-04-08,Zoning By-Law Amendment to permit the development of a 28-storey residential building.,65 RAGLAN AVE,12,23466,145,23611,320,http://app.toronto.ca/AIC/index.do?folderRsn=1F9iE8HVhtIzLhTSv9TSIg%3D%3D
1153,Active,21 213425 STE 04 SA,2021-09-16,"Site Plan Approval for a 6-storey non-residential building for the purposes of a self-storage facility.  The proposed non-residential gross floor area is 14,742.55 square metres.",3470 DUNDAS ST W,4,0,14239.3,14239.3,0,http://app.toronto.ca/AIC/index.do?folderRsn=Ac3p04A4wmgUXezA98AQzQ%3D%3D
1154,Under Review,20 232879 STE 14 OZ,2020-12-22,"Proposal for a  residential apartment building with a height of 24-storeys, inclusive of a 4 storey podium  with ground related housing on Gowan Avenue.  The development proposes 424 dwelling units, 187 vehicle parking spaces and 425 bicycle parking spac",5 COSBURN AVE,14,27298,0,27298,424,http://app.toronto.ca/AIC/index.do?folderRsn=j4rj1Z9ZTeGb3%2FQIqRl6Fw%3D%3D
1155,Under Review,24 208060 NNY 15 OZ,2024-09-04,"Official Plan Amendment and Zoning By-law Amendment application to permit the redevelopment of the subject site with a 39-storey rental residential building (134.5 metres, including the mechanical penthouse). The proposed building will have a total gross",17 GLENAVY AVE,15,30410,0,30410,398,http://app.toronto.ca/AIC/index.do?folderRsn=Xz03dao28ooCEoEVh9GgCA%3D%3D
1156,Active,17 223999 STE 22 OZ,2017-08-28,"To construct a 27-storey rental residential tower containing 233 rental units and 135 below grade parking spaces and a total residential gross floor area of approximately 18,102square metres, and a non-residential gross floor area of 150 square metres.",265 BALLIOL ST,12,17952,150.5,18102.5,233,http://app.toronto.ca/AIC/index.do?folderRsn=%2BDywPD%2B9ztN6QeAby8rNlg%3D%3D
1157,Active,21 153650 STE 13 SA,2021-05-12,"Site Plan Approval for 33 and 24-storey mixed-use buildings having a residential gross floor area of 60,745 square metres and a non-residential gross floor area of 15,031 square metres.",261 QUEEN ST E,13,60745,15031,75776,795,http://app.toronto.ca/AIC/index.do?folderRsn=9F1HGuAIjzw%2BNnsuVnk2wQ%3D%3D
1158,Active,19 240160 STE 13 OZ,2019-10-23,"LPAT approved Official Plan/Zoning By-law Amendment application to facilitate the development of the site for a 40 storey plus partial 41st storey (129.2 m, mechanical penthouse inclusive) mixed-use building containing 220 square metres of non-residentia",20 MAITLAND ST,13,32681,219,32900,502,http://app.toronto.ca/AIC/index.do?folderRsn=ZZtXDHQufcELqJRhMXcykw%3D%3D
1159,Under Review,20 213392 NNY 06 OZ,2020-10-30,"Zoning By Law Amendment Application to permit redevelopment of existing 4 storey, 120 unit rental apartment building with a new building containing a 14 storey (50.15m) base building along Steeles Avenue West, with 39 (129.65m) and 33 (111.65m) storey to",1875 STEELES AVE W,6,79796,0,79796,960,http://app.toronto.ca/AIC/index.do?folderRsn=7pZyCRapH1eh1QZZfHfumw%3D%3D
1160,Under Review,22 141536 STE 10 OZ,2022-05-03,"Official Plan and Zoning By-law Amendment application to permit development above the Union Station rail corridor between Blue Jays Way and Bathurst Street. The revised proposal includes 9 mixed-use towers ranging in height from 36 to 72-storeys, a new C",595 FRONT ST W,10,494133,37117,531250,7986,http://app.toronto.ca/AIC/index.do?folderRsn=DrdfJIhXMtB%2F0yd9Gl8FYA%3D%3D
1161,Built,17 196947 STE 19 OZ,2017-07-12,"Zoning By-law Amendment to facilitate redevelopment of the site with a new  7-storey mid-rise mixed-use building.  The base of the building includes about 1,700 m2 of retail space and a residential lobby along College Street. The proposal includes 103 un",877 COLLEGE ST,9,10720,1658,12378,112,http://app.toronto.ca/AIC/index.do?folderRsn=OrmG91lbkr7BS1PyKtFXkw%3D%3D
1162,Active,18 270572 WET 02 OZ,2018-12-20,To amend the former City of Etobicoke Zoning Code and City of Toronto Zoning By-law No. 569-3013 to permit a 29-storey apartment building with 306 rental units. The existing 20-storey building would remain.  The proposed apartment building would have a,1 RICHVIEW RD,2,22450,0,22450,306,http://app.toronto.ca/AIC/index.do?folderRsn=xtpKMvRiqdli2C8cRFMoAg%3D%3D
1163,Active,19 130611 WET 05 SA,2019-03-25,Site Plan Control application to permit the construction of a gas station with a retail kiosk. The application proposes a partial demolition of the existing 2-storey building and construction of the retail kiosk with a gross floor area of 232 m2. The gas,1683 JANE ST,5,0,0,0,0,http://app.toronto.ca/AIC/index.do?folderRsn=xyh4cSE4oFYk4DQ%2Fj%2FPChg%3D%3D
1164,Under Review,23 138584 NNY 08 SA,2023-04-27,"Site plan control application to permit a 2-storey building, comprised of 1493 square metres of non-residential gross floor area, for a financial institution use.",3302 DUFFERIN ST,8,0,1493,1493,0,http://app.toronto.ca/AIC/index.do?folderRsn=w1JQJUCTY9IEj4F%2FSwqBhQ%3D%3D
1165,Active,15 258686 ESC 37 OZ,2015-11-30,"Official Plan Amendment application to add a Site and Area Specific Policy (""SASP"") to the property at 1966-2050 Eglinton Avenue East (RioCan lands) to permit a mixed-use development with new streets and parkland.",1966 EGLINTON AVE E,21,390168,6629,396797,4915,http://app.toronto.ca/AIC/index.do?folderRsn=liHqf%2FwtpEYTGM9PdMFQPA%3D%3D
1166,Under Review,24 211388 ESC 24 SA,2024-09-11,"A proposal to renovate the existing 15-storey rental apartment building, to allow the addition of  20 new residential units, on the ground and basement level, increasing the total number of residential units to 270. An addition of 179.21 square metres of",399 MARKHAM RD,24,1023.67,0,1023.67,20,http://app.toronto.ca/AIC/index.do?folderRsn=tBu7855%2BkpJ3cYvSQPnEkw%3D%3D
1167,Active,20 105668 NNY 06 SA,2020-01-17,"1) January 20. 2020: To amend the existing approved Site Plan 09 108730 NNY SA and Site Plan Agreement (dated Jan. 17, 2011) to add school ancillary play areas, relocate school ancillary play areas, and relocate the school ancillary parking area for St.",60 MANIZA RD,6,0,0,0,0,http://app.toronto.ca/AIC/index.do?folderRsn=WEz9KQx7f2f%2BP%2Bpk5ygJEw%3D%3D
1168,Active,20 177426 NNY 18 OZ,2020-08-07,"Zoning By Law and Official Plan Amendment application for the proposal to permit a 8 storey mixed use building with 58 residential units and 48 underground parking spaces. The total gross floor area would be 4,583 square metres,",105 SHEPPARD AVE E,18,4211,114,4325,58,http://app.toronto.ca/AIC/index.do?folderRsn=%2FLyXvrdlhecCeTaZRi%2BSRQ%3D%3D
1169,Built,12 210516 STE 28 SA,2012-07-12,"Site Plan approval application for the Bay-Adelaide Centre (NORTH TOWER) with a total building height of 32 storeys,  a 9 storey podium, 900m2 retail at grade, PATH connection, and 4 levels of underground parking with 227 parking spaces.",40 TEMPERANCE ST,13,0,73864,73864,0,http://app.toronto.ca/AIC/index.do?folderRsn=Mh%2B9ORCIYk0AbhcRuRc%2F6g%3D%3D
1170,Active,20 145142 ESC 25 SA,2020-05-13,To construct a one-storey industrial building.,610 CORONATION DR,25,0,6685.1,6685.1,0,http://app.toronto.ca/AIC/index.do?folderRsn=F7w4hPKph0KxkFafIecDkg%3D%3D
1171,Active,19 114174 NNY 06 OZ,2019-02-11,"Zoning By-law #228-2020 & OPA 309 & SASP 387City-initiated (Housing Now) zoning by-law amendment proposing a transit-oriented, mixed use development at 50 Wilson Heights Blvd. The proposed redevelopment of the commuter parking facility is comprised of th",50 WILSON HEIGHTS BLVD,6,95262,6363,101625,1464,http://app.toronto.ca/AIC/index.do?folderRsn=AflcgO%2BAcIIk8iePDe5o1A%3D%3D
1172,Under Review,22 168468 ESC 24 OZ,2022-06-27,"Proposed redevelopment of the subject site with a 20-storey mixed use building consisting of 320 residential units and 415 square metres of retail space. The proposal will have a total gross floor area of approximately 21,211.8 square metres.",4180 KINGSTON RD,24,20796.8,415,21211.8,320,http://app.toronto.ca/AIC/index.do?folderRsn=Py%2FuSJrmjwqiA0bOAcA%2FhA%3D%3D
1173,Under Review,24 214095 ESC 20 OZ,2024-09-17,"Rezoning application to permit the redevelopment of the subject lands with an 11 storey  (37 metre) mixed use development comprised of a toal of 14, 354 square metres of Gross Floor Area, including 13,763 square metres of residential GFA and 590 square m",1212-1238 KINGSTON RD,20,13763,590,14353,216,http://app.toronto.ca/AIC/index.do?folderRsn=TemXgwMr0JSFHHi3pVlhzw%3D%3D
1174,Active,21 203298 STE 04 SA,2021-08-24,"Site Plan Approval to convert the existing 1-storey place of worship into a 5-storey mixed-use building having a residential gross floor area of 1213.15 square metres, and a non-residential gross floor area of 142.48 square metres.  A total of 15 residen",3001 DUNDAS ST W,4,1213,140,1353,14,http://app.toronto.ca/AIC/index.do?folderRsn=tbs6ofPlFidc2LEugl3aYQ%3D%3D
1175,Built,19 154472 ESC 21 OZ,2019-05-15,"Official Plan Amendment application to establish a site-specific parkland dedication rate for the subject lands, which are within Scarborough Centre.  The application is being reviewed concurrently with the related Rezoning application to permit a 15-sto",1560 BRIMLEY RD,21,18593,127,18720,250,http://app.toronto.ca/AIC/index.do?folderRsn=lE1o3MypVE8V%2FpoxuKajsA%3D%3D
1176,Under Review,21 196655 WET 02 OZ,2021-08-11,"The proposal seeks to redevelop the western portion of the site with a 22 storey tower with a 5-storey base. The total building height of would be 69.15 metres, excluding the mechanical penthouse.  The proposed new building would contain 232 new rental d",580 THE EAST MALL,2,17803,0,17803,232,http://app.toronto.ca/AIC/index.do?folderRsn=UWukpo8ysb2%2FQWhmKuEEcQ%3D%3D
1177,Active,21 110357 ESC 24 OZ,2021-01-29,"Zoning By Law Amendment application to lift the ""H"".  Development comprising of a 26-storey mixed-use building with commercial at grade and residential above.Concurrent Site Plan Control application 21 100349 ESC 24 SA.",3070 ELLESMERE RD,24,23946,400,24346,246,http://app.toronto.ca/AIC/index.do?folderRsn=iO7DVD%2BOkm7j43Q9vFInXQ%3D%3D
1178,Under Review,24 140234 STE 13 OZ,2024-04-24,"Official Plan and Zoning By-law Amendment to permit a 63-storey residential building including a total of 50,580.8 square metres of residential gross floor area which will result in a total of 730 total dwelling units.",5 HUNTLEY ST,13,48755,0,48755,710,http://app.toronto.ca/AIC/index.do?folderRsn=3cQU34I%2FYjc1bgBEK%2B%2Brmg%3D%3D
1179,Active,20 204893 WET 03 OZ,2020-10-09,"Proposed 4 storey apartment building fronting on Thirty First Street, featuring a total of 8 residential units and Gross Floor Area of 876.5 m2 (FSI of 1.6).",105 THIRTY FIRST ST,3,876,0,876,8,http://app.toronto.ca/AIC/index.do?folderRsn=3TRGtIyp1GzLqKyHjc%2BcxQ%3D%3D
1180,Active,20 204828 WET 03 OZ,2020-10-09,"Proposed 6 storey apartment building fronting on Lake Shore Blvd W featuring a total of 19 residential units with 1,377.8 m2 of residential space, 194m2 of commercial space, for a total Gross Floor Area of 1571.8 m2 and an FSI of 3.0.",3471 LAKE SHORE BLVD W,3,1377,194,1571,19,http://app.toronto.ca/AIC/index.do?folderRsn=mcjy1u8AcHxqItJL7V4PYQ%3D%3D
1181,Built,13 156471 STE 30 OZ,2013-04-24,Proposal to construct a 6-storey mixed use building with 292 square metres of non-residential uses at grade and 48 dwelling units above.  A total of 23 parking spaces are proposed in a parking stacker system.  Parking would be accessed via the public lan,1075 QUEEN ST E,14,4226,269,4495,48,
1182,Active,15 236783 STE 30 OZ,2015-10-13,East Donlands Official Plan Amendment -  The purpose of the OPA application is to initiate a policy review to begin comprehensive planning of the Unilever site and adjacent lands.The Planning Rationale includes a draft Official Plan Amendment which propo,21 DON VALLEY PKWY,14,302000,926000,1228000,4300,http://app.toronto.ca/DevelopmentApplications/associatedApplicationsList.do?action=init&folderRsn=3841399&isCofASearch=false
1183,Active,22 128942 STE 19 OZ,2022-03-31,"Zoning By-law & Official Plan Amendment application to facilitate the redevelopment of the site for a 6-storey (19.9 metres plus 3.5 metre mechanical penthouse) residential building having a gross floor area of 5,756 square metres, and containing 86 resi",73 WOODBINE AVE,19,5756,0,5756,86,http://app.toronto.ca/AIC/index.do?folderRsn=aMQDAfK%2FRh7xcPChRX9BCA%3D%3D
1184,Under Review,22 223328 NNY 06 OZ,2022-10-28,"The proposed redevelopment introduces a new 29 storey apartment building contains 259 apartment units. The proposal introduces 21,236.80 sq.m. of residential GFA, along with 823 m2 of indoor amenity space and 272m2 of outdoor amenity space. The site curr",25 CEDARCROFT BLVD,6,20958.9,0,20958.9,316,http://app.toronto.ca/AIC/index.do?folderRsn=lbhIMBgp0wYh%2BIMgIz%2FxRg%3D%3D
1185,Under Review,16 204453 WET 02 SA,2016-08-10,"To construct two institutional buildings to house an ambulance depot and a vehicle depot (approx. 14m/one-storey in height) totalling 1,941 square metres in size. The proposal would include 772 square metres of landscaped open space and 26 surface parkin",40 QUEENS PLATE DR,1,0,1941,1941,0,http://app.toronto.ca/AIC/index.do?folderRsn=ca9UVLOwj6KVsspWdCxDiw%3D%3D
1186,Built,15 135412 ESC 42 SA,2015-04-01,Proposal for a four storey office building,2225 MARKHAM RD,23,0,5141.48,5141.48,0,
1187,Active,17 188915 WET 05 OZ,2017-06-28,Offical Plan Amendment and Rezoning application to construct a 14 storey retirement and assisted living facility.,3429 BLOOR ST W,3,0,13725,13725,0,http://app.toronto.ca/AIC/index.do?folderRsn=nInx%2FeVqQAVQSx3a4BD9sA%3D%3D
1188,Active,20 120437 WET 03 SA,2020-02-28,"Two site plan applications have been submitted for the site formerly known as 15-19 Cordova Avenue. The south building, located now at 60 Central Park Roadway, would be 27-storeys and have a total gross floor area of 23, 696 m2. It will contain 355 resid",15 CORDOVA AVE,3,23696,0,23696,354,http://app.toronto.ca/AIC/index.do?folderRsn=IzRrSHLkZq6%2BRdnb1PuYFA%3D%3D
1189,Under Review,22 135811 WET 01 OZ,2022-04-19,"Official Plan and Zoning By-law Amendment applications to permit the redevelopment of the site. The applicant is proposing to demolish the 18 dwellings on Adriatic Road to facilitate three new residential apartment buildings having heights of 22 storeys,",1 ADRIATIC RD,1,64249.5,0,64249.5,947,http://app.toronto.ca/AIC/index.do?folderRsn=DRTOw7Dzseb9bvL4l4bSpA%3D%3D
1190,Active,20 120401 WET 03 SA,2020-02-28,"There are two site plan applications submitted for the lands formerly known as 15-19 Cordova Avenue. The North building, now 25 Cordova Avenue, would be 20-storeys high and have a total gross floor area of 20,261 and would contain 257 residential units a",15 CORDOVA AVE,3,20261,0,20261,257,http://app.toronto.ca/AIC/index.do?folderRsn=m6sARNxlqohFD6Wj%2FSY10A%3D%3D
1191,Active,13 195001 NNY 23 OZ,2013-06-26,The applicaiton proposes a 4-storey residential apartment with 22 units proposed as a retirement residence.,72 CHURCH AVE,18,1507.3,0,1507.3,14,http://app.toronto.ca/AIC/index.do?folderRsn=0GcxgRQj1j8IVmTHVzKq0A%3D%3D
1192,Active,21 240661 ESC 21 OZ,2021-11-23,"Zoning By-law Amendment application to permit a 12-storey mixed-use building with 187 dwelling units retail at-grade and three levels of below-grade parking containing 218 vehicular parking spaces. The proposed total gross floor area is 14,533 square met",36 ELLESMERE RD,21,14330.9,202,14532.9,187,http://app.toronto.ca/AIC/index.do?folderRsn=bX%2FMhKcTUjTyYceNVVm1Yw%3D%3D
1193,Active,19 251045 ESC 21 OZ,2019-11-19,"Official Plan Amendment application to add new policies to the Official Plan for the lands located at 860 Pharmacy Ave, 9-23 and 32-40 Craigton Dr, and 1 Rannock St  (Starlight lands), which is located within the Golden Mile Secondary Plan Study Area.  T",860 PHARMACY AVE,21,122559,1555,124114,1333,http://app.toronto.ca/AIC/index.do?folderRsn=6HBsfQd%2F%2BZhuPwMTEVB5Ig%3D%3D
1194,Under Review,19 130414 STE 11 SA,2019-03-25,Proposal to alter the existing 2 ½-storey mixed-use building by demolishing the first and second storey rear portion and constructing a new rear three-storey addition with retail at grade and four residential rental units above.,165 BRUNSWICK AVE,11,152.91,57.72,210.63,3,http://app.toronto.ca/AIC/index.do?folderRsn=dCJu6l1XmPBb5ifrX9nHJA%3D%3D
1195,Active,22 194681 WET 03 OZ,2022-08-23,"Official Plan and Zoning By-law Amendment application to permit a 39-storey residential building with 436 dwelling units, a total gross floor area of 25,017 square metres, resulting in a floor space index of 16.9 times the lot area.  25 parking spaces ar",5 JOPLING AVE S,3,24860,210,25070,437,http://app.toronto.ca/AIC/index.do?folderRsn=soBjfdfNOrFjTLq%2FzLbvaQ%3D%3D
1196,Active,21 113003 STE 14 OZ,2021-02-05,"Proposal for a 3-storey addition atop an existing 3-storey non-residential building, as well as a rear 4-storey addition to the building.  The proposed additions will accommodate 19 residential dwelling units, and be comprised of 1535 square metres of re",741 BROADVIEW AVE,14,1254.3,363.6,1617.9,19,http://app.toronto.ca/AIC/index.do?folderRsn=Fdl2d%2FHT%2FFccby4MuBSIzg%3D%3D
1197,Active,19 117787 NNY 17 OZ,2019-02-21,To construct two mid-rise residential apartment buildings and the retention of the existing centrally located 15-storey apartment building,20 GODSTONE RD,17,15050,0,15050,195,http://app.toronto.ca/AIC/index.do?folderRsn=fn0uvF8xDtiDaYFrGRFkew%3D%3D
1198,Under Review,18 148195 STE 28 OZ,2018-04-24,"Official Plan and Zoning By-law Amendment applications to permit three new buildings on the lands, comprising a 58-storey mixed-use condominium building with 4,060 square metres of non-residential uses in the lower floors and 741 dwelling units, a 21-sto",240 WELLESLEY ST E,13,73890,4370,78260,1109,http://app.toronto.ca/AIC/index.do?folderRsn=icRxtrCgnBgKN8UVV%2Brtcw%3D%3D
1199,Active,19 263788 NNY 15 OZ,2019-12-20,Application to amend the Zoning By-law to permit a 23-storey mixed use building containing 250 residential units and 277 square metres of retail gross floor area,717 MOUNT PLEASANT RD,15,21253.8,258.7,21512.5,325,http://app.toronto.ca/AIC/index.do?folderRsn=qN9K9tYy4HQG7yxkVnYvnw%3D%3D
1200,Built,13 139447 WET 12 SA,2013-03-24,Eglinton Crosstown LRT - Mount Dennis Station,3500 EGLINTON AVE W,5,0,6766,6766,0,http://app.toronto.ca/AIC/index.do?folderRsn=sJqCUJ5kyAHimhuvw%2FzJVA%3D%3D
1201,Under Review,21 226750 NNY 18 OZ,2021-10-16,"Official Plan and Zoning By-law Amendment Application to facilitate the development of the site for a mixed use development comprised of 13- and 14-storey apartment buildings, and two 4-storey back to back townhouse buildings.  The proposed residential g",150-160 CACTUS AVE,18,36850,0,36850,469,http://app.toronto.ca/AIC/index.do?folderRsn=qRXAamPMxBbXUq0ePvDoYA%3D%3D
1202,Active,18 136695 STE 28 OZ,2018-03-29,Official Plan and Zoning By-law Amendment application to permit the development of a residential/mixed-use building,161 PARLIAMENT ST,13,32081,3619,35700,467,http://app.toronto.ca/AIC/index.do?folderRsn=TiMpe9uf1QJwjsqfn2Gd6g%3D%3D
1203,Under Review,21 235446 STE 13 OZ,2021-11-08,"Zoning By-law Amendment application for a 60-storey mixed-use building with 1,757 square metres of non-residential gross floor area on the first five storeys and 256 dwelling units above. Portions of the south and west facades of the existing designated",49 YONGE ST,13,19890,51,19941,247,http://app.toronto.ca/AIC/index.do?folderRsn=nJzZUrLdaQxV5hxfU7e0Xw%3D%3D
1204,Active,14 169650 NNY 26 OZ,2014-06-06,"Proposed two mid-rise buildings (7-storey and 8 storey) consisting of 23,561 square metres of older adult living accomodations. The 8-storey building will be retirement rental accomodations and the 7-storey building will be a condominium for older adults",146 LAIRD DR,15,21466,0,21466,255,
1205,Under Review,23 167792 STE 10 OZ,2023-06-29,"Proposed Official Plan and Zoning By-law Amendments for Quayside Master Plan Blocks 3b, 4 and 5. The proposal for Blocks 3b, 4 and 5 includes two residential towers and one mid-rise building, collectively accommodating 8,988 square metres of non-resident",333 LAKE SHORE BLVD E,10,119405,9530,128935,1886,http://app.toronto.ca/AIC/index.do?folderRsn=i3UI3x2KerVbU%2F%2FriKHF3Q%3D%3D
1206,Built,13 123068 NNY 25 OZ,2013-02-21,Revised rezoning application to redevelop the lands with a new mixed use building10 storeys 31.75 m145 residential units of which 28 are rental replacement unitsretail at grade164 parking spaces in 3 levels of underground parking,2779 YONGE ST,15,12315,550,12865,88,http://app.toronto.ca/AIC/index.do?folderRsn=TuSEN1mGybamqHfG7Wg2%2FA%3D%3D
1207,Built,17 278869 NNY 15 OZ,2017-12-22,8-storey mixed use building with at-grade retail uses. 141 residential units; 86 parking spaces and 148 bicycle parking spaces. Access via a private laneway along north property line and connecting to Croham Road. Concurrent site plan application. By-law,2270 EGLINTON AVE W,8,9827.7,749.7,10577.4,141,http://app.toronto.ca/AIC/index.do?folderRsn=UD0w1S1dUxUo4GNSVN3vuw%3D%3D
1208,Active,05 106821 WET 01 OZ,2005-02-04,"5-storey senior residential apartment building,",136 WESTMORE DR,1,8166,0,8166,146,
1209,Under Review,21 121792 NNY 08 OZ,2021-03-01,"Zoning By Law Amendment application to permit a 9-storey mixed-use building on the front (east) portion of the subject site, fronting onto Dufferin Street (Block 1), with retail fronting Dufferin Street and grade-related townhouses facing Samor Road to t",3180 DUFFERIN ST,8,79994.8,1490,81484.8,1180,http://app.toronto.ca/AIC/index.do?folderRsn=8LByCxEUqU7Db2urnc8yYw%3D%3D
1210,Active,16 270614 ESC 38 OZ,2016-12-23,Proposal to redevelop the current retail plaza site with a 34-storey mixed use development consisting of a 6-storey podium and 331 residential units.,1021-1035 MARKHAM RD,24,24180.5,2179.6,26360.1,333,http://app.toronto.ca/AIC/index.do?folderRsn=BzLhNwwCUwu%2FL9aFKtinzg%3D%3D
1211,Built,17 257307 WET 05 OZ,2017-11-02,"To construct a 10-storey mixed-use building (including a mezzanine level) with commercial at grade. The development would have a gross floor area of 9912 m2, of which 230 m2 would be non-residential gross floor area. The P4 level of the proposal has been",1197 THE QUEENSWAY,3,9667,221,9888,142,http://app.toronto.ca/AIC/index.do?folderRsn=IqlI%2BNzUuFcFaZRESOoxlw%3D%3D
1212,Built,20 151725 WET 01 SA,2020-06-03,Finch West LRT Humber College terminal stop,203-205 HUMBER COLLEGE BLVD,1,0,2876,2876,0,http://app.toronto.ca/AIC/index.do?folderRsn=%2FMWqVNC0XIrU%2BBoS5xNQUw%3D%3D
1213,Active,16 155576 NNY 25 OZ,2016-05-13,The application proposes to demolish the two existing single family dwellings and construct six townhouse units facing Bayview Avenue and one single family detached dwelling facing Heathcote Avenue. An application for Site Plan Control has been submitted,2619 BAYVIEW AVE,15,3301.19,0,3301.19,11,http://app.toronto.ca/DevelopmentApplications/associatedApplicationsList.do?action=init&folderRsn=3950611&isCofASearch=false
1214,Active,23 238365 STE 13 OZ,2023-12-22,Zoning By-law Amendment to permit a 45-storey mixed-use building having a non-residential gross floor area of 733.25 square metres and a resdiential gross floor area of 41.700.29 square metres. 556 residential units are proposed.,517 RICHMOND ST E,13,41595,168,41763,660,http://app.toronto.ca/AIC/index.do?folderRsn=3AO%2FrszW4Y6UEXoaVaDfPg%3D%3D
1215,Active,17 187979 NNY 25 OZ,2017-06-27,"Lifting of (H) from HOS (1) (H), in association with a new wing addition (8,121 m2)  for brain science facility at Sunnybrook Hospital.  Applicant never completed conditions for Bills to Council.",2075 BAYVIEW AVE,15,0,11161,11161,0,http://app.toronto.ca/AIC/index.do?folderRsn=kZI4lgyF3CwfDdYuCTdMRw%3D%3D
1216,Active,22 154005 ESC 23 OZ,2022-05-30,Rezoning for proposed addition to existing industrial building.,5610 FINCH AVE E,23,0,14174,14174,0,http://app.toronto.ca/AIC/index.do?folderRsn=2a2bC1n5YGrFJUVvY%2F4XsQ%3D%3D
1217,Active,23 138754 STE 13 OZ,2023-04-27,Official Plan Amendment & Rezoning for a 69-storey residential building that will contain 872 residential dwelling units (including rental replacement units).,576 SHERBOURNE ST,13,53934,0,53934,872,http://app.toronto.ca/AIC/index.do?folderRsn=DkQq%2BtQA23WysT7ENrbXNg%3D%3D
1218,Active,22 204780 STE 13 OZ,2022-09-16,"Official Plan and zoning amendment application to construct a 46-storey tower with 616 dwelling units,  479 square metres non-residential gfa. and 141 square metres of privately-owned, publicly accessible open space.",214 SHERBOURNE ST,13,40846,59,40905,616,http://app.toronto.ca/AIC/index.do?folderRsn=cJnByf1krq0UYc1FDiQlZg%3D%3D
1219,Active,23 233851 ESC 20 OZ,2023-12-08,"Official Plan and Zoning By-law Amendement applications for a 9-storey, 29.12 metre (32.32 incl. mech), 8,429.4 square metre, mixed use building with 218.9 square metres of ground floor commercial space. The project proposes 113 residential units, 114 bi",565 KENNEDY RD   1,20,7055.8,219.9,7275.7,113,http://app.toronto.ca/AIC/index.do?folderRsn=ckAYKK1ivFcsqX3MB5%2F24g%3D%3D
1220,Active,21 146018 WET 03 OZ,2021-04-26,"The application seeks to permit a two-storey, six-unit residential addition to the existing triplex on the subject property, resulting in a total of nine units on site.",408 HORNER AVE,3,470,0,470,6,http://app.toronto.ca/AIC/index.do?folderRsn=LszgvhNqoNbQy%2Fnn%2Bo%2B7vg%3D%3D
1221,Active,22 205463 ESC 25 OZ,2022-09-19,"REVISED: Proposal for two residential buildings 18 and 28 storeys in height, with a 6-storey podium. A total of 518 dwellings are proposed. The proposed density is 8.2 FSI. ORIGINAL: Redevelopment of the subject site with two residential buildings of 15",255 MORNINGSIDE AVE,25,37174,668,37842,518,http://app.toronto.ca/AIC/index.do?folderRsn=UDy885LRXco1eQSVIcVxyA%3D%3D
1222,Active,22 125367 ESC 24 OZ,2022-03-22,Proposal for a development consisting of an 11-storey mixed-use building with retail uses at grade and residential uses above and a seven-storey residential building with both at-grade and below-grade parking and at-grade outdoor amenity. The proposed de,4212 KINGSTON RD,24,20494.89,245.73,20740.62,271,http://app.toronto.ca/AIC/index.do?folderRsn=tlexxYqg4O8sb2tq0oOdjQ%3D%3D
1223,Active,21 239174 STE 12 OZ,2021-11-18,"Zoning By-law Amendment application to facilitate the redevelopment of the site for a 15-storey mixed-use building having a non-residential gross floor area of 200.80 square metres, and a residential gross floor area of 10,225.60 square metres.  59 resid",1196 YONGE ST,12,10226.6,200.8,10427.4,67,http://app.toronto.ca/AIC/index.do?folderRsn=%2FRH5FM9Zn9Tbn0pot9kuyQ%3D%3D
1224,Active,21 122566 NNY 08 SA,2021-03-03,Site Plan application to permit  the proposal for the existing secondary school at 60 Playfair Avenue to be converted to the Regina Mundi Elementary School and Child Care and a new Dante Alighieri Academy secondary school will be built at 70 Playfair Ave,60 PLAYFAIR AVE,8,0,14393,14393,0,http://app.toronto.ca/AIC/index.do?folderRsn=yB0PcFdMBTbIeMxHyW%2B9KA%3D%3D
1225,Active,21 146121 STE 10 OZ,2021-04-26,"Revised Official Plan and Zoning By-law Amendment application to demolish the existing building situated at the southeast corner of the block at 310, 320 and 330 Front Street West and to redevelop this portion of the block with a 65-storey mixed-use buil",320 FRONT ST W,10,109555,743,110298,1782,http://app.toronto.ca/AIC/index.do?folderRsn=kOYr3AhaHRH6DeqleKpgWw%3D%3D
1226,Under Review,21 157799 STE 04 SA,2021-05-20,"Site Plan Approval for a 3-storey mixed-use building having a non-residential gross floor area of 198.34square metres, and a residential gross floor area of 341.46 square metres.  A total of 3 residential units are proposed on the lot.",12 WINDERMERE AVE,4,341,198,539,3,http://app.toronto.ca/AIC/index.do?folderRsn=f1CrhhsTAc7a7GnlGIUbMg%3D%3D
1227,Active,15 206976 STE 28 OZ,2015-08-14,"Redevelopment of the subject properties for a 51-storey rental building, with retail uses at grade. As part of these applications they are also proposing to reconfigure St. James Town West Park, and make significant improvements to it. The existing herit",545 SHERBOURNE ST,13,34600,400,35000,532,http://app.toronto.ca/AIC/index.do?folderRsn=7btxUjihKmowwqggA9F5gg%3D%3D
1228,Under Review,22 177066 NNY 15 OZ,2022-07-14,"Zoning By-law Amendment for a 31-storey (102.25 metre height) residential and commercial mixed-use building. 434 residential units are proposed with  550 square metres of retail. The total gross floor area of the project is 29,500 square metres (FSI  13.",2 GLAZEBROOK AVE,15,28268.7,557,28825.7,428,http://app.toronto.ca/AIC/index.do?folderRsn=u3lv%2FdqCRE6kLoVvxIUIbA%3D%3D
1229,Under Review,24 226540 STE 10 OZ,2024-10-15,Combined Official Plan Amendment (OPA) & Zoning By-law Amendment (ZBA) for a 7-storey building containing 42 units.,14 GRANGE AVE,10,2088.7,0,2088.7,42,http://app.toronto.ca/AIC/index.do?folderRsn=2X1BQsoz%2Bk5fv5qx99Ex5Q%3D%3D
1230,Active,18 172768 STE 22 OZ,2018-06-06,Application to amend the Official Plan and Zoning By-law to permit a 13-storey building (49.65 metres to the top of the mechanical penthouse). The proposal includes 51 residential units as well as 93 parking spaces in a three level underground parking ga,276 MERTON ST,12,7652,0,7652,91,http://app.toronto.ca/AIC/index.do?folderRsn=mrbZDT9XWKWMjiAMIkJ3mA%3D%3D
1231,Active,18 162912 ESC 35 SA,2018-05-22,"Current Proposal and sixth circulation: proposal for a 9-storey mixed-use building plus mechanical penthouse with 206 dwelling units; 1,615.9 square metres of retail space at grade. Minor Variances were approved on September 22, 2021 under File Number A0",743 WARDEN AVE,20,12637.6,1615.9,14253.5,206,http://app.toronto.ca/AIC/index.do?folderRsn=nvH6YNTV9qJHrALKuBCRFg%3D%3D
1232,Under Review,24 228228 STE 10 OZ,2024-10-18,"Zoning By-law Amendment application for  a 49-storey mixed use building (not including mechanical penthouse), containing approximately 128 square metres of non-residential floor area at grade, and 511 apartment dwelling units.The proposed development has",10 LOWER SPADINA AVE,10,32235.5,128.1,32363.6,511,http://app.toronto.ca/AIC/index.do?folderRsn=lYnkoevvHrAiu36DxEK7HQ%3D%3D
1233,Built,13 280729 STE 28 SA,2013-12-20,Site plan control application for the new St .Lawrence Market North building. The proposed building is 5 storeys in height (24.5 m).  The total proposed non-residential gross floor area is 9543 square metres and will include 250 underground parking space,92 FRONT ST E,13,0,9543.2,9543.2,0,http://app.toronto.ca/AIC/index.do?folderRsn=V2irPzsgOxI0kBILwzpVcg%3D%3D
1234,Active,22 184095 NNY 16 OZ,2022-07-29,"Proposed two residential towers of 55 and 48 storeys with 1128 residential units. A portion of existing listed heritage building (Japanese Canadian Cultural Centre) will be preserved. A total of 78,659.75 square metres of residential GFA are proposed (FS",123 WYNFORD DR,16,73705.71,313.13,74018.84,1126,http://app.toronto.ca/AIC/index.do?folderRsn=ToD0JyrGi06ecPalDexUdQ%3D%3D
1235,Active,19 202364 ESC 20 SA,2019-08-08,"The applicant had NOAC issued, however, it was not executed and the NOAC expired as the owner sold the business. The new Owner started a new SPA file with a new proposal (2021 250985 ESC 20 SA). This new owner also sold the business in the middle of the",43 UPTON RD,20,0,6217.9,6217.9,0,http://app.toronto.ca/AIC/index.do?folderRsn=AATpdU6FCDmZdKHQNk9vBQ%3D%3D
1236,Active,19 210278 STE 10 OZ,2019-08-22,"Zoning By-law amendment application to permit a 60-storey mixed-use building consisting of a 13-storey office podium, and a 47-storey residential tower above.  The proposal includes 14,540 m2 non-residential floor area and 512 dwelling units.",145 WELLINGTON ST W,10,54007.8,206.3,54214.1,861,http://app.toronto.ca/AIC/index.do?folderRsn=4hRhI3t64VdNzfY4vst%2FMA%3D%3D
1237,Built,18 263017 NNY 24 SA,2018-11-30,"Two residential towers, 18 and 29 storeys with five levels of underground parking, 30 townhouses (3 storey and stacked townhouse form) which are all part of one building having access either from an internal corridor or direct access at grade.  A two sto",1001 SHEPPARD AVE E,17,41466.03,0,41466.03,466,http://app.toronto.ca/AIC/index.do?folderRsn=bery6%2FbWivyfU3se1SVKCw%3D%3D
1238,Built,18 260298 STE 27 OZ,2018-11-23,"Zoning By-law Amendment application to permit a 13-storey (65 metres, including mechanical penthouse) institutional building with a gross floor area of approximately 17,900 square metres. The existing building on the site would be demolished.",112 COLLEGE ST,11,0,17270,17270,0,http://app.toronto.ca/AIC/index.do?folderRsn=YTUk8t0ctD8V2p5Ftpb4sg%3D%3D
1239,Under Review,21 182017 WET 05 OZ,2021-07-09,"5 and 43 Junction Road   The revised application seeks approval for the redevelopment of 5 and 43 Junction Road, proposing the construction of six residential towers with heights ranging from 15 to 35 storeys. These towers will feature mid-rise podiums t",43 JUNCTION RD,5,124834.06,3094.64,127928.7,2001,http://app.toronto.ca/AIC/index.do?folderRsn=NOiPftWh4Yv5Dy1fWoqfVg%3D%3D
1240,Active,17 183044 STE 30 OZ,2017-06-19,"A request to rezone the lands at 1001 Queen Street East to allow a six storey building totalling 20 metres in height with ground floor retail and residential above.  2,364 m2 of residential gross floor area and 254 m2 retail gross floor area are propose",1001 QUEEN ST E,14,2342.1,144.3,2486.4,28,http://app.toronto.ca/DevelopmentApplications/associatedApplicationsList.do?action=init&folderRsn=4188193&isCofASearch=false
1241,Active,19 228020 NNY 06 SA,2019-09-27,Site Plan application for the proposal to construct a new 2 storey hospice with 12 resident rooms with administrastive and support spaces on existing vacant lot. The 12 resident rooms are located in the one storey block on the southern end of the site (B,25 BRIGHTWOOD ST,6,0,2061,2061,0,http://app.toronto.ca/AIC/index.do?folderRsn=D44dhHF8or95kkwYKbOG3g%3D%3D
1242,Active,17 173706 STE 22 OZ,2017-06-05,"This development application proposes to amend the Official Plan and Zoning By-law  to  permit a residential rental  building at 37 storeys in height including a 5-storey base building.  The proposed building would contain 352 apartment units, 126 reside",30 MERTON ST,12,24347.2,340.2,24687.4,322,http://app.toronto.ca/AIC/index.do?folderRsn=qdQpQEcnGuYfplWGPYKZNA%3D%3D
1243,Under Review,23 129052 NNY 06 OZ,2023-03-30,Application to amend the Official Plan and Zoning By-law to permit a 11-storey building containing 156 dwelling units and 388.82 square metres of at-grade commercial uses.,2801 KEELE ST,6,14310.49,615.38,14925.87,186,http://app.toronto.ca/AIC/index.do?folderRsn=bywyfCBepqI0NBMJpZSmcA%3D%3D
1244,Active,21 232816 WET 03 OZ,2021-11-01,"The application is proposing four development blocks, containing five buildings with two eight-storey midrise building components along Bloor Street West and five tower components with heights of 25, 36, 41, 43 and 45 storeys. The overall development pro",5230 DUNDAS ST W,3,149492,4859,154351,2387,http://app.toronto.ca/AIC/index.do?folderRsn=y21Z0QkdWsR1vB6XzcxT7A%3D%3D
1245,Active,16 208768 NNY 10 OZ,2016-08-17,"A 9-storey residential building containing 85 residential dwelling units and 84 parking spaces.LPAT approved on Apr 27, 2020, with conditions, will need more circs.",128 GORMAN PARK RD,6,14313.7,1060,15373.7,170,
1246,Built,18 146844 ESC 39 OZ,2018-04-20,Development comprising of 4 blocks of stacked townhomes comprising of 142 residential units.,3453 VICTORIA PARK AVE,22,13682,0,13682,142,http://app.toronto.ca/AIC/index.do?folderRsn=e3u7JmLUO9rWInhmtSt7aw%3D%3D
1247,Under Review,22 227435 STE 13 OZ,2022-11-08,"Zoning By-law and Official Plan amendment for a new 43-storey mixed-use building on the subject site. The existing 8-and-12-storey student residence will be retained on the subject site, with the northern-most bay of the northern 8-storey portion of that",398 CHURCH ST,13,28709,215,28924,456,http://app.toronto.ca/AIC/index.do?folderRsn=G17%2FYXA7OupndH8hqWb6Hg%3D%3D
1248,Under Review,18 154389 ESC 36 OZ,2018-05-07,"Application to amend the Official Plan and Zoning By-laws to permit the development of two residential apartment buildings at 80 Dale Avenue and parkland at 66 Dale Avenue. The apartment buildings would be 7 and 12-storeys in height, comprised of a total",80 DALE AVE,24,15552.9,0,15552.9,285,http://app.toronto.ca/AIC/index.do?folderRsn=Tt5vSXTTd8AyWM6qWhxhOg%3D%3D
1249,Built,18 135955 WET 17 OZ,2018-03-28,"11-storey midrise mixed-use building (Block A) and four blocks of townhouses (Blocks B-E), sitting on top of a two level below grade common parking garage. The application includes a total of 229 residential units consisting of 76 townhouse units located",423 OLD WESTON RD,9,18649,532,19181,229,http://app.toronto.ca/AIC/index.do?folderRsn=TBqQnfaZwHTcY344aKYaEg%3D%3D
1250,Active,16 264958 STE 32 OZ,2016-12-15,"Rezoning and OPA to allow a proposed 8-storey apartment building with 30 residential units and 39  below grade parking spaces.  Access from Kingston Road, total GFA of 4,170 m.sq, 3.3 FSI.",507 KINGSTON RD,19,6043,0,6043,90,http://app.toronto.ca/AIC/index.do?folderRsn=YiOP3zaw7X9w8wTxHoZroA%3D%3D
1251,Under Review,24 231270 STE 14 SA,2024-10-25,Site Plan Approval for the Pape Station as part of the Ontario Line Subway,680 DANFORTH AVE,14,0,1577,1577,0,http://app.toronto.ca/AIC/index.do?folderRsn=U0xQVVWi0EINBL612uipyA%3D%3D
1252,Active,21 189632 STE 13 OZ,2021-07-26,"Zoning By-law Amendment application to facilitate the development of the site for a 49-storey residential building.  The proposed residential gross floor area is 26,923 square metres.  A total of 483 residential dwelling units are proposed, of which, 32",383 SHERBOURNE ST,13,18792,0,18792,346,http://app.toronto.ca/AIC/index.do?folderRsn=kjIEqcDblyrTGKSKNGVIUg%3D%3D
1253,Under Review,22 108032 NNY 18 OZ,2022-01-27,Official Plan and Zoning By-law Amendment to facilitate the redevelopment of the site for two 14-storey mixed-use buildings having a total gross floor area of 29.476 square metres.  A total of 457 residential dwelling units are proposed.,6167 YONGE ST,18,28889,714,29603,461,http://app.toronto.ca/AIC/index.do?folderRsn=qYBjxDkf0CQZODyPSLY%2Bgw%3D%3D
1254,Active,20 160281 ESC 24 OZ,2020-06-25,"The owners have submitted an Official Plan Amendment application (Scarborough Centre Secondary Plan - Policy 6.3) to establish a cap on parkland dedication for the site. This OPA is associated with Site Plan Application No.19 256766 ESC 24 SA, which prop",5 CORPORATE DR,24,68276.87,725.45,69002.32,778,http://app.toronto.ca/AIC/index.do?folderRsn=v4wMJV4h9G0xM2h65fDgkw%3D%3D
1255,Under Review,18 225642 STE 20 OZ,2018-09-14,"Revised Zoning By-law Amendment application to facilitate the redevelopment of the subject site with a 9-storey office building having a height of 41.1 metres (including the Mechanical Penthouse), which will also include commercial uses within a 2-storey",578 KING ST W,10,0,4664.9,4664.9,0,http://app.toronto.ca/AIC/index.do?folderRsn=gUynnICt1y4TthCQIo2hZg%3D%3D
1256,Active,20 212119 WET 05 OZ,2020-10-28,"To amend the former City of North York Zoning By-law No. 7625 and City of Toronto Zoning By-law No. 569-2013 to permit a residential development  comprised of 8 semi-detached dwelling units and 20 townhouse units, situated within three blocks. The propos",349 QUEENS DR,5,6968,0,6968,28,http://app.toronto.ca/AIC/index.do?folderRsn=gRS0gikmZ9mEwKXdIO4JXA%3D%3D
1257,Built,13 180220 NNY 24 SA,2013-06-03,Proposal for 50 stacked townhouse dwelling units together with one level of underground parking on the northern portion of the subject lands.,784 SHEPPARD AVE E,17,4850,0,4850,50,
1258,Under Review,23 228917 WET 03 OZ,2023-11-23,"The proposed development consists of a 26-storey mixed use building, containing 352 dwelling units with retail uses at-grade. The proposed net density is 8.83 times the area of the lot. The total building height is 80.47 metres, exclusive of the 5-metre-",210 ISLINGTON AVE,3,22202.65,1000,23202.65,352,http://app.toronto.ca/AIC/index.do?folderRsn=vjC6381trpkrM9f6buKJOw%3D%3D
1259,Active,13 244451 ESC 40 OZ,2013-10-01,City Initiated Zoning By-law amendment of the northern portion of 1251 Bridletowne Circle to permit a  multi-purpose community centre.,1355 BRIDLETOWNE CRCL,22,0,12932,12932,0,
1260,Built,13 162096 WET 07 OZ,2013-05-03,Proposed amendments to the City of North York Zoning By-law No. 7625 to permit the development of 21 residential semidetached buildings (42 dwellings).  See folder 13 162112 WET 07 SB for related subdivision application.,135 PLUNKETT RD,7,6520,0,6520,42,http://app.toronto.ca/DevelopmentApplications/associatedApplicationsList.do?action=init&folderRsn=3347282&isCofASearch=false
1261,Active,21 125701 STE 13 OZ,2021-03-11,"Proposal for a 32-storey mixed-use building having a non-residential gross floor area of 377 square metres, and a residential gross floor area of 21,124 square metres.  The proposal includes the creation of 310 purpose-built rental units.",412 CHURCH ST,13,22418,282,22700,311,http://app.toronto.ca/AIC/index.do?folderRsn=S%2Bw4dM1%2FSATjiantTnimbw%3D%3D
1262,Under Review,23 224338 STE 09 SA,2023-11-09,"Construction of the King-Liberty SmartTrack station, including three station entrances outside the rail corridor, two pedestrian bridges and an island platform to serve Kitchener Corridor tracks inside the rail corridor",0 SUDBURY ST,9,0,659.818,359.82,0,http://app.toronto.ca/AIC/index.do?folderRsn=FMV6Zd1Acan5bIO%2F33qmjA%3D%3D
1263,Active,22 191848 STE 11 OZ,2022-08-17,"Official Plan and Zoning By-law Amendment applications to permit a 12-storey mixed-use building, containing 155 residential units and 30 square metres of commercial space.  The Official Plan Amendment is required to permit the proposed height and built f",914 BATHURST ST,11,10824,69,10893,135,http://app.toronto.ca/AIC/index.do?folderRsn=2%2BZE75RWFu%2FmbqNOSt%2BwDg%3D%3D
1264,Built,20 228791 ESC 20 SA,2020-12-14,Development comprising of a new 6 story mixed-use building with commercial on the ground floor and residential above.,2380 KINGSTON RD,20,2586.16,107.96,2694.12,39,http://app.toronto.ca/AIC/index.do?folderRsn=xLA%2Br7lkWky38dZmVEU1Lg%3D%3D
1265,Under Review,24 233888 WET 03 SA,2024-11-01,Proposed 1-storey industrial condominium building.,429 KIPLING AVE,3,0,10486.17,10486.17,0,http://app.toronto.ca/AIC/index.do?folderRsn=%2Bvmf7en0f9fxrB%2FfwKr2fg%3D%3D
1266,Under Review,21 164108 ESC 22 OZ,2021-06-01,"Demolish the existing 1-storey commercial plaza and replace it with a 10-storey  mixed-use building with 320m2 of retail, 194 units and two below-grade parking levels totalling 184 vehicular and 157 bicycle parking spaces.",2240 BIRCHMOUNT RD,22,13276,320,13596,194,http://app.toronto.ca/AIC/index.do?folderRsn=eAw41IXSwWrlSiCiKbUomQ%3D%3D
1267,Under Review,22 114201 WET 05 OZ,2022-02-14,"The proposed development will have a podium element with ground-level units. The podium will rise to 4 storeys as the street wall height, with the 5th and 6th storeys stepped back from the street. The tower portion will step back further and sit atop the",9 OXFORD DR,5,24435,0,24435,362,http://app.toronto.ca/AIC/index.do?folderRsn=wRud%2FNRqFCT%2BLe6yNOWBZQ%3D%3D
1268,Active,20 161691 ESC 23 SA,2020-06-30,"Proposed addition to link the two existing industrial buildings. The addition is 4,037 square metres including warehouse and an office space in the front of the building. The total proposed gross floor area is 10,995 square metres which results in a floo",40 PULLMAN CRT,23,0,4745,4745,0,http://app.toronto.ca/AIC/index.do?folderRsn=LPsKFo6adZZprDNLU829VQ%3D%3D
1269,Built,19 264742 NNY 18 OZ,2019-12-24,"Zoning Bylaw Amendment application to demolish the single detached dwelling at 5 Kenton Drive in order to expand the existing residential care facility (Alzheimer's and dementia care) to accommodate a total of 73 bed-sitting rooms at 1, 3 and 5 Kenton Dr",1 KENTON DR,18,0,1373.4,1373.4,0,http://app.toronto.ca/AIC/index.do?folderRsn=Gv63INIoTwlHoDlhqPRcFw%3D%3D
1270,Active,22 210125 STE 14 OZ,2022-09-27,"OPA and Rezoning for a  10-storey mixed-use building (including mezzanine) having a non-residential gross floor area of 213.5 square metres, and a residential gross floor area of 5,485.4 square metres.  A total of 70 dwelling units are proposed.",929 QUEEN ST E,14,5477,201,5678,70,http://app.toronto.ca/AIC/index.do?folderRsn=PV1GWskBQ29iOXIWd5ZOJw%3D%3D
1271,Built,19 235686 STE 13 SA,2019-10-11,"Site Plan Approval application for a proposed 51-storey mixed use building with a 6-storey podium base, containing 574 dwelling units, 9,625 square metres of non-residential gross floor area, and 6 levels of underground parking containing 264 parking spa",88 QUEEN ST E,13,40194,10424,50618,587,http://app.toronto.ca/AIC/index.do?folderRsn=V8hR8tcB%2FFUbXfL8I0DHKg%3D%3D
1272,Active,16 270193 WET 04 OZ,2016-12-22,Proposal for a 7 storey building containing a total of 187 units. The existing 16 storey rental building which contains 156 rental units would be retained onsite.,45 LA ROSE AVE,2,17228,0,17228,211,http://app.toronto.ca/AIC/index.do?folderRsn=LojoM%2BPOSAA4se%2Fo8F6cfg%3D%3D
1273,Active,21 138108 STE 09 OZ,2021-04-09,"Proposal for a 28-storey, inclusive of a 6-storey podium, having a residential gross floor area of 21,171 square metres.  313 residential dwelling units are proposed, of which, 7 will be dedicated live-work units.",316 CAMPBELL AVE,9,20538,0,20538,314,http://app.toronto.ca/AIC/index.do?folderRsn=AAcuqyO7C%2FsjuQP%2FxVSypA%3D%3D
1274,Built,20 232679 STE 14 SA,2020-12-21,"Approved proposal for the renovation of an existing heritage building with a rear 5-storey addition. In total, the project will have a gross floor area of 2,638 sq.m. and contain 26 affordable co-op rental units. There will be one basement level, 3 at-gr",685 QUEEN ST E,14,2124.47,0,2124.47,24,http://app.toronto.ca/AIC/index.do?folderRsn=JstjL3to7xPU5YwITRHpfA%3D%3D
1275,Active,15 224199 ESC 35 SA,2015-09-17,"Site Plan application for a 1,995 m2 one-storey addition to the side of the existing industrial building (manufacturing use). 94 vehicle parking spaces are proposed at grade. The proposal includes 2 new drive-in and 2 new truck level bays.",285 RALEIGH AVE,20,0,1995,1995,0,http://app.toronto.ca/AIC/index.do?folderRsn=oWjIi%2BfdGbN%2BQ7T2cQaSNw%3D%3D
1276,Built,09 170317 WET 06 OZ,2009-03-09,Proposal to develop this property with two residential towers and one commercial tower.,2143 LAKE SHORE BLVD W,3,61196,3933,65129,883,
1277,Active,22 204199 STE 10 OZ,2022-09-15,"The proposed development is for a 21-storey mixed-use building with a height of approximately 72 metres to the top of the roof (75.25 metres to the top of the mechanical penthouse) with approximately 12,912 square metres of total gross floor area, includ",675 KING ST W,10,10432.31,2480.51,12912.82,166,http://app.toronto.ca/AIC/index.do?folderRsn=KgqoN6X%2FZCA8bathu06PqQ%3D%3D
1278,Active,23 140448 WET 03 OZ,2023-05-02,"Proposed redevelopment of the subject site with a 50-storey mixed-use building with a four-storey base building. The proposed gross floor area is 37,975 square metres, including 743 square metres of commercial space and 600 dwelling units, resulting in a",5359 DUNDAS ST W,3,41499,309,41808,668,http://app.toronto.ca/AIC/index.do?folderRsn=hv2sUylZ5mrVgIbKDqHnjQ%3D%3D
1279,Active,24 113744 STE 19 OZ,2024-02-09,"City-initiated Official Plan and Zoning By-law Amendment to permit the construction of a missing middle development at 72 Amroth Avenue. The project will consist of a six-storey building fronting on Amroth Avenue along with two three-storey buildings, 34",72 AMROTH AVE,19,2352.5,0,2352.5,34,http://app.toronto.ca/AIC/index.do?folderRsn=Bgut%2Bx2U2YrzjqvxgWkztw%3D%3D
1280,Active,22 135661 NNY 17 OZ,2022-04-19,"Application to amend the zoning by-law to permit the proposed Masterplan Concept consists of four phases of redevelopment  around the existing CF Fairview Mall. The proposal will create approximately 4,500 new residential units, up to 40,000 sqm of addit",1800 SHEPPARD AVE E,17,396895,38230,435125,6200,http://app.toronto.ca/AIC/index.do?folderRsn=ugB1Imm9%2BeKR0x2mRM50Cw%3D%3D
1281,Active,18 128310 STE 22 OZ,2018-03-12,"Zoning By-law Amendment to permit a 52-storey mixed-use building. The proposed height is 187 metre to the roof of the mechanical penthouse.  The total proposed gross floor area is 50,225 square metres, which is comprised of 32,573 square metres of reside",90 EGLINTON AVE E,12,68786,24310,93096,1035,http://app.toronto.ca/AIC/index.do?folderRsn=g2YHzlFFnXMQJNyXXOkUig%3D%3D
1282,Active,23 236162 STE 11 OZ,2023-12-15,"Official Plan Amendment to establish a framework to guide future development at SickKids, including a new 32-storey Patient Care Centre with approximately 241,500 square metres of institutional healthcare space and public realm improvements, and allow fu",555 UNIVERSITY AVE,11,0,241500,241500,0,http://app.toronto.ca/AIC/index.do?folderRsn=Bvegl1oaa2Oa%2Bb07AKwdSg%3D%3D
1283,Under Review,24 238898 STE 12 OZ,2024-11-14,"Oct 2025 Resubmission: for a 72.3- metre (19-storey), plus a Mech. Penthouse and amenity level, mixed-use building, with a maximum permitted gross floor area of 15,150 square metres, and a  commercial-retail space of 300 square metres on the ground floor",2004 BATHURST ST,12,12835,225,13060,86,http://app.toronto.ca/AIC/index.do?folderRsn=zrne8vq0zpqWV1Pv38rpYw%3D%3D
1284,Active,22 242091 WET 05 OZ,2022-12-23,"The development applications would permit a 45-storey mixed use building with 565 residential units and 428 square metres of non-residential GFA. The proposed total gross floor area will be approximately 34,596 square metres.",1830 WESTON RD,5,30464.87,428.35,30893.22,565,http://app.toronto.ca/AIC/index.do?folderRsn=o4e0YhHJ5LzNS0HseZh6GA%3D%3D
1285,Active,22 130491 ESC 24 OZ,2022-04-04,"Rezoning for a 44-storey building comprised of 455 residential dwelling units and 310 square meters of retail gross floor area. The proposal includes 106 car parking spaces, 342 bicycle parking spaces and one Type G  and one Type C loading spaces. The de",1151 MARKHAM RD,24,31567.32,299.41,31866.73,455,http://app.toronto.ca/AIC/index.do?folderRsn=Ci1uvFoxysjFYB0ayqVxDw%3D%3D
1286,Active,18 271787 STE 11 SA,2018-12-24,Site Plan Control application for a proposed 3 storey-12 unit apartment building.  Site includes 43 and 45 Bellevue Avenue.,43 BELLEVUE AVE,11,849.36,0,849.36,12,http://app.toronto.ca/AIC/index.do?folderRsn=cSD1hy9BXXYYruY0Ae8ujg%3D%3D
1287,Built,12 130868 STE 19 OZ,2012-03-02,Rezoning application to permit the redevelopment of the lands for a new mixed use development which includes the retention and reuse of the existing heritage buildings on the site and the addition of two residential towers 12 and 14 stories in height. Pr,89-109 NIAGARA ST,10,27463.33,1846.11,29309.44,345,
1288,Under Review,24 121747 WET 05 OZ,2024-03-04,"The application proposes a new 45-storey mixed-use building containing 500 residential units, and a residential Gross Floor Area of 31,327 square metres. The building will have a Floor Space Index of approximately 18.3 times the area of the lot, and a tw",2485 EGLINTON AVE W,5,31226,101,31327,500,http://app.toronto.ca/AIC/index.do?folderRsn=yOYsiQnfYQ2FqktZ5tyC0A%3D%3D
1289,Built,17 214838 NNY 10 OZ,2017-08-11,"Official plan amendment and rezoning to allow a 13-storey condomimium building (356 units) and a 14-storey rental apartment building (165 units), for a total of 521 residential units.  As part of the total residential units, there are 50 affordable owner",30 TIPPETT RD,6,36584.5,1055.5,37640,517,http://app.toronto.ca/AIC/index.do?folderRsn=%2BfehXTYEAWEA%2Bp4px4qxbg%3D%3D
1290,Active,21 250653 ESC 21 SA,2021-12-21,Multi-function Paramedic Station.  Includes administrative and education area; command post; offices; kitchen and lounge; meeting room; bays for 40 ambulances and 20 supervisor vehicles.,330 PROGRESS AVE,21,0,7819,7819,0,http://app.toronto.ca/AIC/index.do?folderRsn=vYxCD4ECwYdJVyjUc4KCCg%3D%3D
1291,Active,21 173802 WET 07 SA,2021-06-21,Construct new one storey art gallery building with ground floor connection to existing Accolade East Building at York University.,4700 KEELE ST,7,0,702,702,0,http://app.toronto.ca/AIC/index.do?folderRsn=pWZNnjnlJ3oSfaoekwPCBQ%3D%3D
1292,Active,16 106847 WET 02 SA,2016-01-21,Site Plan Control application to construct a one-storey rear warehouse addition to the existing one-storey warehouse building.,24 BETHRIDGE RD,1,0,1197.6,1197.6,0,http://app.toronto.ca/AIC/index.do?folderRsn=Wo7dP2pMvj7Cl1aJTkOnVA%3D%3D
1293,Under Review,24 240873 ESC 20 SA,2024-11-19,"The proposed development of this large vacant 24,254 square metre parcel of land at the southwest corner of Warden Avenue and Comstock Road involves the construction of a 2 storey (13 m) Charitiy Bingo Hall including electronic gaming, bowling alleys and",756 WARDEN AVE,20,0,6921.5,6921.5,0,http://app.toronto.ca/AIC/index.do?folderRsn=Ylq0vYXh67u7sfP%2B5eiIXQ%3D%3D
1294,Active,17 278454 WET 05 OZ,2017-12-21,To amend the former City of Etobicoke Zoning Code (Site Specific By-law No. 514-2003) to permit a 12-storey mixed use building including 4 live/work units and retail with a total gross floor area of 22980m2.,1045 THE QUEENSWAY,3,22290,715,23005,321,http://app.toronto.ca/AIC/index.do?folderRsn=pMF6awwfYjEQUsOG16hNeg%3D%3D
1295,Active,21 206885 ESC 21 OZ,2021-09-01,"The application aims to establish a long-term planning framework for 300 Borough Drive, 1755 Brimley Road, 400-580 Progress Avenue and 350 Town Centre Court.",300 BOROUGH DR,21,1149000,67400,1216400,15550,http://app.toronto.ca/AIC/index.do?folderRsn=gbN0qlmKKiDT5W5DxvvQlA%3D%3D
1296,Active,22 124214 STE 13 OZ,2022-03-18,"Revised Official Plan Amendment and Zoning By-law Amendment application has been submitted to permit a 52-storey mixed-use building containing 630 dwelling units, 149 square metres of retail GFA and 36,600 square metres of residential GFA,. No vehicle pa",239 DUNDAS ST E,13,36601,149,36750,630,http://app.toronto.ca/AIC/index.do?folderRsn=pIdDarxWXh5kap0IoXhw0Q%3D%3D
1297,Active,21 235163 STE 13 OZ,2021-11-07,"Application to amend the Zoning By-law to permit the construction of a 42-storey mixed-use building at 410 Sherbourne Avenue. The proposal would contain 473 dwelling units, 84 vehicular parking spaces and 521 bike parking spaces.",410 SHERBOURNE ST,13,31033,240,31273,473,http://app.toronto.ca/AIC/index.do?folderRsn=Ni657pTGoptUsn2N8eAIaA%3D%3D
1298,Under Review,24 242228 STE 19 SA,2024-11-22,"Site Plan Control application to permit a seven-storey self-storage building containing 13,748.24 square metres of non-residential gross floor area, including 406.34 square metres of coworking office space proposed at-grade.",1654-1660 O'CONNOR DR,19,0,13748.24,13748.24,0,http://app.toronto.ca/AIC/index.do?folderRsn=00O5nwb3WFEYE9fZTizrHA%3D%3D
1299,Under Review,24 242246 NNY 08 OZ,2024-11-22,"Official Plan and Zoning By-law Amendment application to permit a four block, phased redevelopment containing 9 mixed-use midrise and tall buildings ranging from 3 to 55-storeys consisting of 2,390 residential units (including a designated percentage of",250 BOWIE AVE,8,155421,23477,178898,2390,http://app.toronto.ca/AIC/index.do?folderRsn=TwWZp9z1bs2N6bKPUWO8UA%3D%3D
1300,Active,19 251072 NNY 18 OZ,2019-11-19,"Zoning Bylaw Amendment application to permit a 40 storey high rise mixed use building. The proposed building contains 443 residential units, 911 sqm of indoor amenity space, 888 sqm of outdoor amenity space, and 174 parking spaces through 3 levels of und",5995 YONGE ST,18,33668,511,34179,536,http://app.toronto.ca/AIC/index.do?folderRsn=A%2FSJHP6E06QnUZp5ScGGyQ%3D%3D
1301,Under Review,15 171595 STE 32 OZ,2015-06-10,"Proposed 11-storey mixed-use building at 847-855 Kingston Road with 99 residential units. It would have a total gross floor area of approximately 7,195 square metres, including 6,823 square metres of residential space and 371 square metres of retail comm",847 KINGSTON RD,19,6823.4,371.2,7194.6,99,http://app.toronto.ca/AIC/index.do?folderRsn=Zh5tYIrFI%2FbO0RCB0ie2hQ%3D%3D
1302,Under Review,18 127133 NNY 23 OZ,2018-03-09,"Official Plan and Zoning Bylaw Amendment application to permit a 6 storey building with office on the second floor and 17, 1-bedroom units above.   The revised GFA is 1,350 sq m (FSI is 2.86 times ).   7 surface parking space and 19 bicycle parking space",202 SHEPPARD AVE W,18,1039,364,1403,17,http://app.toronto.ca/AIC/index.do?folderRsn=Wrjo0Y%2F%2BDjZmV%2F1xD6v9Gg%3D%3D
1303,Active,23 106476 STE 11 SA,2023-01-23,"The application will permit the renovation and expansion of the one storey portion of the Lash Miller building, adding an approximate 2,933.0 square metres over three storeys within the existing footprint at the northeast corner of the building. The prop",70 ST GEORGE ST,11,0,2767,2767,0,http://app.toronto.ca/AIC/index.do?folderRsn=UPplxHFwWMqk%2FqqxfI0M0Q%3D%3D
1304,Active,21 238067 WET 03 SA,2021-11-15,The development proposes to demolition an existing warehouse structure and replace it with two industrial warehouse buildings with a total building footprint of 29470 square metres.,450 EVANS AVE,3,0,29470,29470,0,http://app.toronto.ca/AIC/index.do?folderRsn=PGUIaAWDFNowdRuqqXEdoQ%3D%3D
1305,Active,20 120382 STE 13 OZ,2020-02-28,"Official Plan and Zoning By-law amendment application to facilitate the development a 39-storey Mixed-use building, which will incorporate the façade of 125 George Street and the retention of the existing 3-storey office building at 109 George Street. T",231 RICHMOND ST E,13,30347,3556,33903,516,http://app.toronto.ca/AIC/index.do?folderRsn=ZtCLbN8g8jwqKES8ngz6yw%3D%3D
1306,Active,21 175097 STE 09 OZ,2021-06-23,Official Plan & zoning By-law Amendment Application to redevelop the site with two mixed-use towers having heights of 15 and 17-storeys (plus mechanical).,1500 ST CLAIR AVE W,9,47739,1208,48947,776,http://app.toronto.ca/AIC/index.do?folderRsn=tfdFLZajVH1Bbe5c%2FA6IDA%3D%3D
1307,Built,21 130074 STE 19 SA,2021-03-22,"Site Plan application for a 3-storey apartment building with 59 bachelor units (supportive housing) and staff offices, kitchen, dining, lounge, and laundry rooms on Cedarvale Avenue between Trenton Avenue and Bracebridge Avenue (Note: the site is commonl",20 BRACEBRIDGE AVE,19,3075.3,0,3075.3,59,http://app.toronto.ca/AIC/index.do?folderRsn=Lldu%2B5P%2FeR%2FcnNjIO9tYeQ%3D%3D
1308,Active,20 232411 WET 01 SA,2020-12-20,"Site Plan Application to permit the renovation and new one-storey addition to an existing place of worship, resulting in a gross floor area of 2,950.2 square metres. A surface parking lot is at the rear of the site containing 150 spaces.",230 REXDALE BLVD,1,0,1116,1116,0,http://app.toronto.ca/AIC/index.do?folderRsn=luvpv6RMesgXLAmHf2DX6w%3D%3D
1309,Active,21 235897 STE 13 OZ,2021-11-09,"Official Plan and Zoning By-law amendment for 28-storey and 7-storey mixed-use buildings having a non-residential gross floor area of 883.9 square metres, and a residential gross floor area of 26017.0 square metres. 369 units are proposed, of which 76 ar",66 WELLESLEY ST E,13,27095,756,27851,408,http://app.toronto.ca/AIC/index.do?folderRsn=ed4gtXCDHP1n9L8SXFmD9A%3D%3D
1310,Active,22 152202 ESC 25 OZ,2022-05-26,"OPA and Rezoning for proposed 6-storey, 15, 117m2 institutional building, known as the Scarborough Academy of Medicine and Integrated Health (""SAMIH"")",875 MORNINGSIDE AVE,25,0,9641.46,9641.46,0,http://app.toronto.ca/AIC/index.do?folderRsn=%2BmC6T36MuxocFfP%2FKQ7AnQ%3D%3D
1311,Active,21 105906 STE 04 OZ,2021-01-18,"Proposal for a 16-storey residential apartment building comprised of approximately 19,502 square metres of residential gross floor area.",2 TEMPLE AVE,4,19409,0,19409,269,http://app.toronto.ca/AIC/index.do?folderRsn=nivIDOlVmhadwvOah%2FRtmg%3D%3D
1312,Active,23 120557 STE 11 OZ,2023-03-06,"Official Plan and Zoning By-law Amendment to permit a 94-storey mixed-use building containing 1,262 dwelling units and 272 square metres of non-residential gross floor area. The Official Plan Amendment is required to allow for the loss of non-residential",19 BLOOR ST W,11,78495,272,78767,1262,http://app.toronto.ca/AIC/index.do?folderRsn=tb6Dkl40%2FVW80fknpAAz9w%3D%3D
1313,Built,20 210682 NNY 06 OZ,2020-10-26,Zoning By Law Amendment application for a private wastewater treatment and reuse facility,1755 STEELES AVE W,6,0,2750,2750,0,http://app.toronto.ca/AIC/index.do?folderRsn=ZrTuZd4CuYtcnwWEcyQM7g%3D%3D
1314,Built,21 244563 WET 03 SA,2021-12-03,Proposed one-storey addition to the north side of an existing transport warehouse. A new mezzanine area is also proposed within the building to expand the office space.,355 HORNER AVE,3,0,2214,2214,0,http://app.toronto.ca/AIC/index.do?folderRsn=gdiDy3lB6WfO3ue9ove3gQ%3D%3D
1315,Built,15 226388 STE 20 OZ,2015-09-22,"Proposal for rezoning and official plan amendment for a 9-storey mixed-use building with a total of 157residential units, retail space is proposed at grade and on the mezzanine level and one level of underground parking (68 parking spaces)",500 DUPONT ST,11,10262,1175,11437,155,http://app.toronto.ca/AIC/index.do?folderRsn=Pjfnynv2jYhLnfsGgJ3kIg%3D%3D
1316,Built,11 310776 STE 20 OZ,2011-11-16,Rezoning and Site Plan approval applications to permit a seven-storey (plus mechanical penthouse) non-residential building containing retail at grade and retail/office uses above.  Part of the proposed building (second to the seventh floors) would be con,375 QUEEN ST W,10,0,8097,8097,0,
1317,Active,14 268618 STE 22 OZ,2014-12-30,Proposal for a 47 storey condominum building with a retail ground floor and a total of 461 residential units with 6 levels of underground parking,55 EGLINTON AVE E,12,43332,521,43853,664,http://app.toronto.ca/AIC/index.do?folderRsn=CFMmMJ%2FMhj%2BqP0GA56waNQ%3D%3D
1318,Built,19 173835 NNY 06 SA,2019-06-18,"Three storey addition (953 sqm) to the existing nursing home.  A total of 7 new parking spaces are proposed in addition to the existing 13 parking spaces at 147-151 Elder St.  One type ""C"" loading space is proposed.  The existing dwelling at 103 Overbroo",103 OVERBROOK PL,6,0,952.94,952.94,0,http://app.toronto.ca/AIC/index.do?folderRsn=JkV00BujEPTEblvIcqYN1A%3D%3D
1319,Built,19 100745 WET 03 SA,2019-01-03,"Proposal for renovation and addition to existing two storey elementary school to be partially demolished, and new three storey elementary school addition to be linked by existing building.",165 STANLEY AVE,3,0,4012,4012,0,http://app.toronto.ca/AIC/index.do?folderRsn=br13F3ejS6y4tUHnkizOyQ%3D%3D
1320,Active,19 242173 ESC 21 OZ,2019-10-28,Development comprising of 36 detached dwellings and 9 townhouse blocks with a public road on a new plan of subdivision.  Refer to concurrent Plan of Subdivision 19 242185 ESC 21 SB.,2740 LAWRENCE AVE E,21,19658.19,0,19658.19,100,http://app.toronto.ca/AIC/index.do?folderRsn=EzJj2n8VmvxgVQhTRqdnfg%3D%3D
1321,Active,16 270189 STE 28 OZ,2016-12-22,"Zoning By-law Amendment to permit an 7-storey mixed-use building with a total gross floor area (GFA) of approximately 9351 square metres, including approximately 1002square metres of retail space on the ground floor and 107 residential units. A total of",227 GERRARD ST E,13,8349,1002,9351,107,http://app.toronto.ca/AIC/index.do?folderRsn=F%2FpMXBNdaU%2Bv%2BHcvDeMqUw%3D%3D
1322,Under Review,24 246869 STE 14 OZ,2024-12-04,"Official Plan Amendment for a 40 and 45-storey mixed-use buildings containing 937  residential dwellings, including 42 affordable units, retail, self-storage and a PIC / data centre uses.",280 COMMISSIONERS ST,14,64882.58,16336.7,81219.28,937,http://app.toronto.ca/AIC/index.do?folderRsn=5Yi%2Bq%2BFnnKvFodalcskTYg%3D%3D
1323,Active,21 171253 STE 10 OZ,2021-06-16,Proposed Zoning By-law amendment re-submission to allow the redevelopment of the site with a 40-storey mixed-use building with a total height of 132.5 metres. The application proposes commercial uses within the ground floor and 459 residential units abov,241 RICHMOND ST W,10,34907,594,35501,479,http://app.toronto.ca/AIC/index.do?folderRsn=P0QEKJtf%2FWsu3UA8O07UFw%3D%3D
1324,Under Review,21 191601 ESC 20 OZ,2021-07-29,"Zoning By-law Amendment application to permit a 12-storey residential building containing 168 units, four levels of underground parking with 110 parking spaces and 129 bicycle parking spaces. The application has been appealed to the Ontario Land Tribunal",1552 KINGSTON RD,20,11791.44,59.11,11850.55,168,http://app.toronto.ca/AIC/index.do?folderRsn=hERpun74YCKIhGR%2FvG08Cw%3D%3D
1325,Under Review,19 244276 NNY 15 OZ,2019-11-01,Official Plan and Zoning By-law Amendment application for the proposed 7 townhouse units fronting onto York Mills Road with a total gross floor area of 2395m2.,2 SANDFIELD RD,15,2066.61,0,2066.61,7,http://app.toronto.ca/AIC/index.do?folderRsn=7w2XNxFk6SJTBJf59rtoKA%3D%3D
1326,Active,17 190573 NNY 23 OZ,2017-06-30,Proposed 9-storey residential building with ground floor retail and two levels of underground parking.,270 SHEPPARD AVE W,18,14097.22,800.78,14898,177,http://app.toronto.ca/AIC/index.do?folderRsn=sf3EKs29nE9wDVwofXbxzQ%3D%3D
1327,Active,22 189610 WET 03 SA,2022-08-12,"Proposed one-storey, 100.96 square metres addition to an existing building for a total gross floor area (GFA) of 304.30 square metres. A total of 16 parking spaces are proposed.",430 KIPLING AVE,3,0,100.96,100.96,0,http://app.toronto.ca/AIC/index.do?folderRsn=TjJflL3VEy10y%2BwWfB8Z7Q%3D%3D
1328,Active,21 231464 WET 03 SA,2021-10-28,Proposed development of the subject lands for a three-storey automotive dealership.  The proposal will have a total gross floor area of 2225 square metres.,1574 THE QUEENSWAY,3,0,2464.37,2464.37,0,http://app.toronto.ca/AIC/index.do?folderRsn=VhaVECrTP9ajJdyoQ9avKQ%3D%3D
1329,Active,07 288612 ESC 38 OZ,2007-12-20,"Proposal for three buildings 20, 25 & 26 storeys, containing , 733 residential units, a total GFA of 62, 165 square metres, 720 sq. m. of retail,  and 1,120 sq. m. of restaurant space. Two new public roads will be provided at the cost to the applicant. S",1221 MARKHAM RD,24,73884.2,865.4,74749.6,879,
1330,Active,15 134245 STE 27 OZ,2015-03-30,Proposal for rezoning related to maintaining the existing 13 storey building that consits of hotel units and restaurant and constructing a 45 storey  tower and building podium which will contain 580 residential units,225 JARVIS ST,13,42027,13038,55065,580,
1331,Active,20 185015 ESC 20 SA,2020-08-25,Development comprising of a new gas station with a retail building. The existing land is currently vacant.,3212 ST CLAIR AVE E,20,0,98.84,98.84,0,http://app.toronto.ca/AIC/index.do?folderRsn=zTBj7%2Bm4jE8YsrKiTHV1AA%3D%3D
1332,Active,22 127475 STE 12 SA,2022-03-28,Site Plan approval for a new 3-storey recreational facility having a non-residential gross floor area of 3563 square metres.,43 MILLWOOD RD,12,0,3563,3563,0,http://app.toronto.ca/AIC/index.do?folderRsn=6cdPbdw5I84XkCO4yHorLg%3D%3D
1333,Active,15 146478 STE 27 OZ,2015-04-24,"Application for an Official Plan and Zoning Amendment to permit the construction of a 98-storey mixed-use development.  The proposal entails 76,870 m2 of residential GFA and 20,516 m2 non-residential GFA including both office and retail space.  A total o",363 YONGE ST,13,96085,7503,103588,1407,http://app.toronto.ca/AIC/index.do?folderRsn=oTHWl1QlFkuxvzxzzrOOdQ%3D%3D
1334,Under Review,24 248503 NNY 18 OZ,2024-12-09,"OPA & Rezoning that seeks to facilitate a new mixed-use development on the site, consisting of four (4) residential towers on two mixed-use podiums and and 4 levels of underground parking. The proposed height for each tower is 59-, 53-, 49-, and 30-store",45-47 SHEPPARD AVE E,18,147864,3581,151445,2377,http://app.toronto.ca/AIC/index.do?folderRsn=cOww4sS%2Fsxx5r7P8f4PHpg%3D%3D
1335,Built,18 131107 WET 05 OZ,2018-03-19,The proposal is to permit the construction of a 2-storey car dealership,1629 THE QUEENSWAY,3,0,8907,8907,0,http://app.toronto.ca/AIC/index.do?folderRsn=wxJy3gYyCy2c5tHpy3jeyw%3D%3D
1336,Active,23 229538 NNY 15 OZ,2023-11-24,"Official Plan Amendment and Zoning By-law Amendment for the  proposal of 7 townhouse units  with a total gross floor area of 2,628.80 m2 (including basements).",1 SANDFIELD RD,15,2628.79,0,2628.79,7,http://app.toronto.ca/AIC/index.do?folderRsn=3%2BcpL7dJGuf9p%2FtpF84t6Q%3D%3D
1337,Under Review,24 146352 NNY 18 OZ,2024-05-09,"The proposed development would remove the gas bar and commercial service station and replace these uses with a 40-storey mixed use building with 35,311.1 square metres of residential gross floor area and 718.8 square meters of ground floor retail gross f",4696 YONGE ST,18,35311.1,718.8,36029.9,536,http://app.toronto.ca/AIC/index.do?folderRsn=vHrMNeHROBYOw15Nz5UGvA%3D%3D
1338,Under Review,24 113800 WET 03 OZ,2024-02-09,An application to amend the Official Plan and Zoning By-law to permit the redevelopment of the property with a 12-storey purpose built rental apartment building containing 113 residential dwelling units. A total of 55 parking spaces are proposed. A publi,464 ROYAL YORK RD,3,11267,0,11267,112,http://app.toronto.ca/AIC/index.do?folderRsn=gecAZ24X82Jy%2F8Wgrrvn5w%3D%3D
1339,Built,16 193617 NNY 25 SA,2016-07-19,"The is an application for Site Plan Control related to two residential towers located on Leslie Street, north of Eglinton Avenue East.  The larger project includes a third mixed use tower, which is being processed under a separate application for Site Pl",1095 LESLIE ST,16,65917,0,65917,640,http://app.toronto.ca/AIC/index.do?folderRsn=yi9unzX8LdCR9yqSRclZjg%3D%3D
1340,Built,13 225676 STE 27 OZ,2013-08-23,"Applications for an Official Plan Amendment and a Zoning By -Law Amendment to permit a 28 storey mixed use building, with a height of 95.7 m., comprising of 179 residential dwelling units with a total gross floor area of 14,821 sq.m.",81 WELLESLEY ST E,13,14831,78.3,14909.3,179,
1341,Built,20 229848 NNY 06 SA,2020-12-16,Site plan application for a new industrial building containing a 1-storey warehouse and a 2-storey ancillary office.,655 SUPERTEST RD,6,0,25052.94,25052.94,0,http://app.toronto.ca/AIC/index.do?folderRsn=nsqdwzQS6oDvVzwtDJk3%2FQ%3D%3D
1342,Active,19 263629 ESC 20 OZ,2019-12-20,"Proposed master plan for mixed-use intensification.  New public roads, 4 mid-rise (8 to 12 storey) apartment blocks (963 apartment units),  2 blocks of stacked and back-to-back townhouses (80 units), for a total 1,043 dwelling units, plus 2.4 hectares of",411 VICTORIA PARK AVE,20,74019,466,74485,1052,http://app.toronto.ca/AIC/index.do?folderRsn=R4Udu8uzU7j8eHTNscSh2Q%3D%3D
1343,Built,12 110573 STE 27 OZ,2012-01-23,"Proposal to construct a 43 storey building, including a 9 storey podium mixed used building (condo containing 590 units, 4 of which are townhouse units fronting on Mutual St, and commercial), 5 levels of below grade parking, and preservation of front por",308 JARVIS ST,13,32091.5,242.7,32334.2,489,
1344,Built,19 262419 ESC 24 SA,2019-12-17,Condo Building D known as 10 Meadowglen Place.  File created as sub-folder to 13 199513 ESC 38 SA.,1-2 MEADOWGLEN PL,24,11699.7,0,11699.7,144,http://app.toronto.ca/AIC/index.do?folderRsn=X4zsd8UyocMYkRK0vtbVCw%3D%3D
1345,Active,20 153410 STE 10 OZ,2020-06-08,Revised Zoning By-law amendment to permit a mixed-use development with residential and retail uses.  An on-site park of 500 square metres is proposed.  A single building having a height of 59 storeys is proposed.  Overall 954 dwelling units are proposed,200 QUEENS QUAY  W,10,59080,329,59409,1024,http://app.toronto.ca/AIC/index.do?folderRsn=D7CHrsoz9t%2BHvcPj1aAkQg%3D%3D
1346,Built,19 262406 ESC 24 SA,2019-12-17,Condo Building C known as 20 Meadowglen Place.  File created as sub-folder to 13 199513 ESC 38 SA.,1-2 MEADOWGLEN PL,24,23340,527,23867,299,http://app.toronto.ca/AIC/index.do?folderRsn=hXybNBJ1ZaKdzOweL%2Bk7og%3D%3D
1347,Active,19 238309 NNY 18 OZ,2019-10-18,A zoning by-law amendment application proposing six 3-storey townhouse units facing Bayview Avenue with vehicular access from Newton Drive.  There would be a total GFA of 1033 square metres and an FSI of 1.29x.,298 NEWTON DR,18,1035.44,0,1035.44,6,http://app.toronto.ca/AIC/index.do?folderRsn=XuahFl3Vntcae1ND4%2BLMgA%3D%3D
1348,Active,20 193619 STE 12 OZ,2020-09-15,"Proposal for a 35-storey mixed rental residential building, with retail at-grade along Pailton Cres, with approximately 437 units and 32130m2 of GFA.",185 BALLIOL ST,12,32203,136,32339,442,http://app.toronto.ca/AIC/index.do?folderRsn=Kx8hqOORKykGYxu6Qdpcqg%3D%3D
1349,Active,19 186473 STE 19 OZ,2019-07-10,"Proposed redevlopment of the site to permit a mixed-use development consisting of two residential towers atop a shared 5-storey podium base adjacent to Dawes Road and providing a mix of uses including retail uses, a community space use, and residential u",9 DAWES RD,19,48037,1518,49555,769,http://app.toronto.ca/AIC/index.do?folderRsn=icu%2BnAg6FBY0nyTugiv75A%3D%3D
1350,Under Review,23 216438 STE 14 OZ,2023-10-19,Provincial (Infrastructure Ontario) Transit-Oriented Community submission for 356 Eastern Avenue.,356 EASTERN AVE,14,12610,1151,13761,160,http://app.toronto.ca/AIC/index.do?folderRsn=kX%2FEyvkYtNwH5ZZBs1OAjw%3D%3D
1351,Active,20 233568 WET 03 OZ,2020-12-23,To permit a 10-storey residential building that contains 135 dwelling units and two below-ground parking levels.,36 FIELDWAY RD,3,8032.2,0,8032.2,135,http://app.toronto.ca/AIC/index.do?folderRsn=UE%2FWR8cUl1frsaQcBStfZQ%3D%3D
1352,Under Review,22 213984 WET 03 SA,2022-10-06,Proposed new transit station: Park Lawn GO Station.  The station will be accessed from both sides of Park Lawn Road and from both the north and south sides of the Metrolinx-Lake Shore West rail corridor. There are two proposed main entrances to the stati,2150 LAKE SHORE BLVD W,3,0,2943,2943,0,http://app.toronto.ca/AIC/index.do?folderRsn=KA1i7VSde%2BLyMd%2F9LxUjLg%3D%3D
1353,Under Review,21 251207 NNY 15 OZ,2021-12-23,Revised Zoning By-law Amendment Application for a 35-storey mixed-use building containing 366 residential units (340 new residential dwelling units and 26 rental replacement units). The development will also have grade-level retail at the northwest corne,133 ERSKINE AVE,15,23730,94,23824,366,http://app.toronto.ca/AIC/index.do?folderRsn=96sw3sWHEa7JHmGpw8u9UA%3D%3D
1354,Active,22 168994 WET 01 OZ,2022-06-28,Official Plan and Zoning By-law Amendment application to facilitate the development of an 11-storey residential building and two rows of stacked townhouses at the northwest corner of Islington Avenue and Elmhurst Drive.,2422 ISLINGTON AVE,1,27147.3,616.8,27764.1,449,http://app.toronto.ca/AIC/index.do?folderRsn=9M9Wey8AVENW9gmaXqZ3dw%3D%3D
1355,Active,23 143925 ESC 24 OZ,2023-05-10,"Official Plan & Zoning by-law Amendment for a 23-storey mixed-use building (excluding the mechanical penthouse)  with a total gross floor area (GFA) of 21,167 square metres (Including 386.8 m2 of non-residential gross floor area). There will be 335 resid",7 CENTRE ST,24,20781,386,21167,335,http://app.toronto.ca/AIC/index.do?folderRsn=1Apw3od1v170RPqCzy9XTQ%3D%3D
1356,Active,22 242149 WET 02 OZ,2022-12-23,"This application proposes to amend the Zoning By-law to permit the development of three residential apartment buildings and a public park at the southern portion of the site. Building A consists of a 14-storey tall building, Building B consists of two 22",530 THE EAST MALL,2,84053.9,0,84053.9,1095,http://app.toronto.ca/AIC/index.do?folderRsn=ek0lpkWe6wE9KI7cgeJjgA%3D%3D
1357,Active,22 242920 NNY 18 OZ,2022-12-28,Applications for Official Plan Amendment and Zoning By-law Amendment to permit a 7-storey residential building on the subject lands. The subject lands are located within the Sheppard Lansing Secondary Plan area. The proposal consists of 30 residential un,120 SHEPPARD AVE W,18,3227.4,0,3227.4,30,http://app.toronto.ca/AIC/index.do?folderRsn=Pqmef2Ojd5annVLz5Ga6rQ%3D%3D
1358,Under Review,22 180538 WET 05 OZ,2022-07-22,"Proposed Development for a 31-storey mixed use building comprised of 670 square metres of retail space on the ground floor, 1,371 square metres of office space on the third floor, and 352 residential units. The Proposed Development includes two level of",611 KEELE ST,5,27853,427,28280,429,http://app.toronto.ca/AIC/index.do?folderRsn=dd5vdfWmBJ2Cy4tKNabshw%3D%3D
1359,Built,17 267100 STE 14 OZ,2017-11-24,"This is a Zoning By-law Amendment application to permit an 8-storey residential building, containing 109 dwelling units within a total GFA of 8227 square metres. The  proposal includes 47 parking spaces in a below-grade garage and one Type G loading spac",2639 DUNDAS ST W,4,8228,0,8228,111,http://app.toronto.ca/AIC/index.do?folderRsn=E736OyMZfj0HAmBfLGTI4w%3D%3D
1360,Active,20 158233 NNY 18 OZ,2020-06-19,"Zoning By Law and Official Plan Amendment application to permit a 14 storey mixed use building with a proposed total gross floor area of 20,246.74 square metres and an overall density of 5.99 Floor Space Index (FSI).",6080 YONGE ST,18,19355.49,654.07,20009.56,247,http://app.toronto.ca/AIC/index.do?folderRsn=EuKt1ZlE9L15XQQpeDfBgQ%3D%3D
1361,Active,21 226193 STE 11 OZ,2021-10-15,"An application to amend the Zoning By-law and a City-Initiated amendment of the Official Plan to allow for a 22-metre (6-storey excluding mechanical penthouse) mixed-use building with a maximum permitted total gross floor area of 7,500 square metres.",452 BATHURST ST,11,5564,396,5960,61,http://app.toronto.ca/AIC/index.do?folderRsn=BsmsED53ucgt5A0J9vppvQ%3D%3D
1362,Under Review,24 187123 STE 04 OZ,2024-07-24,"The application at 2461-2475 Dundas St W proposes a 29-storey mixed use building, comprised of a 4-storey base building and 19,645 square metres of GFA. The application proposes 288 dwelling units (including 9 rental replacement units) and 360 square met",2461 DUNDAS ST W,4,19284.1,360.6,19644.7,288,http://app.toronto.ca/AIC/index.do?folderRsn=00RIt5M%2FGR5kjxU4gIts2A%3D%3D
1363,Under Review,22 210813 NNY 15 OZ,2022-09-29,"Proposal for a 34-storey mixed use building with 24,103 square meters of residential area and 202 square meters of ground floor retail area fronting Bayview Avenue for a total of 24,305 square meters with a 14.75 FSI.",1840 BAYVIEW AVE,15,20077,387,20464,303,http://app.toronto.ca/AIC/index.do?folderRsn=mtkFHEe1aUh0EWBDYtzFbg%3D%3D
1364,Active,21 125114 ESC 25 OZ,2021-03-10,Development comprising of a 5-storey parking structure with a retail use and cafe on the ground floor.,1050 MILITARY TRL,25,0,3118,3118,0,http://app.toronto.ca/AIC/index.do?folderRsn=T8yJvSslSMOhNt0YzgMWmg%3D%3D
1365,Under Review,22 138769 STE 14 OZ,2022-04-26,"Proposal for a 25-storey residential building inclusive of a 4-storey podium having a gross floor area of  19,091 square metres (FSI 8.86). The proposed development includes 299 residential dwelling units including 30 rental replacement.   A total of 32",26 COSBURN AVE,14,19263.3,0,19263.3,299,http://app.toronto.ca/AIC/index.do?folderRsn=sKfOvRtWRJTTenMZR%2FYAhg%3D%3D
1366,Built,16 228363 NNY 24 SA,2016-09-26,"The applicant is proposing to construct a new academic and administrative building, along the Finch Avenue East frontage of the Seneca College Newnham Campus.  The proposed building would have a height of five-storeys, and a gross floor area of 22,676 sq",1750 FINCH AVE E,17,0,25579,25579,0,http://app.toronto.ca/DevelopmentApplications/associatedApplicationsList.do?action=init&folderRsn=4034832&isCofASearch=false
1367,Under Review,24 226520 NNY 16 SA,2024-10-15,"The Site Plan application proposes the development of six (6) one (1)-storey industrial buildings, five (5) of which are multi-tenant industrial buildings. The proposal includes ultimate severance of the property into two (2) lots.",20 LESMILL RD,16,0,33916.45,33916.45,0,http://app.toronto.ca/AIC/index.do?folderRsn=2UbP3as6gnRN8W0RxBIu8g%3D%3D
1368,Built,16 263773 STE 21 SA,2016-12-13,Site Plan Approval for Phase A: 3979.0 square metres RGFA,2000 BATHURST ST,12,3983,0,3983,54,http://app.toronto.ca/AIC/index.do?folderRsn=xZej5DsqX4G13szqDkCIPA%3D%3D
1369,Active,20 165481 WET 03 SA,2020-07-09,"Proposed development of the subject lands for a four storey structure, with an at grade automotive dealership and above grade parking.",1599 THE QUEENSWAY,3,0,3217,3217,0,http://app.toronto.ca/AIC/index.do?folderRsn=kMnrh4AY5RKaZAZmTQRvmA%3D%3D
1370,Under Review,22 208860 STE 11 OZ,2022-09-26,The application proposes to amend Zoning By-law 569-2013 to permit a 44-storey mixed use building containing 247 residential dwelling units and 362 square metres of retail space.,18 ELM ST,11,19605,362,19967,247,http://app.toronto.ca/AIC/index.do?folderRsn=rVk0JL9JpNZhQFe08AU3SQ%3D%3D
1371,Built,17 116378 STE 27 OZ,2017-02-13,"Application to amend the Zoning By-law to permit redevelopment of the lands known municipally as 319, 321, and 323 Jarvis Street for a 46-storey mixed-use buidling with retail uses at grade:596dwelling units",319 JARVIS ST,13,32609,0,32609,596,http://app.toronto.ca/AIC/index.do?folderRsn=PbIjo2yMP8SBITr3TrnLog%3D%3D
1372,Active,22 201229 STE 10 OZ,2022-09-08,The proposed development consists of a 17-storey mixed-use building with a height of 52.8 metres to the top of the roof and 58.5 metres to the top of the mechanical penthouse. The building will be comprised of approximately 182 square metres of ground fl,952 KING ST W,10,14845,182,15027,227,http://app.toronto.ca/AIC/index.do?folderRsn=or5kMCsfWer5JhGbeqdpzQ%3D%3D
1373,Built,18 146118 WET 11 SA,2018-04-19,Construction of a new City Owned childcare facility.,1234 WESTON RD,5,0,1841,1841,0,http://app.toronto.ca/DevelopmentApplications/associatedApplicationsList.do?action=init&folderRsn=4356910&isCofASearch=false
1374,Active,15 227717 NNY 25 OZ,2015-09-24,"The proposed mixed-use development contains two residential towers and grade related retail uses. The 34 and 39 storey towers will accommodate a total of 736 residential units. A total gross floor area of 58,761 m2 is proposed, including 55,774 m2 of res",169 THE DONWAY  W,16,40674,1731,42405,570,http://app.toronto.ca/AIC/index.do?folderRsn=V4%2Be112mNPyTmhqsjMpxNQ%3D%3D
1375,Built,19 240046 NNY 18 SA,2019-10-23,"Site Plan application for gymnasium, classroom & child care addition to 'Hollywood Public School'.",360 HOLLYWOOD AVE,18,0,2099,2099,0,http://app.toronto.ca/AIC/index.do?folderRsn=DSaRndDO71ftoY48dofjvg%3D%3D
1376,Under Review,24 252430 NNY 18 OZ,2024-12-20,"OPA & Rezoning to permit the redevelopment of the subject site with a 46-storey (152.55-metre) purpose built rental apartment building, comprised of a 6- storey podium element and a 40-storey tower element, containing a total of 433 rental dwelling units",30 HENDON AVE,18,30696,0,30696,433,http://app.toronto.ca/AIC/index.do?folderRsn=7oi6TxkV1WyDpKNpzuZwkw%3D%3D
1377,Under Review,24 252687 WET 03 OZ,2024-12-20,"Proposal to amend the Official Plan and Zoning By-law to permit a 4-storey (15.2 metre) tall self-storage facility with a gross floor area of 11,168.26 square metres, 31 at-grade parking spaces and 3 truck loading bays.",2-4 MENDOTA RD,3,0,11168.26,11168.26,0,http://app.toronto.ca/AIC/index.do?folderRsn=OLPaOGVEjSr%2FA%2BGSDnXQWQ%3D%3D
1378,Under Review,24 252598 NNY 15 SA,2024-12-20,"Site Plan Control Placeholder for Thorncliffe Park Station, one of the stations included in the Ontario Line Elevated Guideway and Stations contract.",28 OVERLEA BLVD,15,0,3065.9,3065.9,0,http://app.toronto.ca/AIC/index.do?folderRsn=BVlJBqdDfxRQuC%2BfWloR%2Fw%3D%3D
1379,Active,19 182800 STE 10 OZ,2019-07-04,"Zoning By-law Amendment application to facilitate the redevelopment of the site with two hotel towers (17 storeys fronting Richmond Street West and 15 storeys fronting Camden Street). The two components will be connected by a common 2-storey podium, with",471 RICHMOND ST W,10,0,14756.77,14756.77,0,http://app.toronto.ca/AIC/index.do?folderRsn=%2BuIuP2K%2F0muHbgb%2BytKaSQ%3D%3D
1380,Under Review,22 233864 STE 10 OZ,2022-11-28,"Since receiving this application in November 2022, The Province of Ontario and the City of Toronto entered into an agreement setting out a New Deal for Toronto. The term sheet outlined nine core commitments for the City, including accepting the Province'",955 LAKE SHORE BLVD W,10,0,61342,61342,0,http://app.toronto.ca/AIC/index.do?folderRsn=5ITL%2FwmGIK2m7nw0914YBA%3D%3D
1381,Active,21 211444 WET 07 OZ,2021-09-12,"Official Plan and Zoning By-law amendments to permit 4 mixed-use buildings of heights 27, 29, 36 and 38 storeys consisting  of  1275 residential dwelling units, and non-residential gross floor area of 1,173sq.m., resulting in a total gross floor area of",15 TORYORK DR,7,93646,1173,94819,1275,http://app.toronto.ca/AIC/index.do?folderRsn=K8VMW65Dxy2YDRRmKkY27A%3D%3D
1382,Active,21 171081 ESC 20 OZ,2021-06-15,"12-storey mixed-use building, including 173 residential units and 342 square metres of commercial floor area at grade, and two levels of below-grade parking consisting of 87 parking spaces.",3095 EGLINTON AVE E,20,9665.34,342,10007.34,171,http://app.toronto.ca/AIC/index.do?folderRsn=r4S2agC2VVt%2Bc2P9zMgIxQ%3D%3D
1383,Under Review,24 106375 STE 13 SA,2024-01-19,"Site Plan Control application for a 7,544.3 square metres City of Toronto community centre to replace the existing John Innes Community Centre.",150 SHERBOURNE ST,13,0,7544,7544,0,http://app.toronto.ca/AIC/index.do?folderRsn=MXzpPdN1TsCSCTbU9y4aOA%3D%3D
1384,Active,17 264041 STE 19 OZ,2017-11-17,"The revised Zoning Amendment By-law application proposes to redevelop the site with four buildings containing a mix of commercial, employment and residential uses, an on-site public park, a multi-use path, other pedestrian and cycling connections and two",2 TECUMSETH ST,10,81828,14014,95842,1217,http://app.toronto.ca/AIC/index.do?folderRsn=HxGo4q5EvU0Uo3680%2BVnOA%3D%3D
1385,Under Review,24 253096 WET 07 OZ,2024-12-23,Official Plan Amendment application to redesignate the lands at 2450 Finch Avenue West from Regeneration Areas to Mixed Use Areas.,2450 FINCH AVE W,7,58581,14645,73226,998,http://app.toronto.ca/AIC/index.do?folderRsn=K7t7My1VM9b2A1TUC5xGDg%3D%3D
1386,Under Review,24 253098 NNY 16 OZ,2024-12-23,"Zoning By-law Amendment to permit the infill development of the subject site with a 39-storey purpose-built rental residential building (125.3 metres, exclusive of a 7.0 mechanical penthouse) atop a 5-storey podium, while retaining the existing 28-storey",45 GRENOBLE DR,16,28493.5,0,28493.5,405,http://app.toronto.ca/AIC/index.do?folderRsn=%2FmT8PhYjpzf%2FEe9%2BgINvjQ%3D%3D
1387,Active,18 272227 WET 03 OZ,2018-12-27,Proposal for redevelopment of the subject property with a 6-storey apartment building with 58 dwelling units within a pre-fabricated structure.,150 EIGHTH ST,3,5044,0,5044,58,http://app.toronto.ca/AIC/index.do?folderRsn=r2hI8G%2Bd4pALeXK0kDDg0Q%3D%3D
1388,Active,18 255250 ESC 36 OZ,2018-11-12,The applicant proposes the redevelopment of this site with a 10-storey mixed use building comprised of a total of 138 new residential units atop ground floor commercial space. The applicant proposes to widen the City owned existing substandard laneway to,2880 KINGSTON RD,20,8937.3,294.8,9232.1,138,http://app.toronto.ca/AIC/index.do?folderRsn=a8%2BqOH87EcVWId%2BuVhmuLg%3D%3D
1389,Under Review,24 253487 STE 14 OZ,2024-12-24,"Official Plan Amendment proposing redevelopment of the Hearn Power Generating Station. The site is subject to the Port Lands Area Specific Policies of the City's Central Waterfront Secondary Plan, which envisions the Hearn as a catalytic destination for",440 UNWIN AVE,14,664000,70836,734836,8400,http://app.toronto.ca/AIC/index.do?folderRsn=ORVfzIh9Hfk2K4%2B%2FPq2vKw%3D%3D
1390,Active,21 138377 ESC 24 OZ,2021-04-09,The application proposes 4 mixed-use buildings ranging from 10 to 35 storeys with commercial uses at grade and residential uses above. The proposed development is as follows: a 10-storey and 12-storey mid-rise buildings along Kingston Road; a 25-storey a,4121 KINGSTON RD,24,85616,3395,89011,1029,http://app.toronto.ca/AIC/index.do?folderRsn=7Bt3jUNGatQZz36uWG2sZw%3D%3D
1391,Active,21 207592 STE 11 OZ,2021-09-02,"Zoning By-law Amendment to facilitate the development of the site for a 9-storey mixed-use building having a non-residential gross floor area of 350 square metres, and a residential gross floor area of 4680 square metres.  A total of 46 residential dwell",110 AVENUE RD,11,4723,333,5056,55,http://app.toronto.ca/AIC/index.do?folderRsn=bu3tqLak9d2Vp7Bz2mPfrg%3D%3D
1392,Active,22 138879 WET 07 OZ,2022-04-27,Proposed development of a 15 storey residential building (14 storeys of residential plus 1 storey of amenity/mechanical pent house space) containing 190 residential units while maintaining the the existing church. The new development will be located on t,3350 WESTON RD,7,13063,0,13063,190,http://app.toronto.ca/AIC/index.do?folderRsn=2fSlfIoyAZ3dheAXJ8ZOWw%3D%3D
1393,Active,22 202882 ESC 20 OZ,2022-09-13,"Proposal to redevelop the Subject Lands and provide a 46-storey mixed-use building (exclusive of mechanical penthouse). The proposed development will have a total gross floor area of approximately 38,348 sq. m., with 500 sq. m of non-residential uses at",2941 EGLINTON AVE E,20,38348,500,38848,578,http://app.toronto.ca/AIC/index.do?folderRsn=gZrlflqdNNCSEEY0oMO8EQ%3D%3D
1394,Active,22 203398 ESC 20 OZ,2022-09-14,"The proposed redevelopment consists of a new mixed-use building of 15-storeys with an additional floor of rooftop amenity space, containing retail space on the ground floor and 274 residential dwelling units. The total gross floor area (GFA) of the devel",673 WARDEN AVE,20,21560.4,353,21913.4,314,http://app.toronto.ca/AIC/index.do?folderRsn=pJ%2BcQ8LQpdL4m2NBvjyPiw%3D%3D
1395,Under Review,25 109841 STE 13 OZ,2025-01-28,"This is a Zoning By-law Amendment submission by the Province (Infrastructure Ontario) for a Transit Oriented Community (TOC) on two sites municipally known as 383 King Street East, 39 Berkely Street, 250-250 Front Street East, 68-70 Parliament Street and",383 KING ST E,13,182868,9612,192480,2410,
1396,Built,20 204651 WET 03 SA,2020-10-08,"Three sites are being combined. Demolish existing 1 storey school and childcare at 65 Jutland Rd and replace with 6696 sqm, 2-storey school and childcare. Demolish Candy Factory at 956 Islington and redevelop into sports fields, playgrounds and new schoo",65 JUTLAND RD,3,0,6696,6696,0,http://app.toronto.ca/AIC/index.do?folderRsn=CBoBrrWnOcqUz2wBZtw15A%3D%3D
1397,Under Review,25 112588 STE 10 OZ,2025-02-04,Transit-oriented community submission by Infrastructure Ontario along the Ontario Line and integrated with Exhibition Station..  Not a typical development application.,1 ATLANTIC AVE,10,107045,8053,115098,1448,
1398,Active,18 269905 ESC 20 OZ,2018-12-18,This rezoning application is to permit a 439-unit (condominium tenure) residential development contained in two buildings consisting of  11 storeys and 22 storeys.,2746 KINGSTON RD,20,35175.3,0,35175.3,558,http://app.toronto.ca/AIC/index.do?folderRsn=PlaWOQVpNyQG%2FOyi30Ib0Q%3D%3D
1399,Active,20 169076 WET 03 OZ,2020-07-17,"The application proposes two mixed use buildings, a 27-storey tower and a 6-storey mid-rise building atop a connected base building. The highest building heights are concentrated at the south-west corner of the Property and ecreases in height to the nort",2 EAST MALL CRES,3,39956.43,325.19,40281.62,606,http://app.toronto.ca/AIC/index.do?folderRsn=ySzTS2uwomhp5oCMp7ItJQ%3D%3D
1400,Active,20 183834 WET 07 OZ,2020-08-21,Revised Official Plan Zoning By-law amendment application to permit a 30-storey apartment building containing 403 new rental dwelling units. The existing buildings and all 517 existing rental housing units will be retained. The revised proposal contains,3400 WESTON RD,7,31350,565,31915,403,http://app.toronto.ca/AIC/index.do?folderRsn=TXZO9GYvnC2WpI03Z%2FrNSQ%3D%3D
1401,Active,16 269853 ESC 37 OZ,2016-12-22,"Official Plan Amendment application to add new policies to the Official Plan for the lands at 1880-1892 Eglinton Ave. East (the Golden Mile Shopping Centre) and 1523 & 1525-1545 Victoria Park Ave. for a new mixed-used development, including a new food st",1880-1890 EGLINTON AVE E,21,274047.8,37844.7,311892.5,3597,http://app.toronto.ca/AIC/index.do?folderRsn=4M2Un1ZCIFvykHNhgsGg6g%3D%3D
1402,Under Review,22 241654 STE 19 OZ,2022-12-21,"Rezoning and Official Plan Amendment applications for a 33 storey residential tower (Tower A)  and a 48 storey residential tower (Tower B) connected by a 2-8 storey base which together contains 1,050 new residential dwelling units, a total gross floor ar",2681 DANFORTH AVE,19,72665.3,12216,84881.3,1050,http://app.toronto.ca/AIC/index.do?folderRsn=L4EZYk2mJLf%2BBBc1yfTbfA%3D%3D
1403,Active,21 134156 ESC 20 OZ,2021-03-30,Development comprising of a 12-storey residential building with below grade parking.,54 GLEN EVEREST RD,20,33061,0,33061,414,http://app.toronto.ca/AIC/index.do?folderRsn=o3HOlWHSfXQ%2FoqbVhvj93g%3D%3D
1404,Active,19 195542 STE 11 OZ,2019-07-25,"Proposed Rezoning for a new 13-storey mixed-use building containing 239 rental dwelling units and 893 m2 of non-residential floor area.  Total Floor area on the lot is 15,294 m2.",315 SPADINA AVE,11,14554.19,877.24,15431.43,219,http://app.toronto.ca/AIC/index.do?folderRsn=xtFSAgqxTrem%2FrkrDY%2B0%2Fw%3D%3D
1405,Under Review,25 101365 NNY 15 OZ,2025-01-06,"Proposal to permit a 39-storey mixed-use building with a total gross floor area of 30,628m2 (5.63 FSI), and comprised of 1,128m2 of non-residential space on the ground floor and 475 residential units. The proposed development includes a tower element tha",20 BRENTCLIFFE RD,15,29128.6,1128.3,30256.9,475,http://app.toronto.ca/AIC/index.do?folderRsn=ggrX1wP8W8i%2B8mjyBoPR0w%3D%3D
1406,Under Review,23 119677 WET 03 SA,2023-03-03,"The application seeks to redevelop the property by demolishing the existing two-storey mixed-use building and construct a new eight-storey mixed-use purpose built rental building with 54 residential units, one commercial unit at-grade totaling 111 square",430 ROYAL YORK RD,3,2825.5,111.1,2936.6,54,http://app.toronto.ca/AIC/index.do?folderRsn=y9EXR1YaD68zoZHaIZOvgw%3D%3D
1407,Under Review,24 201112 NNY 06 OZ,2024-08-20,"The proposed Official Plan and Zoning By-law Amendments provides for the redevelopment of the subject site with a 33-storey (110.8 metres including mechanical penthouse) residential building, containing a total gross floor area of approximately 24,926 an",2 TIPPETT RD,6,24926,0,24926,417,http://app.toronto.ca/AIC/index.do?folderRsn=pX23kPo%2FGWZVTuK8f8NrBg%3D%3D
1408,Under Review,25 102468 STE 13 OZ,2025-01-08,Combined Official Plan & Zoning By-law Amendment for a 67-storey mixed use building with 787 square metres of non-residential uses at grade. A total of 774 residential units are proposed.,239 YONGE ST,13,48451,787,49238,774,http://app.toronto.ca/AIC/index.do?folderRsn=vIEyyJ1ub4ctmO0Cbl004g%3D%3D
1409,Active,23 124224 STE 10 OZ,2023-03-17,"Zoning By-law Amendment application for the Art Gallery of Ontario to construct a six-storey addition with a two-storey mechanical penthouse to the existing building of approximately 4,600 square metres. Associated Site Plan Control application is under",317 DUNDAS ST W,10,0,4448,4448,0,http://app.toronto.ca/AIC/index.do?folderRsn=9SahmGjRE3FoawcxHAmS2g%3D%3D
1410,Under Review,25 102375 STE 11 OZ,2025-01-08,"Combined Official Plan & Zoning By-law Amendment for a 12-storey building containing 86 dwelling units, and the adaptive re-use of the heritage listed buildings at 262 and 264 St. George Street.",262 ST GEORGE ST,11,6084,0,6084,86,http://app.toronto.ca/AIC/index.do?folderRsn=LFfhbLMn7QwrJGBjy3KRQw%3D%3D
1411,Under Review,22 208392 ESC 20 SA,2022-09-25,"Site Plan Control application to permit Phase 1 of the development at 1891 Eglinton Ave E, which will consist of two mixed-use buildings on the northwest portion of the lands. The western building (Building A) will have a height of 48 storeys (152.5 m. e",1891 EGLINTON AVE E,20,64747,3745,68492,1080,http://app.toronto.ca/AIC/index.do?folderRsn=HrFKua0XJh02aSjLjsETiQ%3D%3D
1412,Active,22 138373 STE 10 SA,2022-04-26,"Phase 3 - Site Plan Approval for an 80-storey mixed-use building having a non-residential gross floor area of 2740 square metres and a residential gross floor area of 76,716 square metres.  877 residential dwelling units are proposed, of which, 121 are a",7 YONGE ST,10,87783,3094,90877,998,
1413,Under Review,21 147095 WET 03 SA,2021-04-28,"Proposal to construct a 5-storey mixed-use building, with a main floor retail/commercial component fronting Dundas Street W. The proposed 30 purpose-built rental units development would provide a mix of 1, 2, and 3-bedroom units. The gross floor area (GF",5134 DUNDAS ST W,3,2209,106,2315,30,http://app.toronto.ca/AIC/index.do?folderRsn=4NtwQrZgRGAjP3TS0kXlsA%3D%3D
1414,Under Review,24 131338 WET 03 SA,2024-04-02,"Site Plan Application to permit an 11-storey mixed-use building containing 208 residential dwelling units, 340 square metres of at grade commercial retail space, and a private laneway with a public easement to the rear of the building. A total of 92 park",1156 THE QUEENSWAY,3,12860,340,13200,208,http://app.toronto.ca/AIC/index.do?folderRsn=3E62Ua3%2BMWil1jeGyZXDlA%3D%3D
1415,Built,17 245539 STE 20 SA,2017-10-10,"Submission 3 for BUILDING C: One of four site plan applications for the residential portion of the redevelopment of the former Globe and Mail lands (aka ""The Well"").  These residential site plan applications are related to the non-residential ""Master"" si",440 FRONT ST W,10,17073.1,0,17073.1,99,http://app.toronto.ca/AIC/index.do?folderRsn=ipg631AEzCKj53lKFl3GfQ%3D%3D
1416,Active,19 187348 WET 03 OZ,2019-07-11,To amend the Official Plan to permit the mixed-use redevelopment of the periphery surface parking lots around the shopping mall with eight new buildings including podiums ranging from 2 to 8 storeys in height with 15 tower elements ranging from 17 to 45,25 THE WEST MALL,3,184381,114702,299083,2382,http://app.toronto.ca/AIC/index.do?folderRsn=PXG8GIbS%2BWRhu4bBrz0jkw%3D%3D
1417,Under Review,25 104642 ESC 22 OZ,2025-01-14,"To permit the development of a 14-storey residential building (exclusive of the mechanical penhouse) containing 241 dwelling units, 136 vehicular parking spaces, 181 bike parking spaces, and 1 type ""G"" loading space.",3195 SHEPPARD AVE E,22,21033.71,0,21033.71,241,http://app.toronto.ca/AIC/index.do?folderRsn=pNaOkjBrl67jgFHYlN06ZA%3D%3D
1418,Active,21 239751 STE 12 OZ,2021-11-19,Zoning by-law amendment for twelve 3-storey back to back townhouse units.,569 CHRISTIE ST,12,2346,0,2346,16,http://app.toronto.ca/AIC/index.do?folderRsn=krAqm77Za2pHdmfa6mBpJg%3D%3D
1419,Active,16 247312 WET 03 OZ,2016-11-04,"Zoning By-law Amendment Application for a 21-storey tower rental building having 249 units on a site containing an existing 14 storey rental building. The site would have a total GFA of 29,145sq m",555 THE WEST MALL,2,16565,50,16615,249,http://app.toronto.ca/AIC/index.do?folderRsn=xMzToJOgZGlFWQR%2Bz3yTXQ%3D%3D
1420,Active,17 275276 STE 20 OZ,2017-12-13,Zoning By-law Amendment application to permit the construction of a 16-storey (plus mechanical penthouse) non-residential building with retail uses at ground and commercial uses above.,96 SPADINA AVE,10,0,21600,21600,0,http://app.toronto.ca/AIC/index.do?folderRsn=EWdqwz%2FPaxZqoUPjbJ%2FTKg%3D%3D
1421,Built,13 241316 NNY 09 OZ,2013-09-25,"The orginal application for a 19 storey mixed used building and three four-storey stacked townhouses was appealed to the Ontario Municipal Board, # Pl141473. Settlement of August 18, 2015 approved a 12 storey main building with 2 wings of 10 and 6 storey",3100 KEELE ST,6,28108.3,94.8,28203.1,363,
1422,Under Review,13 278533 WET 11 OZ,2013-12-16,Proposed amendments to the City's Official Plan to redesignate the north two-thirds of the lands from Employment Areas to Mixed Use Areas and establish a new Site and Area specific policy No. 447 over the entire site.  Application has been appealed to th,6 LLOYD AVE,5,60537,5081,65618,1033,
1423,Built,13 180561 WET 06 OZ,2013-06-04,Proposed amendments to the Etobicoke Zoning Code to permit the development of 98 residential units .,300 VALERMO DR,3,29910,0,29910,98,
1424,Under Review,24 143269 WET 03 OZ,2024-05-02,"Official Plan Amendment and Zoning By-law Amendment application to permit a 45-storey mixed use building with a 4-storey podium. The proposal includes a total gross floor area of 33,919 square metres, of which 33,458 square metres would be residential gr",4875 DUNDAS ST W,3,33458,461,33919,488,http://app.toronto.ca/AIC/index.do?folderRsn=WkX1PJlyEw9V%2BVmfhYB7Ug%3D%3D
1425,Under Review,17 278424 WET 02 OZ,2017-12-21,"Zoning By-law Amendment application to permit the redevelopment of the northern portion of the lands at 750 Queens Plate Drive (formerly 840 Queens Plate Dr) with a 17-storey building containing 152 residential units and a gross floor area of 12,000 squa",840 QUEENS PLATE DR,1,12045,0,12045,152,http://app.toronto.ca/AIC/index.do?folderRsn=1g1qnUKe1ysievsd111Zew%3D%3D
1426,Built,22 111623 ESC 25 SA,2022-02-07,To construct a one storey industrial building.,895 X MILNER AVE,25,0,9503,9503,0,http://app.toronto.ca/AIC/index.do?folderRsn=AvabbmIy4I8EtMleTaSrkQ%3D%3D
1427,Under Review,24 178354 NNY 06 OZ,2024-07-10,"An Official Plan Amendment and Zoning By-law Amendment application has been submitted for a mixed use development with 50, 52, and 55-storey buildings on top of an existing 5-storey building with 6,870 square metres of commercial and 213 m2 of institutio",20 DE BOERS DR,6,103732,120,103852,1759,http://app.toronto.ca/AIC/index.do?folderRsn=WJHpw9k%2FLLgaDW1U6iBe9g%3D%3D
1428,Built,11 243742 STE 20 OZ,2011-07-22,"Revised proposal for a 54-storey commercial building fronting Front Street West, with a 5-storey podium base along Simcoe Street.  The proposed development will have a non-residential gross floor area of 125,000 square metres, and provide 370 parking spa",156 FRONT ST W,10,0,115515,115515,0,
1429,Built,12 105985 WET 02 SA,2012-01-13,Proposal to construct two (2) storey office buildings.,165 GALAXY BLVD,1,0,14114,14114,0,
1430,Active,21 249697 STE 11 OZ,2021-12-17,"Zoning By-law Amendment application to permit a 78-storey mixed-use building, containing 1,118 dwelling units and 1,153 square metres of non-residential gross floor area. Related OPA application: 23 118767 STE 11 OZ.",83 BLOOR ST W,11,64615,1650,66265,1081,http://app.toronto.ca/AIC/index.do?folderRsn=Uq56p3%2Fcl40nbu3PysV3%2Fg%3D%3D
1431,Built,21 234785 ESC 25 SA,2021-11-05,Site Plan Approval for a 5-storey modular residential building containing 64 units and renovated existing building contaiing 22 units (total of 86 residential units).,4626 KINGSTON RD,25,3696.6,0,3696.6,86,http://app.toronto.ca/AIC/index.do?folderRsn=ehR36gnNdbFq%2BV0fz8v%2Bgg%3D%3D
1432,Active,23 142154 WET 01 SA,2023-05-05,Proposed demolition of an existing 1-storey Keg restaurant and the construction of a new 1-storey Keg restaurant. August 2023 completed re-circ 1.,927 DIXON RD,1,0,938,938,0,http://app.toronto.ca/AIC/index.do?folderRsn=NaPyklTiZFJFTktqMkS2bg%3D%3D
1433,Under Review,25 108662 STE 10 OZ,2025-01-24,"Combined Official Plan & Rezoning for a 55-storey mixed-use building that will incorporate the existing building facade. The proposal consists of a total of 732 residential dwelling units and approximately 44,379 square metres of total GFA, including app",151 LIBERTY ST,10,43239.47,1140.03,44379.5,732,http://app.toronto.ca/AIC/index.do?folderRsn=to7%2BZawuzrsIgTd%2FsS3EzA%3D%3D
1434,Active,21 222665 NNY 06 SA,2021-10-06,Proposed addition to an existing three-storey mausoleum at Westminster Cemetery. The addition will have three-storeys above grade.,5830 BATHURST ST,6,0,5280,5280,0,http://app.toronto.ca/AIC/index.do?folderRsn=yAwtnwZD7hA95t79Ir%2F3OA%3D%3D
1435,Active,16 232831 STE 28 OZ,2016-10-04,The proposed mixed use redevelopment consists of two residential towers with a unified base building with tower heights of 34 and 36 storeys.   The base building includes ground floor retail and second floor office space..,254 KING ST E,13,70324,5441,75765,925,http://app.toronto.ca/AIC/index.do?folderRsn=svig9HTu2ZKX3T31MyvoFw%3D%3D
1436,Built,05 204847 STE 20 OZ,2005-11-23,Proposed 20-storey residential condominium building with commercial at grade.,99 BLUE JAYS WAY,10,32738,479,33217,543,
1437,Under Review,24 146664 NNY 08 OZ,2024-05-10,"Application for a 56-storey mixed-use building containing 407 residential units and 272.2 square-meters of commercial space at-grade. The building will feature a 3-storey podium with outdoor amenity space above, and a 53-storey tower. It will contain a c",2346 YONGE ST,8,36383.5,272.2,36655.7,407,http://app.toronto.ca/AIC/index.do?folderRsn=WkLBPzXnQBoelGEqSk5R4g%3D%3D
1438,Active,21 235582 NNY 18 OZ,2021-11-08,Zoning By-law Amendment for 44 new townhouse units having a total residential gross floor area of 8158 square metres.,68 CHURCHILL AVE,18,7909,0,7909,49,http://app.toronto.ca/AIC/index.do?folderRsn=sQqcEwAymaB4km8yHq1N%2Fw%3D%3D
1439,Under Review,22 226874 STE 19 SA,2022-11-07,"Site Plan application for the northern block to permit a mixed use building with a eight storey podium containing two towers above of 13 and 26 storeys. The proposal consists of 438 residential dwelling units, retail at grade and three levels of undergro",1408 VICTORIA PARK AVE,19,30773.3,1109.1,31882.4,438,http://app.toronto.ca/AIC/index.do?folderRsn=KjTmIGn48%2FHWwRS8eMad8g%3D%3D
1440,Active,21 251851 NNY 08 OZ,2021-12-29,Proposed Zoning By-law Amendment application to facilitate the redevelopment of the site for a 2-storey institutional building having a non-residential gross floor area of 1547.83 square metres. A total of 33 parking spaces are proposed.** Note Concurren,515 COLDSTREAM AVE,8,0,1547.83,1547.83,0,http://app.toronto.ca/AIC/index.do?folderRsn=5j7WheS0TDYqos3GPCz1bw%3D%3D
1441,Under Review,25 111321 ESC 20 SA,2025-01-31,"The proposal involves a 4,850-square-metre single-storey warehouse addition with a raised roof to the existing 5,850-square-metre industrial building for a total of 10,700 square metres, developed in two phases.",110-120 MACK AVE,20,0,4850,4850,0,http://app.toronto.ca/AIC/index.do?folderRsn=xw118hKsSVSG1jedubg3mA%3D%3D
1442,Active,22 192672 WET 03 SA,2022-08-18,Proposal for a new industrial building expansion and site alterations for the existing property at 450 Kipling Avenue.,450 KIPLING AVE,3,0,17888,17888,0,http://app.toronto.ca/AIC/index.do?folderRsn=WraTSTlRTx0WLWrADiHB1A%3D%3D
1443,Under Review,22 225964 NNY 15 OZ,2022-11-04,"Proposal  for a 40 storeys mixed-use building, including residential and commercial components. The building will contain a total of 465residential units and 564 m2 of retail space fronting Eglinton Avenue East. The residential GFA is 27,719.8 m2. result",589 EGLINTON AVE E,15,27867,719,28586,470,http://app.toronto.ca/AIC/index.do?folderRsn=wFv7hYNkvu2SGO0mHkP7qA%3D%3D
1444,Active,19 231689 STE 13 OZ,2019-10-03,Official Plan and Zoning By-law Amendment to facilitate the development of a 34-storey tower with 4-storey podium containing 433 residential dwelling units.,111 RIVER ST,13,31720,0,31720,516,http://app.toronto.ca/AIC/index.do?folderRsn=4cuw59zJUicc%2BHUMxlqRSw%3D%3D
1445,Active,20 226357 STE 10 OZ,2020-12-07,"An application to amend the Zoning By-law to permit a 60-storey (199 metre including the mechanical penthouse) mixed-use building. The proposal contains a non-residential gross floor area of 1,528 square metres on the first two floors and 554 residential",240 ADELAIDE ST W,10,30864,8113,38977,415,http://app.toronto.ca/AIC/index.do?folderRsn=kAxXR3hw2%2FZmByF96Y02eg%3D%3D
1446,Built,17 239225 ESC 44 OZ,2017-09-26,"Proposed Zoning By-law Amendment application for a student residence building at the University of Toronto Scarborough.  The application is to allow for a 9-storey (32.85 m) building with a total Gross Floor Area (GFA) of 23,660 square metres.  The propo",3300 ELLESMERE RD,25,23659.94,0,23659.94,0,http://app.toronto.ca/AIC/index.do?folderRsn=ObG0UbPbIKAMuIC2C%2BPG4A%3D%3D
1447,Active,15 225699 WET 01 OZ,2015-09-21,This application proposes to amend Site Specific Zoning By-law No. 236-2013 to permit the development of the lands at 1155 Albion Road with a 5-storey seniors apartment building.,1155 ALBION RD,1,5359,0,5359,86,
1448,Active,22 217986 WET 02 OZ,2022-10-17,"Revised proposal to retain the existing 13-storey residential building on site and to develop three new buildings with heights of 12, 9, and 10 storeys respectively . 484 residential units are proposed with a total of 38, 061 sq/m of gross-floor-area (GF",210 MARKLAND DR,2,37093,328,37421,484,http://app.toronto.ca/AIC/index.do?folderRsn=kT%2F3y8m%2FeHZpOx49ICtUyA%3D%3D
1449,Under Review,21 196875 STE 09 OZ,2021-08-11,"Official Plan and Zoning By-law Amendment application to facilitate the development of the site for 3 mixed-use towers having heights of 30, 40, and 45 storeys atop podiums with ranging heights of 3-8 storeys.  The proposed non-residential gross floor ar",1799 ST CLAIR AVE W,9,93034.4,10699,103733.4,1174,http://app.toronto.ca/AIC/index.do?folderRsn=oZqSDCVpP5qWZUD%2BiLtqJQ%3D%3D
1450,Under Review,24 149325 STE 14 OZ,2024-05-15,"Official Plan & Zoning By-law Amendment for (3) new towers at 43-storeys, 46-storeys, and 49-storeys, comprised of 1626 units, with a total of 115,173.8 square metres of residential space. The proposal also includes 1,990.9 square metres of non-residenti",120 BOUCHETTE ST,14,117999,1989,119988,1626,http://app.toronto.ca/AIC/index.do?folderRsn=O3knE3Ll8L06MyzSbDEYkg%3D%3D
1451,Active,24 123646 STE 19 OZ,2024-03-08,"Zoning By-law Amendment for a 40-storey (126 metres plus 6 metre MPH) high-rise residential development, with a 6-storey podium. The proposal will contain 535 dwelling unit and comprise of 38,806 m2 residential gross floor area, two levels of underground",90 EASTDALE AVE,19,38806,0,38806,547,http://app.toronto.ca/AIC/index.do?folderRsn=RehUeFAvbwH5UNv71hfqvw%3D%3D
1452,Active,16 271272 WET 11 OZ,2016-12-28,Proposed redevelopment of the site with a combination of mixed-use and residential buildings.,87 ETHEL AVE,5,94473.5,7254.2,101727.7,1410,http://app.toronto.ca/AIC/index.do?folderRsn=lCTQ9GXApPH1me6JiyE29g%3D%3D
1453,Active,19 115474 STE 11 OZ,2019-02-14,Official Plan and Zoning By-law Amendment application to permit a 39-storey mixed-use building with a 12 storey podium. The proposed development would retain the front facade of the existing building  and relocate the interior chapel. The remainder of th,95 ST JOSEPH ST,11,23281,24201,47482,446,http://app.toronto.ca/AIC/index.do?folderRsn=Wx87TTsQChV56m1E0A0LFA%3D%3D
1454,Under Review,25 113541 NNY 15 OZ,2025-02-06,"Rezoning  application proposing to redevelop the Subject Lands with two residential apartment buildings containing building heights of 15 storey's each (plus Mechanical Penthouse) with a total floor space index  of 7.31.  In total, the Proposal will cont",609 ROEHAMPTON AVE,15,15285.1,0,15285.1,209,http://app.toronto.ca/AIC/index.do?folderRsn=APw0gba4dWvT2Ag0rO3jNQ%3D%3D
1455,Active,21 200781 WET 01 SA,2021-08-18,Site Plan Application for a west-side two-storey addition to the existing automotive retail and service dealership.,248 REXDALE BLVD,1,0,813.2,813.2,0,http://app.toronto.ca/AIC/index.do?folderRsn=mUXIE6RAA4Sg%2BcxnY0NmXw%3D%3D
1456,Built,09 165755 NNY 23 OZ,2009-09-03,"REVISED PROPOSAL MAY 23, 2017: 31-storey residential tower, including a 2-5 storey podium base building and a 10-storey commercial/office building. The towers wil have a total of 308 residential units of which seven will be relocated rental units previou",5220 YONGE ST,18,20849.81,18065.04,38914.85,308,http://app.toronto.ca/AIC/index.do?folderRsn=pJglfvKXpNHF3QmC9AZcZA%3D%3D
1457,Active,20 222158 STE 09 SA,2020-11-24,Proposal for a 2-storey addition to the existing building for a proposed total 4-storeys.  the proposed non-residential gross floor area is 4895 square metres.,300 GEARY AVE,9,0,2724.9,2724.9,0,http://app.toronto.ca/AIC/index.do?folderRsn=DJdKvlYx6ZPvxzSSgWV2uA%3D%3D
1458,Built,18 149422 STE 30 OZ,2018-04-26,Zoning By-law Amendment to facilitate redevelopment of the site with a 6-storey mixed-use building containing 47 rental dwelling units with approximately 360 square metres of retail at grade and 3554square metres of residential gross floor area.,1151 QUEEN ST E,14,3554,360,3914,47,http://app.toronto.ca/AIC/index.do?folderRsn=xw6vFM2R8%2Bo38TnxHwpdiQ%3D%3D
1459,Built,10 140492 STE 22 OZ,2010-03-26,Rezoning application for both 2112 and 2114 Yonge st.  Planning application for construction of 10 storey mixed use building - 80 residential units - 2 levels below grade parking - 60 parking spaces in total - 387m of retail space on ground floor - no pa,2112 YONGE ST,12,7512,485,7997,70,
1460,Under Review,20 145731 WET 01 SA,2020-05-15,Site Plan Control application to permit the construction of a new seven-storey hotel building and amenity space that will create a hospitality campus at the SW corner of Dixon Road and Skyway Avenue.,801 DIXON RD,1,0,21019,21019,0,http://app.toronto.ca/AIC/index.do?folderRsn=bCoUALl2biXG8Dg525dDlQ%3D%3D
1461,Built,13 180572 ESC 40 OZ,2013-06-04,Zoning By-law Amendment Application to permit 295 residential units in two condominium buildings of 14 and 10 storeys with ground floor commercial uses fronting Sheppard Avenue East and 4 blocks of stacked townhouses containing 57 units to the rear of th,3445 SHEPPARD AVE E,22,30246,882,31128,378,
1462,Under Review,20 228056 NNY 06 OZ,2020-12-10,"Revised proposal for a 29-storey residential building with 296 residential units and a gross floor area of 20,761 square metres or 8.2 FSI. The proposed 29-storey residential building contains an 8-storey podium with a 21-storey tower on top. The propose",3374 KEELE ST,6,20342,0,20342,299,http://app.toronto.ca/AIC/index.do?folderRsn=NaHbBESFU0%2Forvl9eQXMzw%3D%3D
1463,Active,20 196316 ESC 20 OZ,2020-09-21,"Proposal to demolish a 3-storey hotel and development of a 10-storey, 163-unit residential building.",2151 KINGSTON RD,20,11543.48,0,11543.48,156,http://app.toronto.ca/AIC/index.do?folderRsn=gj%2F8316y2fUqG5SlztIhSw%3D%3D
1464,Active,16 145386 STE 20 OZ,2016-04-25,Rezoning application to allow construction of a 21-unit  in a 9-storey apartment building,321 DAVENPORT RD,11,4276,0,4276,23,http://app.toronto.ca/AIC/index.do?folderRsn=1WK280vAgfS3AAR7ssKIYA%3D%3D
1465,Under Review,21 228594 STE 09 OZ,2021-10-21,"Official Plan and Zoning By-law Amendment Application to facilitate the redevelopment of the site for a mixed-use development comprised of 7 buildings throughout the site, anchored by a public park.  The proposed residential gross floor area is 135,325 s",200 BENNY STARK ST,9,135325,18122,153447,1818,http://app.toronto.ca/AIC/index.do?folderRsn=lL917KhyCNzOkpjBViEQjg%3D%3D
1466,Under Review,22 203142 NNY 17 OZ,2022-09-13,"Proposed two residential towers with heights of 36 and 31storeys, connected by a 5-storey non-residential podium. The proposed development will retain the existing 4-storey medical office building on the site, with approximately 8,000 square metres of gr",5 FAIRVIEW MALL DR,17,83110,9588,92698,1295,http://app.toronto.ca/AIC/index.do?folderRsn=uYJC%2FSwS1Z7h3vZdm6Cdlw%3D%3D
1467,Under Review,21 149986 NNY 18 OZ,2021-05-04,Zoning By-law Amendment Application to permit the proposal for a three-storey mixed use building that includes two residential units and two levels of office space with three proposed parking spaces in the rear of the building.,52 FINCH AVE W,18,179.7,229.9,409.6,2,http://app.toronto.ca/AIC/index.do?folderRsn=YjyjbNsQoBFkXwhO2pw8eg%3D%3D
1468,Under Review,20 146488 WET 03 OZ,2020-05-19,An Official Plan and Zoning By-law Amendment application in order to redesignate the lands (from Regeneration Areas to Mixed Use Areas and Parks and Open Spaces) for a new GO Station as well as to permit an intensified mixed-use development which would i,2150 LAKE SHORE BLVD W,3,581009,118370,699379,7629,http://app.toronto.ca/AIC/index.do?folderRsn=Is%2FW09g2rB%2Fk%2BVwnj4yrrw%3D%3D
1469,Active,20 188104 NNY 17 OZ,2020-09-01,"Zoning Bylaw Amendment application to permit the proposal for a 12 storey mixed use building that would contain 206 dwelling units, 897 sqm of non residential gross floor area and 311 proposed parking spaces within a proposed three level underground gara",630 FINCH AVE E,17,31419.43,916.57,32336,168,http://app.toronto.ca/AIC/index.do?folderRsn=DqWRlIj7VuhpqQZ3YtYuNg%3D%3D
1470,Active,21 168610 NNY 08 OZ,2021-06-10,Zoning By Law Amendment Application to permit the proposal for a 14-storey mixed-use building that includes two levels of below-grade parking with a total of 209 parking spaces. The redevelopment proposes 352 dwelling units and a total of 659 square metr,3280 DUFFERIN ST,8,27893,332,28225,424,http://app.toronto.ca/AIC/index.do?folderRsn=C%2FC2QCtO8hiSb7PSBtkiGg%3D%3D
1471,Active,20 118393 ESC 20 OZ,2020-02-24,"Revised Application (August 2021) : The revised submission has reduced the tower heights of each tower by 2 storeys, to 25 and 29 storeys (previously 27 and 31 storeys), 483 residential units, 522 vehicular and 393 bike parking spaces, 1 type G and 2, ty",320 MCCOWAN RD,20,56102,0,56102,420,http://app.toronto.ca/AIC/index.do?folderRsn=mKwhnvPFubMyt%2Bzt1wqFQw%3D%3D
1472,Active,24 118280 NNY 08 OZ,2024-02-23,"Combined Official Plan and Zoning By-law Amendment application. The application seeks to demolish the existing low-rise buildings at 12-14, 18, and 20 Bentworth Avenue to permit the development of a mid-rise residential building. Proposal for a 9-storey",12-14 BENTWORTH AVE,8,8464,0,8464,137,http://app.toronto.ca/AIC/index.do?folderRsn=D3ZMIJSXKUfIl7zA1TrXww%3D%3D
1473,Built,17 245560 STE 20 SA,2017-10-10,"One of four site plan applications for the residential portion of the redevelopment of the former Globe and Mail lands (aka ""The Well"").  These residential site plan applications are related to the non-residential ""Master"" site plan application (file no.",440 FRONT ST W,10,51915,0,51915,659,http://app.toronto.ca/AIC/index.do?folderRsn=XSlNpuyZkQpsd1i7luTiew%3D%3D
1474,Under Review,22 133670 STE 11 OZ,2022-04-12,"A revised Official Plan and Zoning By-law Amendment application to permit a mixed-use development consisting of a 43-storey and 47-storey building (142 and 151 metres respectively) with a total of 832 residential units, and 1,283 square metres of non-res",1303 YONGE ST,11,60480,1221,61701,832,http://app.toronto.ca/AIC/index.do?folderRsn=aIylr7di91SibHWC%2Bul0Uw%3D%3D
1475,Active,16 148963 STE 27 SA,2016-05-02,Site Plan Control application to construct 6-storey addition to St. Michael's Hospital (demolish existing Shuter Wing; construct new Shuter Wing).,30 BOND ST,13,0,11293,11293,0,http://app.toronto.ca/AIC/index.do?folderRsn=hZs9eyX8z1Rxu9ogLx7Trg%3D%3D
1476,Active,13 131300 ESC 40 OZ,2013-03-11,"Zoning bylaw amendment for a proposed mixed use 18 storey, 179 unit  residential apartment condominium with 281 m2 of ground floor retail space. Application submitted in conjunction with Site Plan application 13 131294 ESC 40 SA.",2933 SHEPPARD AVE E,22,13883,299,14182,170,
1477,Under Review,25 117375 STE 14 SA,2025-02-14,Site Plan Placeholder Application for the Sammon Emergency Services Building (ESB) and Crossover as part of the Ontario Line Subway,885 PAPE AVE,14,0,6462,6462,0,http://app.toronto.ca/AIC/index.do?folderRsn=GEIJqmnjEyXq%2BRpoUd%2FAJg%3D%3D
1478,Built,20 124315 STE 13 OZ,2020-03-10,"52-storey, 681 dwelling units, building with retail space at grade",244 CHURCH ST,13,37005,315,37320,681,http://app.toronto.ca/AIC/index.do?folderRsn=0bpwpt5JrAzNlNk%2FkuphOg%3D%3D
1479,Active,18 189969 NNY 10 OZ,2018-07-06,"The proposed development comprises of 2 additional apartment buildings on the site, to be located north (22 storeys) and south (12 storeys) of the existing building (18 storeys). Two blocks 3-storey townhouses are proposed along the western boundary of t",25 FISHERVILLE RD,6,27666,0,27666,396,http://app.toronto.ca/AIC/index.do?folderRsn=%2BI1GKLcBlOyrEs3IrMT0Eg%3D%3D
1480,Active,18 254623 STE 20 OZ,2018-11-09,"Applications for Zoning By-law Amendment and Site Plan Approval to permit a 29-storey mixed use building with 42 residential units and 115 square metres of retail gross floor area. An Interim OLT Order was issued June 7, 2021 allowing the appeal in princ",210 BLOOR ST W,11,15766,100,15866,42,http://app.toronto.ca/AIC/index.do?folderRsn=UXC9p1qgrh2RDWGmSeCE7g%3D%3D
1481,Built,17 278161 NNY 26 SA,2017-12-21,"Site Plan application to permit phase 1 and  phase 2 of the 3 phase development. A total of 51,300 square metres of GFA (49,093 square metres of residential and 2,207 square metres of non-residential), 514 residential units and 516 parking spaces is prop",939 EGLINTON AVE E,15,49093,2207,51300,514,http://app.toronto.ca/AIC/index.do?folderRsn=3CszrzG2xoVf%2BRfeolHKzQ%3D%3D
1482,Under Review,24 246714 NNY 08 SA,2024-12-04,Site Plan Control Application proposes a new Community Recreation Centre and Child Care Centre as part of the Toronto Community Housing Lawrence Heights Revitalization project.,2 A FLEMINGTON RD,8,0,8638,8638,0,http://app.toronto.ca/AIC/index.do?folderRsn=%2Fj%2Bzxt7noBtwYPYu9nvOvw%3D%3D
1483,Under Review,22 226856 STE 19 SA,2022-11-07,"Site Plan application for the southern block to permit a mixed use building that consists of two towers of 13 and 23 storeys above a 9 storey podium. The proposal includes a total of 513 units, retail at grade, two levels of underground parking and a new",1400 VICTORIA PARK AVE,19,35854,1862.1,37716.1,513,http://app.toronto.ca/AIC/index.do?folderRsn=phQ3iSia1nq88InlKX%2B%2BpQ%3D%3D
1484,Active,22 186164 STE 12 OZ,2022-08-04,"Application to amend the Official Plan & Zoning By-law proposing a 130 m (38-storey) mixed-use building with commercial retail at-grade, one level of below grade parking and 520 residential units, including 14 rental replacement units.",775 VAUGHAN RD,12,29201,509,29710,498,http://app.toronto.ca/AIC/index.do?folderRsn=pNWyD2XJqPHyF9Gu4zn8BA%3D%3D
1485,Active,17 277975 STE 18 OZ,2017-12-20,"Zoning By-law Amendment to facilitate the development of an 7-storey office building, with a total GFA of 13,123 square metres.  The ground floor will allow for up to 218 square metres of GFA for an eating establishment or retail store.  33 parking space",57 WADE AVE,9,0,14080,14080,0,http://app.toronto.ca/AIC/index.do?folderRsn=UYNtkgk6qUhpw5T2uAvGAw%3D%3D
1486,Under Review,24 171220 NNY 08 OZ,2024-06-27,"Proposal for two towers, 35 and 39 storeys in height, with a six-storey base building. An eight-storey podium element connects the two towers and terraces down to ground-level outdoor amenity spaces and Benner Park. The proposal also includes a new mid-b",259 VIEWMOUNT AVE,8,58739,0,58739,1055,http://app.toronto.ca/AIC/index.do?folderRsn=Qx5HL60JwMlAnqEOlhutgg%3D%3D
1487,Under Review,24 252610 NNY 16 SA,2024-12-20,"Site Plan Control Placeholder for Flemingdon Park Station, one of the stations included in the Ontario Line Elevated Guideway and Stations contract.",770 DON MILLS RD,16,0,5232,5232,0,http://app.toronto.ca/AIC/index.do?folderRsn=dumBsJAsgFoKvuYKR52vkA%3D%3D
1488,Active,22 110042 NNY 08 OZ,2022-02-02,"Zoning By-law amendment application to facilitate redevelopment of the site for a 38-storey mixed-use building consisting of 388 residential dwelling units, a residential gross floor area of 22,980.62 square metres and a floor space index of 12.46 times",699 LAWRENCE AVE W,8,22645.28,141.51,22786.79,388,http://app.toronto.ca/AIC/index.do?folderRsn=AUghUFX2BpjrV6rGKKhGbg%3D%3D
1489,Active,23 227998 NNY 06 OZ,2023-11-20,The application proposes to amend the Official Plan and Zoning By-law to permit an 11-storey mixed-use building with 256 residential dwelling units and 209 parking spaces.,665 SHEPPARD AVE W,6,16769.64,151.32,16920.96,279,http://app.toronto.ca/AIC/index.do?folderRsn=oIjzFctF%2BgqnznFAIb94%2Bg%3D%3D
1490,Under Review,24 250727 STE 14 SA,2024-12-16,"Site Plan Control Placeholder for Leslieville Station, one of the stations included in the Ontario Line Elevated Guideway and Stations contract.",797 QUEEN ST E,14,0,4018,4018,0,http://app.toronto.ca/AIC/index.do?folderRsn=JUg4l2txVMWx%2Fen4tbGzyA%3D%3D
1491,Active,18 247908 ESC 37 SA,2018-10-25,"The application proposes a 1,470 square metre addition to the existing industrial building (Fish Processing and Repackaging Facility) to accommodate new freezers and loading docks. A portion of the existing building would be demolished. The subject lands",1 GOLDEN GATE CRT,21,0,1582.8,1582.8,0,http://app.toronto.ca/AIC/index.do?folderRsn=UqQ7d8Hoom%2FeDVWT39DFUA%3D%3D
1492,Under Review,25 120045 NNY 17 SA,2025-02-21,"Site Plan Control Application proposes the redevelopment of the existing Petro Canada gas  station. The proposed development includes the construction of a new gas station with an integrated convenience store, a quick service restaurant, outdoor patio se",3351 BAYVIEW AVE,17,0,288.1,288.1,0,http://app.toronto.ca/AIC/index.do?folderRsn=leIGGaZ0vPQhFxJH2qEwkQ%3D%3D
1493,Under Review,24 252705 STE 14 SA,2024-12-20,"Site Plan Control Placeholder for Gerrard Station, one of the stations included in the Ontario Line Elevated Guideway and Stations contract.",425 CARLAW AVE,14,0,5161,5161,0,http://app.toronto.ca/AIC/index.do?folderRsn=H576RkIJaSZKvLflGxWcnQ%3D%3D
1494,Active,19 115906 STE 10 OZ,2019-02-15,The proposed development is comprised of a total gross floor are of 13521.30 square meters Resulting in a density of 8.95 times the area of the lot. The hotel is proposed to contain a total of 319 suits along with a lobby bar for the hotel patrons.,689 KING ST W,10,0,13459.96,13459.96,0,http://app.toronto.ca/AIC/index.do?folderRsn=KMmai1Sn5Vi23pycLuk6nQ%3D%3D
1495,Active,21 146414 STE 04 OZ,2021-04-27,"In April of 2023, the Ontario Land Tribunal approved a development that proposes an 11-storey mixed-use building with 8,294 square metres of gross floor area, including 294 square metres of retail gross floor area and 130 residential units.",6 HOWARD PARK AVE,4,8000,294,8294,130,http://app.toronto.ca/AIC/index.do?folderRsn=N7IlJmRinsCCzrkAn4wzgg%3D%3D
1496,Active,21 185510 NNY 18 OZ,2021-07-16,"Official Plan and Zoning By Law Amendment application to permit the proposal for two residential rental buildings of 13 storeys in height, with a 2 to 6 storey podium. A total of 581 rental residential units are proposed.The proposed development would ha",10 OAKBURN CRES,18,37586.98,0,37586.98,581,http://app.toronto.ca/AIC/index.do?folderRsn=f1f412GvJWJYbEzIAVFUGA%3D%3D
1497,Active,18 133144 ESC 35 SA,2018-03-22,"To modify the existing self-storage building  with a front 4-storey addition with an area of 3,302 m2 and a rear 2-storey addition with an area of 1,128 m2.  The proposed development will be supported by 32 parking spaces, located to the side and rear of",681 WARDEN AVE,20,0,4430,4430,0,http://app.toronto.ca/AIC/index.do?folderRsn=%2BspRobeZYPvGrMytWVa3eg%3D%3D
1498,Active,20 176082 WET 03 OZ,2020-08-04,"To permit a mixed-use development on the Lands, in conformity with the Official Plan designation. The proposal will be completed in two phases with a 46-storey residential tower (Tower 1) located  on the eastern portion of the Lands and a 35-storey resid",1325 THE QUEENSWAY,3,77538,1322,78860,1187,http://app.toronto.ca/AIC/index.do?folderRsn=f%2Byh5iSWBSsmCPcwIwbhuQ%3D%3D
1499,Under Review,24 242044 NNY 16 SA,2024-11-22,"Site Plan Control Placeholder for the Science Centre Station, one of the stations included in the Ontario Line Elevated Guideway and Stations contract.",825 DON MILLS RD,16,0,5324.7,5324.7,0,http://app.toronto.ca/AIC/index.do?folderRsn=qddurfO%2Byd72gQCJ7%2B%2BJdA%3D%3D
1500,Active,22 203669 NNY 08 OZ,2022-09-14,"Official Plan and Zoning By-law Amendment to permit a 12-storey mid-rise, mixed-use building with retail fronting Dufferin Street, with a total gross floor area (GFA) of 12,748 square metres, consisting of 12,276 square metres of residential GFA and 492",3309 DUFFERIN ST,8,12276,472,12748,194,http://app.toronto.ca/AIC/index.do?folderRsn=QQWZoifb%2BlZlo%2FufVg41Nw%3D%3D
1501,Under Review,22 192793 NNY 08 OZ,2022-08-18,"The applicant has proposed a 3-storey institutional ""Kollel"" building and a 4-storey rental apartment building. The proposed Kollel building includes 1,521 square meters of gross floor area while the apartment building contains 16 dwelling units and a to",589 LAWRENCE AVE W,8,2456.69,1467.85,3924.54,16,http://app.toronto.ca/AIC/index.do?folderRsn=OhfWZZg2%2FJf4IkmEZZ7Shg%3D%3D
1502,Active,19 252405 WET 03 OZ,2019-11-22,"An application proposing a mixed-use development consisting of a 29- and 38- storey towers connected by a six-storey base building to be constructed in two phases. A development is comprised of 746 dwelling units, 461 square metres of commercial space an",8 JOPLING AVE S,3,52513,939,53452,746,http://app.toronto.ca/AIC/index.do?folderRsn=hp5ygfdMR1cA%2B4FBmT2MGQ%3D%3D
1503,Under Review,22 204512 STE 14 OZ,2022-09-16,"The development will contain approximately 74,054square metres of gross floor area, inclusive of  square metres of residential 58,459gross floor area, 15,595 square metres of non-residential space and 899 residential units, resulting in a gross density o",685 LAKE SHORE BLVD E,14,105088,4263,109351,1602,http://app.toronto.ca/AIC/index.do?folderRsn=vpYzek8JXYiaOF6xF1wI1A%3D%3D
1504,Under Review,14 113291 WET 17 SA,2014-02-04,To reconstruct the first and second floor of the existing mixed use building and to construct a complete third storey addition above and a three-storey addition to the rear of the building. The proposal includes an expanded retail space at grade and four,1859 DAVENPORT RD,9,216.06,26.1,242.16,2,http://app.toronto.ca/AIC/index.do?folderRsn=YKDeILu7r6ocU4QdOPRgaQ%3D%3D
1505,Under Review,21 231202 NNY 08 OZ,2021-10-27,"Zoning By-law amendment and Site Plan application for a proposed redevelopment of the site to permit an 8-storey mixed-use building having a non-residential gross floor area of 735 square metres, and a residential gross floor area of 13,458 square metres",1670 AVENUE RD,8,13456.7,734.5,14191.2,81,http://app.toronto.ca/AIC/index.do?folderRsn=EkJrR1zoG6VYBG1%2BYZQDVQ%3D%3D
1506,Built,18 206938 NNY 08 SA,2018-08-09,"Mass timber-constructed, four storey head office for Toronto Region Conservation Authority.  Rooftop terraces at the third and fourth levels and an extensive green roof.",5 SHOREHAM DR,7,0,7251,7251,0,http://app.toronto.ca/AIC/index.do?folderRsn=muvMyrtF8rEjRtiKrtTW4A%3D%3D
1507,Built,16 216777 STE 28 OZ,2016-09-01,"OMB Approved mixed-use building: 12 storeys plus mechanical penthouse, 379 dwelling units, 24,237 square metres of residential GFA and 890 square metres of retail.",18 EASTERN AVE,13,24237,890,25127,379,http://app.toronto.ca/AIC/index.do?folderRsn=jf4qcPuVQjI%2Bnpl%2Fn%2FVbAA%3D%3D
1508,Built,19 228343 NNY 17 SA,2019-09-27,"Site Plan application for the proposal to construct a 43 storey residential building. This application represents the second phase and consists of 1 residential (Phase 2 Building ""B"") with associated 6 level undergrounf garage and 5 storey podium.",2135 SHEPPARD AVE E,17,32350.44,0,32350.44,516,http://app.toronto.ca/AIC/index.do?folderRsn=tL3%2BuL1JMAJkLk0K9tgKYQ%3D%3D
1509,Active,21 233980 NNY 15 OZ,2021-11-04,"This application proposes to amend the Zoning By-laws to permit a 25-storey mixed use building containing 288 residential units, and 256 square metres of retail gross floor area on the ground floor.",1837 BAYVIEW AVE,15,19262,262,19524,300,http://app.toronto.ca/AIC/index.do?folderRsn=Ku9al2emaBlgcHoklo9ghA%3D%3D
1510,Under Review,24 166781 WET 07 SA,2024-06-18,"The proposed redevelopment  replaces 5 separate buildings  with a one-storey industrial building 7,508.09 sq.m in size with 504.15 sq. m devoted to an ancillary office component. An existing fabrication building, with a GFA of 2,301.95 sq.m, located on t",163 RIVALDA RD,7,0,7508.09,7508.09,0,http://app.toronto.ca/AIC/index.do?folderRsn=Da0a4nbG%2BoIVlCXmLzkGog%3D%3D
1511,Active,24 181288 STE 12 OZ,2024-07-16,"Combined Official Plan and Zoning By-law Amendment for new 7-storey, plus mechanical and amenity space (27.0 meters), 5,800-square meter, 24-unit apartment building, with 36 bicycle parking spaces and 55 vehicle parking spaces.",1 THELMA AVE,12,5737,0,5737,24,http://app.toronto.ca/AIC/index.do?folderRsn=uTwI5yTfaI1VaOXJX8g%2BDQ%3D%3D
1512,Active,16 173545 ESC 36 OZ,2016-06-14,"Resubmission: Applications to amend the Official Plan and relevant zoning by-laws in order to permit a 780 unit  residential development comprised of 20, 19, 15 and 8 storey buildings and two blocks of stacked townhouses.  The applicant proposes access t",253 MARKHAM RD,24,53736,0,53736,783,http://app.toronto.ca/AIC/index.do?folderRsn=EAbxiwHLMOm5rlSDFebMsQ%3D%3D
1513,Built,17 130136 STE 22 SA,2017-03-17,"Application for Site Plan Approval to construct a new 4-storey storey building, containing office uses and a place of worship (Salvation Army)",7 EGLINTON AVE E,12,0,2380,2380,0,http://app.toronto.ca/AIC/index.do?folderRsn=0O2iijtFlKGtLtYwz7ZRkw%3D%3D
1514,Active,22 116509 WET 07 OZ,2022-02-23,Construction of a 22-storey purpose-built rental residential apartment building in the northwest portion of the property.,1 YORK GATE BLVD,7,21209,0,21209,305,http://app.toronto.ca/AIC/index.do?folderRsn=uO5cKwzLB06R%2FJa%2B0v4F4w%3D%3D
1515,Under Review,24 241983 WET 01 SA,2024-11-22,"Proposed redevelopment of the subject site with two 1-storey large format industrial buildings.  The buildings are proposed to contain approximately 104,002 square metres of nonresidential  gross floor area, consisting primarily of warehousing space, wit",1870 ALBION RD,1,0,104002,104002,0,http://app.toronto.ca/AIC/index.do?folderRsn=97PhUJ0kkyHMd2tca%2FW3xg%3D%3D
1516,Built,17 150315 STE 22 OZ,2017-04-27,"To demolish a portion of the existing building (containing 20 units) and to allow a 40-storey apartment building containing 336 rental units, directly adjacent to the existing building.",75 BROADWAY AVE,12,24831,0,24831,336,http://app.toronto.ca/AIC/index.do?folderRsn=G7e6gqbL35E%2FnQdv9awYXw%3D%3D
1517,Under Review,25 124531 STE 04 OZ,2025-03-04,"Proposed 7-storey mixed-use building. The proposed development includes 34 dwelling units, ranging in size from bachelor to 3-bedroom units. One live-work unit is proposed, providing approximately 89.9 square metres of non-residential floor area at grade",3459 DUNDAS ST W,4,2312.4,89.9,2402.3,34,http://app.toronto.ca/AIC/index.do?folderRsn=U%2FSQSNdkerp08AQYNdFkQg%3D%3D
1518,Active,17 253844 STE 28 OZ,2017-10-26,"An application for Zoning By-law Amendment  to allow the construction of a 45-storey mixed-use building (149.5 metres, including mechanical penthouse) at 114 & 120 Church Street and 59 Richmond Street East.  The proposal is comprised of varying podium el",114 CHURCH ST,13,39534,702,40236,592,http://app.toronto.ca/AIC/index.do?folderRsn=ygo86LakUpWXAgerXtY7oQ%3D%3D
1519,Built,17 208710 NNY 33 SA,2017-07-31,"Redevelopment of the existing gas bar to include a larger gas bar, convenience store and eating establishment.",2500 SHEPPARD AVE E,17,0,292.8,292.8,0,http://app.toronto.ca/AIC/index.do?folderRsn=uKHOV3cSYoRWjtnrM2U2rw%3D%3D
1520,Under Review,20 229385 WET 03 OZ,2020-12-15,"Proposal for a mixed-use development comprised of an 11-storey mixed-use building. 177 residential units are proposed along with 238 square metres of commercial floor area at grade, with three levels of below grade parking consisting of 128 parking space",875 THE QUEENSWAY,3,11826.2,263,12089.2,152,http://app.toronto.ca/AIC/index.do?folderRsn=r7sLJTWNgvD4uWVSugsa9Q%3D%3D
1521,Under Review,20 230600 WET 07 OZ,2020-12-18,"Revised proposal for Official Plan and Zoning By-law amendments to permit five residential buildings with heights of 20, 35, 40, 45 and 55 storeys respectively. 2334 residential units are proposed with a total of 161,757 sq/m of gross-floor-area (GFA) wh",2345 FINCH AVE W,7,156795.22,3776.43,160571.65,2118,http://app.toronto.ca/AIC/index.do?folderRsn=1YzdlQynDg9Xildh4ggoFw%3D%3D
1522,Active,21 117250 WET 05 SA,2021-02-17,"Proposal to construct a 1-storey commercial building containing two units for future restaurants (unlicensed) and/or retail stores on the north portion of the property, while retaining the existing 1-storey restaurant on the south portion of the property",380 WESTON RD,5,0,270,270,0,http://app.toronto.ca/AIC/index.do?folderRsn=iz6573nB09BY2HwDqHxyzw%3D%3D
1523,Active,21 119571 NNY 06 OZ,2021-02-24,"Zoning By Law Amendment and concurrent Draft Plan of Subdvision applications to create 13 blocks within the William Baker Neighbourhood. Planned as new inclusive, compact and complete community that is walkable and well served by transit and active trans",1350 SHEPPARD AVE W,6,126400,13600,140000,4000,http://app.toronto.ca/AIC/index.do?folderRsn=9zx7PQAdnp5KxeSXFdsXXg%3D%3D
1524,Under Review,24 135633 NNY 17 OZ,2024-04-12,"Official Plan Amendment and Rezoning Amendment application to permit a proposal consisting of 3 buildings, including two residential towers at 48 and 48-storeys with a residential gross floor area of 70,468 square metres. A new YMCA facility that is up t",567 SHEPPARD AVE E,17,70468,6671.1,77139.1,1115,http://app.toronto.ca/AIC/index.do?folderRsn=DTEMfPFQbjpMlrEN5hj7Jw%3D%3D
1525,Active,20 152435 STE 10 OZ,2020-06-04,"Official Plan and Zoning By-law amendment applications to revise the approved OPA and ZBA as it relates to the southerly parcel (phase 4 and 5) to allow for the inclusion of a hotel use within Phase 4 of the redevelopment, as well as changes to the prop",1 YONGE ST,10,0,113302,113302,0,http://app.toronto.ca/AIC/index.do?folderRsn=DDeZ8xFNXtvEzFOxseMMNA%3D%3D
1526,Under Review,24 226502 STE 13 OZ,2024-10-15,Combined Official Plan Amendment and Zoning By-law Amendement to construct a 48 storey mixed use building and restoration to the heritage protected properties at 508-510 Church St. Approximately 4390 square metres of non-residential space. A community sp,506 CHURCH ST,13,35615,1001,36616,574,http://app.toronto.ca/AIC/index.do?folderRsn=OTIITatetUjvkhbhxHuTDA%3D%3D
1527,Under Review,22 112333 ESC 21 OZ,2022-02-09,OPA and rezoning application to permit an 8-storey rental apartment building containing 103 units.,1519 BIRCHMOUNT RD,21,7316.66,0,7316.66,103,http://app.toronto.ca/AIC/index.do?folderRsn=9kyj0Dp8oJiGKkfsR83Rsw%3D%3D
1528,Under Review,21 198802 ESC 23 SA,2021-08-16,"To construct a one-storey, 24-unit, industrial building with 127 parking spaces.",0 SILVER STAR BLVD   E S,23,0,4419,4419,0,http://app.toronto.ca/AIC/index.do?folderRsn=GNduRyZZ39k4YnV8w5B9gQ%3D%3D
1529,Active,22 243075 STE 10 SA,2022-12-29,"To demolish the existing two-storey, 60-bed crisis shelter building and construct a new four-storey shelter building with 63 beds and a total gross floor area of 1,319 square metres.",723 QUEEN ST W,10,0,1318.5,1318.5,0,http://app.toronto.ca/AIC/index.do?folderRsn=HKKLdv%2B6kleutu60HLCfjw%3D%3D
1530,Built,11 328717 NNY 23 OZ,2011-12-20,"Proposed 11  storey and 113 unit residential apartment building at 2, 4 and 6 Teagarden Court",2 TEAGARDEN CRT,18,9699.35,0,9699.35,128,http://app.toronto.ca/AIC/index.do?folderRsn=HpAoIbjExpApfscZ%2FA33Bg%3D%3D
1531,Active,22 138557 STE 13 OZ,2022-04-26,"Zoning By-law Amendment application to facilitate the redevelopment of the site for a 62-storey residential building having a gross floor area of 45,324 square metres.  751 residential dwelling units are proposed, of which, 82 are rental replacement unit",88 ISABELLA ST,13,42887,0,42887,749,http://app.toronto.ca/AIC/index.do?folderRsn=5QMDRsOlQd01IPtF0vG5rg%3D%3D
1532,Built,19 132479 NNY 06 OZ,2019-03-29,14 storey residential building containing 385 dwelling units and three levels of underground parking.  A total of 345 parking spaces are provided of which 38 are for visitors.,1100 SHEPPARD AVE W,6,28028,0,28028,422,http://app.toronto.ca/AIC/index.do?folderRsn=8yC4aUhpAJ9IZAFcoBtEtA%3D%3D
1533,Under Review,25 125834 STE 12 SA,2025-03-06,"Site Plan approval application for a 40-storey tower with an 8-storey podium and three-levels of underground parking. The proposal incorporates residential, retail, and office uses, and will replace the existing commercial/retail spaces. The building inc",191 EGLINTON AVE E,12,32370,3349,35719,544,http://app.toronto.ca/AIC/index.do?folderRsn=ggJHcHXZLSP%2B0EFaMVawbw%3D%3D
1534,Active,13 158583 NNY 34 OZ,2013-04-29,"Rezoning application to permit 70, 3-storey townhouse units fronting David Dunlap Circle and a proposed 16.5 metre wide public road. The proposal has a gross floor area of 12,769 square metres resulting in a density of 1.5 FSI. A total of 136 spaces are",200 DAVID DUNLAP CRCL,16,10732.28,0,10732.28,63,
1535,Active,20 155716 STE 12 OZ,2020-06-12,"An application to amend the Zoning By-law in order to permit a new 28-storey mixed use building with 27537 square metres of residential gfa, 248 sq m of non-residential gfa comprised of a community agency space, 389 residential units , and a 2-level belo",32 RAGLAN AVE,12,28716,246,28962,509,http://app.toronto.ca/AIC/index.do?folderRsn=cNYTjXkrjdvkODqseH5SJw%3D%3D
1536,Under Review,21 247607 ESC 20 SA,2021-12-12,"The proposed development contemplates a 7-storey (25.1 metres) mixed-use building with a total of 2807 square metres of residential GFA and 125 square metres of commercial GFA at grade. 30 residential units are proposed, ranging in size from 1-bedroom un",3089 DANFORTH AVE,20,3651,274,3925,39,http://app.toronto.ca/AIC/index.do?folderRsn=2hnh7ZqnG%2FzMk1FlXYsuBQ%3D%3D
1537,Built,22 109825 NNY 06 SA,2022-02-01,"Site Plan Amendment application to propose a two-storey addition having a non-residential gross floor area of 1,542 square metres to the existing school.",200 WILMINGTON AVE,6,0,1542,1542,0,http://app.toronto.ca/AIC/index.do?folderRsn=z%2FkHkueCcKUdRXLkUjXF%2FA%3D%3D
1538,Under Review,22 217053 NNY 17 OZ,2022-10-14,"The revised proposal is to construct a 32-storey and 28-storey mixed use buildings (705 units) with a shared 8-storey podium and 4-storey streetwall. The total gross floor area is 54,512 sq.m. (7.25 FSI). The residential gross floor area is 51,935 sq.m.",720 SHEPPARD AVE E,17,54700.77,1221.88,55922.65,705,http://www.toronto.ca/690-720SheppardAveE
1539,Active,23 197062 ESC 21 SA,2023-09-01,"Site Plan application for the development a of 3-storey Long Term Care Home facility with a gross floor area of 8928.0 square metres. NOAC issued on February 9, 2024. This submission is intended to fulfill NOAC pre-approval conditions.",90 MIKE MYERS DR,21,0,8743,8743,0,http://app.toronto.ca/AIC/index.do?folderRsn=ULqqEV8FEBVbC4YSID9p3g%3D%3D
1540,Under Review,24 248249 NNY 08 SA,2024-12-09,Site Plan Control Application to permit a 1-storey (16.5m) tall air supported dome structure to house artificial turf soccer fields. A surface vehicular pick up/drop off and parking lot with 34 spaces serving the fields exits adjacent the proposed struct,1451 AVENUE RD,8,0,5615,5615,0,http://app.toronto.ca/AIC/index.do?folderRsn=m7HSze5T9C%2BEBfja0cq2cw%3D%3D
1541,Under Review,23 151265 ESC 23 SA,2023-05-26,"Third submission made on July 2, 2024.    Site Plan Approval to construct an addition with an area of 1,177.11 square metres to the existing builidng.",120 NASHDENE RD,23,0,1177.11,1177.11,0,http://app.toronto.ca/AIC/index.do?folderRsn=O7kWtJbFtph6tHV9Lvv3fA%3D%3D
1542,Under Review,25 127266 WET 03 OZ,2025-03-11,The re-designation of the Subject Lands will enable the proposed mixed-use development consisting of seven buildings ranging in height from 12-storeys to 50-storeys.,125 THE QUEENSWAY,3,266647.1,4553.8,271180.9,3968,http://app.toronto.ca/AIC/index.do?folderRsn=zGezOf5ugxCP4seEadTuPw%3D%3D
1543,Under Review,25 127362 WET 01 SA,2025-03-11,"Site Plan Control application to demolish and reconstruct the gas station with an integrated convenience store, a quick-service restaurant with a drive-through. The existing car wash and eight-pump fuel station canopy will remain.",585 DIXON RD,1,0,288.1,288.1,0,http://app.toronto.ca/AIC/index.do?folderRsn=2u8l%2Fy3U%2BpYCphbejVbj1Q%3D%3D
1544,Under Review,15 271011 ESC 44 OZ,2016-01-06,"Proposal to permit the creation of 12 new residential dwellings, consisting of three freehold townhouse units fronting onto Kingston Road, and nine single-detached dwellings on a new 18.5 metre public street.",6480 KINGSTON RD,25,2252.4,0,2252.4,12,http://app.toronto.ca/AIC/index.do?folderRsn=5UeFwAT%2B0dWO4aHojDV1kQ%3D%3D
1545,Active,20 163200 ESC 22 OZ,2020-07-03,Redevelopment of existing commercial lands for a 12-storey mixed use building with retail on the ground floor and 205 residential units above.,3459-3471 SHEPPARD AVE E,22,18679.7,791.51,19471.21,235,http://app.toronto.ca/AIC/index.do?folderRsn=fAPbfJhHRE2PygmNGgvyNw%3D%3D
1546,Active,22 194896 STE 12 OZ,2022-08-23,"Latest Proposal: 124.8-metre (30 storeys, excluding the mechanical penthouse) mixed-use building containing 355 dwelling units and at least 200 square metres of Commercial-retail space at grade.     Oct 2024 Submission: Zoning By-law Amendment applicatio",536 ST CLAIR AVE W,12,19642,204,19846,355,http://app.toronto.ca/AIC/index.do?folderRsn=lPCU4YB2SSZvteTwkz3czQ%3D%3D
1547,Active,14 208729 STE 27 OZ,2014-08-19,To rezone the subject lands to develop a 51-storey residential tower at 10 St Mary Street and 79- 85 St. Nicholas Street. The designed heritage building and office space at 10 St. Mary Street is proposed to be retained. The applicant is proposing to demo,10 ST MARY ST,13,40086,1265,41351,650,http://app.toronto.ca/AIC/index.do?folderRsn=kB1dzIm8CebZ2uTXSA7JAA%3D%3D
1548,Built,18 149736 STE 28 SA,2018-04-27,"Block 4, Aqualuna Bayside: Site Plan Control application to facilitate the developement of a 17-storey mixed-use building containing 226 dwelling units, 1733.0 square metres of ground floor retail, and 2,322.6 square metres of City-owned community centre",261 QUEENS QUAY  E,10,38565,4013,42578,241,http://app.toronto.ca/AIC/index.do?folderRsn=ECvQYj3dKUAR8CX6HzmHmQ%3D%3D
1549,Active,21 235569 NNY 18 OZ,2021-11-08,"OLT APPROVED Official plan and Zoning by-law amendment applications for a 37 and 41-storey mixed use building via Order decision dated November 1, 2023, subject to a set of conditions.",500 SHEPPARD AVE E,18,57600,3400,61000,1072,http://app.toronto.ca/AIC/index.do?folderRsn=N6I714wcB1cLcfMcGbNjaQ%3D%3D
1550,Built,21 145759 WET 07 SA,2021-04-26,Proposal to construct a two-storey industrial building.,0 WESTON RD,7,0,3812,3812,0,http://app.toronto.ca/AIC/index.do?folderRsn=uznrQ94fuwXJ%2BJgc8O2kfA%3D%3D
1551,Under Review,16 189765 ESC 42 OZ,2016-07-13,27 storey residential development with office uses and day care use on the ground,1771 MARKHAM RD,23,27516,0,27516,334,http://app.toronto.ca/AIC/index.do?folderRsn=TfiUs7ypEeS46pblQotAdQ%3D%3D
1552,Under Review,23 152222 ESC 24 SA,2023-05-29,"Site Plan Approval for a one-storey, plus mechanical penthouse, addition to the Centenary Hospital building of Scarborough Health Network comprised of 2,607 square metres of new GFA.",2863 ELLESMERE RD,24,0,2607,2607,0,http://app.toronto.ca/AIC/index.do?folderRsn=VXvJn2we0uvTaavrAscCTw%3D%3D
1553,Active,21 117870 ESC 20 SA,2021-02-17,The proposal is for a seven-storey mixed use building containing a healing lodge and transitional housing with retail. The proposal has been granted funding under the City of Toronto's Open Door program.,2217 KINGSTON RD,20,748.4,827.122,1575.52,12,http://app.toronto.ca/AIC/index.do?folderRsn=bOnohL6KYbZ6WlpNATNbuw%3D%3D
1554,Under Review,16 199339 STE 28 SA,2016-07-29,"Site Plan Control application for a proposed four-storey townhouse with frontage on Poulett st, comprised of integral garages and three dwelling units.  The existing dwellings at 255 and 257 Berkeley St would be maintained.",255 BERKELEY ST,13,518.59,0,526.8,3,http://app.toronto.ca/AIC/index.do?folderRsn=CC5sybhWMA%2Bc84eVuPb9hQ%3D%3D
1555,Active,20 222554 STE 09 SA,2020-11-25,Site Plan application for a mixed use building.  This is a Heritage building.,30 POWERHOUSE ST,9,788,2481,3269,7,http://app.toronto.ca/AIC/index.do?folderRsn=2SoWITTVGBzS0ayS5PHGTw%3D%3D
1556,Active,23 115908 WET 03 SA,2023-02-21,"The proposal consists of one 6-storey apartment building. The ground floor is designed to meet tenant and building needs and will consist of both indoor and secured outdoor amenity space, an office, long-term bicycle and motorized mobility device (scoote",140 THE QUEENSWAY,3,2052,0,2052,38,http://app.toronto.ca/AIC/index.do?folderRsn=DE9V0Bd3aNfGgpdRdhZ7Gg%3D%3D
1557,Active,23 142940 NNY 17 SA,2023-05-08,"Toronto Public Library (TPL) is seeking site plan approval to permit exterior alterations to an existing library branch located at 575 Van Horne Avenue, generally located east of Highway 404, and south of Finch Avenue East. The proposed alterations inclu",575 VAN HORNE AVE,17,0,274.7,274.7,0,http://app.toronto.ca/AIC/index.do?folderRsn=a1W4SrXrowiM3h99m4%2BOgQ%3D%3D
1558,Active,22 140160 STE 09 SA,2022-04-29,"Site Plan Approval for a 22-storey mixed-use building having a non-residential gross floor area of 981.5 square metres, and a residential gross floor area of 24,500.30 square metres.  264 rental dwelling units are proposed.",1141 BLOOR ST W,9,22900,950,23850,262,http://app.toronto.ca/AIC/index.do?folderRsn=XrV9Z5Ey4JGnYgsbyQE8mQ%3D%3D
1559,Under Review,25 131074 STE 19 OZ,2025-03-18,"Combined Official Plan & Zoning By-law Amendment for a 12-storey residential building with 137 residential units including 11 rental replacement units are proposed. The proposal consists of 8,370 square metres of total GFA with 66 square metres of commer",419 WOODBINE AVE,19,8662.3,67.6,8729.9,137,http://app.toronto.ca/AIC/index.do?folderRsn=GBjuADs8ccHNaH9Vf3Narw%3D%3D
1560,Under Review,19 211934 STE 12 OZ,2019-08-26,April 2024 Resubmission: Official Plan and Zoning By-law Amendment application to permit a 7-storey residential building with 74 residential units including 9 rental replacement units,1601 BATHURST ST,12,5456,0,5456,74,http://app.toronto.ca/AIC/index.do?folderRsn=JjjziqdyLqrywWBvXIXh3g%3D%3D
1561,Under Review,22 139836 WET 03 OZ,2022-04-28,"Official Plan and Zoning By-law Amendment for a 25-storey mixed-use building that includes 398 dwelling units and 4,817 square metres of institutional space with a conservation strategy for the relocation of the Musson House within the property parcel.",4888 DUNDAS ST W,3,28059,1329,29388,398,http://app.toronto.ca/AIC/index.do?folderRsn=QPm5Ix3xee5lm735SEUVOQ%3D%3D
1562,Active,15 170337 WET 06 OZ,2015-06-08,The Zoning By-law Amendment application (File Number 15 170337 WET 06 OZ) proposes to amend the former City of Etobicoke Zoning Code to permit the construction of 509 residential units in a series of standard and stacked townhouse blocks and to permit re,3526 LAKE SHORE BLVD W,3,50149,1004,51153,509,http://app.toronto.ca/AIC/index.do?folderRsn=F8CDFk%2FRTc2uiUqmr91D%2Bw%3D%3D
1563,Under Review,23 153305 NNY 15 SA,2023-05-30,"This application is to propose a one-storey building on the southeast corner of Lawrence Avenue East and The Bridle Path. The proposed one-storey building will be used for greenhouse, office and vehicle garage. The proposed gross floor area is approximat",755 LAWRENCE AVE E,15,0,1004.96,1004.96,0,http://app.toronto.ca/AIC/index.do?folderRsn=gaCZp0v1762ErsCjmXxbQg%3D%3D
1564,Built,22 171439 STE 09 SA,2022-07-04,"The proposed development includes a three-storey mass timber residential building. The ground floor fronts Ossington Ave with 7 self-contained residential units, amenity and office space. The second and third floors consist of an additional 18 self-conta",1120 OSSINGTON AVE,9,657,0,657,26,http://app.toronto.ca/AIC/index.do?folderRsn=9PeH6Om8PKf%2FAfVzjSwvSA%3D%3D
1565,Active,22 140172 STE 09 SA,2022-04-29,"Site Plan Approval for a 33-storey mixed-use building having a non-residential gross floor area of 3347.40 square metres, and a residential gross floor area of 31,223.90 square metres.  415 rental dwelling units are proposed.",1141 BLOOR ST W,9,30144,3172,33316,413,http://app.toronto.ca/AIC/index.do?folderRsn=sSTHvTkHa3Q7HlDtUVuy5g%3D%3D
1566,Under Review,23 171311 NNY 18 OZ,2023-07-07,"The application proposes a 50-storey mixed-use residential building with a 5-storey podium and 45-storey tower component with approximately 186 square metres of retail uses at-grade and approximately 35,677 square metres of residential uses. The building",10 ABITIBI AVE,18,33272.2,160,33432.2,516,http://app.toronto.ca/AIC/index.do?folderRsn=KlWs7VyP4KuGDQJcc6dWjQ%3D%3D
1567,Active,20 151103 WET 03 OZ,2020-06-01,"The proposed development consists of a 16-storey mixed-use building comprised of residential and commercial uses at grade, and residential uses above.",3100 BLOOR ST W,3,37646.43,485.5,38131.93,354,http://app.toronto.ca/AIC/index.do?folderRsn=58SBTqodHZInkW09SW%2BVeg%3D%3D
1568,Built,19 120011 NNY 15 OZ,2019-02-27,"Official Plan and Zoning By-law Amendment applications for an 8-storey (26.15 metres, excluding mechanical penthouse) mixed-use building with 6,242 square metres of gross floor area including 98 square metres of retail space located on the ground floor.",1410 BAYVIEW AVE,15,6190,147,6337,57,http://app.toronto.ca/AIC/index.do?folderRsn=kt%2BF%2BzFx5UDY%2BPpLH5IEkw%3D%3D
1569,Active,22 192723 STE 13 OZ,2022-08-18,"Zoning By-law Amendment application to permit a 59-storey mixed-use building containing 480 dwelling units, 4,321 square metres of office space, and 616 square metres of retail space.. A Site Plan Application (22 192721 STE 13 SA) has been submitted conc",100 LOMBARD ST,13,34205,4467,38672,480,http://app.toronto.ca/AIC/index.do?folderRsn=Mcf4kL9S%2F8Dytud4yZYmrw%3D%3D
1570,Built,11 327900 STE 28 OZ,2011-12-19,"Revised rezoning application to permit a 23-storey office building containing 41435 square metres of office space, 341 square metres of retail space, 155 vehicular parking spaces within a 5-level underground garage, and 183 bicycle parking spaces.",25 ONTARIO ST,13,0,43178,43178,0,http://app.toronto.ca/AIC/index.do?folderRsn=HpuVxftDjndR8ZFVUnoyeg%3D%3D
1571,Under Review,24 215137 NNY 16 OZ,2024-09-19,"To demolish the existing 7-storey rental building to permit 3 residential buildings heights ranging from  44, 47, 49 storeys with a total residential gross floor area of 112,679 square metres. Tower A will be 44-storeys and will sit atop a 5-storey podiu",1 DEAUVILLE LANE,16,113317,0,113317,1830,http://app.toronto.ca/AIC/index.do?folderRsn=1e8g9AMhoSUIf4rbB3p8xw%3D%3D
1572,Active,17 190823 NNY 16 OZ,2017-06-30,"Application to amend the Official Plan and the Zoning By-law to permit two mixed-use towers measuring 27 and 21 storeys in height atop a 6 storey base building and 1,232 square metre parkland dedication.",2440 YONGE ST,8,46219.01,6166.12,52385.13,636,http://app.toronto.ca/AIC/index.do?folderRsn=7%2FZis9jPPDE50JMhP4RM3w%3D%3D
1573,Active,24 171445 NNY 18 OZ,2024-06-27,Proposal for a mixed-use development in the form of an 11-storey mid-rise building with ground floor retail fronting Finch Avenue East.,104 FINCH AVE E,18,12312.17,438.83,12751,201,http://app.toronto.ca/AIC/index.do?folderRsn=cDdvov6r%2BARJOm3mY5nawg%3D%3D
1574,Under Review,21 225717 NNY 06 OZ,2021-10-14,The Official Plan Amendment application filed by Urban Strategies Inc on behalf of Canada Lands Company and Northcrest Developments proposes to update the 2011 Downsview Area Secondary Plan for the subject lands with a Framework Plan.  This application w,123 GARRATT BLVD,6,0,1114000,1114000,46000,
1575,Active,21 186964 ESC 21 OZ,2021-07-20,A new 25 storey residential Building containing 205 dwelling units (58 'affordable' units).,30 GILDER DR,21,19331.05,0,19331.05,341,http://app.toronto.ca/AIC/index.do?folderRsn=2PNBVxD6L7F9yUW87po95Q%3D%3D
1576,Active,18 250648 NNY 23 OZ,2018-10-31,"One townhouse block of 3 storeys (or 10 metres) containing a total of 8 dwelling units.  Unit 1 has fronts onto Finch Avenue East, and Units 2-8 have with main entrances fronting onto a pedestrian mews. Vehicle access is from the west side of the propert",241 FINCH AVE E,18,1327.98,0,1327.98,8,http://app.toronto.ca/AIC/index.do?folderRsn=SKSxyAlQGjeJL%2FUeh250ZA%3D%3D
1577,Under Review,25 101390 NNY 08 OZ,2025-01-06,"Official Plan and Zoning By-law amendment application to permit a 26-storey mixed-use  building with a total gross floor area of 22,787.7 square metres (including 364.6 sq.m.of non-residential uses), resulting in a Floor Space Index (FSI) of 6.16. 329 dw",726 MARLEE AVE,8,22423.1,364.6,22787.7,329,http://app.toronto.ca/AIC/index.do?folderRsn=NDSMx%2BKXL6wFODkdIibO0g%3D%3D
1578,Active,22 219197 ESC 25 OZ,2022-10-19,"The developer intends to develop the subject lands with a 53 residential units in two blocks of four-storey stacked townhouses and a ground floor commercial unit at the Ellesmere Road and Conlins Road intersection. The proposal contains a total of 7,318",3351-3359 ELLESMERE RD,25,7247.8,131.1,7378.9,51,http://app.toronto.ca/AIC/index.do?folderRsn=aB3AOhBz6wMnrrI%2FmWBA0g%3D%3D
1579,Built,19 114180 STE 13 OZ,2019-02-11,Zoning By-law Amendment to facilitate redevelopment of the site with a 39-storey building consisting of 484 dwelling units. It is proposed that seven percent of the buildings floor area will be allocated to affordable units.,193 CHURCH ST,13,26552,1448,28000,484,http://app.toronto.ca/AIC/index.do?folderRsn=2QxkXnIHZLgN5eTUXdonfw%3D%3D
1580,Active,23 123486 STE 14 SA,2023-03-15,"Site Plan Approval for a film and television studio campus with 44,504 square metres of development with twelve sound stages, production offices, mill and support spaces, vehicular and bicycle parking in an above grade garage, and associated base camp an",75 BASIN ST,14,0,43504,43504,0,http://app.toronto.ca/AIC/index.do?folderRsn=njlRxsiDOMwpqoR16UDjqw%3D%3D
1581,Built,13 139456 STE 22 SA,2013-03-24,Eglinton Crosstown LRT - Yonge - Eglinton Station,2190 YONGE ST,12,0,1059.6,1059.6,0,http://app.toronto.ca/AIC/index.do?folderRsn=EfcpbHAgAnclyyGA0bRrRA%3D%3D
1582,Active,23 216060 STE 10 OZ,2023-10-18,"Zoning By-Law Amendment for a 44-storey mixed-use building, with retail use at grade and 520 purpose built rental units within the podium and tower.",80 LYNN WILLIAMS ST,10,36877,933,37810,520,http://app.toronto.ca/AIC/index.do?folderRsn=G2NmuAXzzPN62%2FOiD2pPDA%3D%3D
1583,Built,16 228717 STE 20 OZ,2016-09-26,Rezoning application for a 14 storey mixed-use building with commercial uses at grade and residential units above.,502 ADELAIDE ST W,10,9481.88,271.36,9753.24,116,http://app.toronto.ca/AIC/index.do?folderRsn=bHPRX7fM6VqsoDaTLtwSNA%3D%3D
1584,Active,19 264443 WET 03 OZ,2019-12-23,Redevelop the site with a 9-storey mid-rise seniors living residence containing 199 suites. Retail uses are proposed at-grade.,4916-4944 DUNDAS ST W,3,0,17478,17478,0,http://app.toronto.ca/AIC/index.do?folderRsn=zxScF6N%2FulkeiIRkBirb%2FQ%3D%3D
1585,Active,16 231334 STE 18 OZ,2016-09-30,"The proposal introduces a new street and block configuration containing 5 blocks with a total of 8 towers ranging in height from 19 to 35-storeys. Proposed for the site are 2846 residential units, including 150 affordable housing units.",1245 DUPONT ST,9,257813,29206,287019,3613,http://app.toronto.ca/AIC/index.do?folderRsn=0%2Fyx2um5BtBnyCORuXS95Q%3D%3D
1586,Active,22 192262 NNY 08 SA,2022-08-17,Proposal to construct addition of new gymnasium with accompanying stair / elevator on the east side of the existing school building. Convert existing gymnasium to a 2-storey childcare facility on the west side of the existing building  - St. Margaret Cat,85 CARMICHAEL AVE,8,0,1075,1075,0,http://app.toronto.ca/AIC/index.do?folderRsn=84FBmWllNBDqr8MvkzIIfg%3D%3D
1587,Under Review,25 135273 STE 12 OZ,2025-03-26,"Zoning By-law Amendment for a 56-storey residential tower that will have a total of 46,547 square metres of residential gross floor area (""GFA"") and a total of 674 total dwelling units (including the 13 required rental replacement units).",148 SOUDAN AVE,12,46547,0,46547,674,http://app.toronto.ca/AIC/index.do?folderRsn=bgdfQE7dPvL4t%2BX4jq8W%2Fg%3D%3D
1588,Active,18 150969 STE 20 OZ,2018-04-30,"Zoning By-law Amendment application to facilitate the redevelopment of the site for a 49-storey mixed-use building, with a total of 520 residential units, 14,381 square metres of office space and 802 square metres of at-grade retail.",250 DUNDAS ST W,11,44365,254,44619,719,http://app.toronto.ca/AIC/index.do?folderRsn=xMjVZI2PayJ1coWOjB22EA%3D%3D
1589,Active,22 219770 ESC 20 OZ,2022-10-20,To amend the Official Plan and Zoning By-law to permit the construction of a ten-storey mixed-use building containing 95 residential units and commercial space on the ground floor.,2759 KINGSTON RD,20,6408.5,433,6841.5,95,http://app.toronto.ca/AIC/index.do?folderRsn=vgE245hmyo5IJ3ADti6EVw%3D%3D
1590,Under Review,20 169050 WET 03 OZ,2020-07-17,"The application proposes a variety of mixed-use and single-use buildings, including retail and open space areas and new streets and blocks. Proposed for the Property are eight towers (with heights up to 40 storeys) with associated podiums of approximatel",250 THE EAST MALL,3,371905,19359,391264,5536,http://app.toronto.ca/AIC/index.do?folderRsn=bTCF0C8mxXa0AzpVlaVGoQ%3D%3D
1591,Under Review,21 249539 WET 02 SA,2021-12-17,"To construct Phase 2 of the multi-building, mixed-use development at 300-304 The East Mall.",300-304 THE EAST MALL,2,43082,0,43082,641,http://app.toronto.ca/AIC/index.do?folderRsn=5xD%2FoVgCzEu7%2FHO79eqmKA%3D%3D
1592,Under Review,23 174306 WET 05 OZ,2023-07-14,"The application proposes a 39 storey residential tower with 531 residential units and a total GFA of 30,887 square metres with an FSI of 11.5.",2 DENARDA ST,5,30887,0,30887,531,http://app.toronto.ca/AIC/index.do?folderRsn=M%2FjUs1XFvv8w1Ov0isrP5g%3D%3D
1593,Under Review,23 174322 WET 05 OZ,2023-07-14,"The application proposes a 43 storey residential tower with 521 residential units and a total GFA of 31,166 square metres with an FSI of 16.6.",5 DENARDA ST,5,31160,0,31160,521,http://app.toronto.ca/AIC/index.do?folderRsn=3pWsjfg4mJ%2Fq1MEietIs8A%3D%3D
1594,Under Review,22 179831 STE 11 OZ,2022-07-21,"Zoning By-law Amendment application was appealed to Ontario Land Tribunal (OLT Case No. OLT-23-000532). On April 30, 2025, OLT issued a partial order approving a 25-storey mixed-use building with partial heritage retention, containing 186 dwelling units,",38 WALMER RD,11,17618,1435,19053,211,http://app.toronto.ca/AIC/index.do?folderRsn=zF17%2FeoI%2BIcJltfaou2WvQ%3D%3D
1595,Built,14 190900 ESC 36 SA,2014-07-15,"Site Plan application for a 32 unit, eight storey mixed use residential building having a total gross floor area of 3,501 m2, comprised of 3,252m2 of residential floor space, and 249m2 of at-grade retail space.  The unit mix includes 16 one-bedroom units",1316 KINGSTON RD,20,3252,249,3501,32,http://app.toronto.ca/AIC/index.do?folderRsn=36jVpumN58Q1I57HSndy4A%3D%3D
1596,Active,24 136731 WET 07 SA,2024-04-16,Proposed non-residential building containing 10417sqm GFA and 63 parking spaces.,500 FENMAR DR,7,0,10425,10425,0,http://app.toronto.ca/AIC/index.do?folderRsn=ZaErFt%2FFI5G4BhTaMtPlQg%3D%3D
1597,Built,18 246984 STE 21 OZ,2018-10-23,Zoning By-law and Official Plan Amendment application to facilitate redevelopment of the site with an eight-storey mixed use development. 4.356 sq. m. residential gross floor area and 276 square metres of retail space on the ground floor.,2010-2012 BATHURST ST,12,4676,0,4676,25,http://app.toronto.ca/AIC/index.do?folderRsn=vNe5%2B4FrZ%2BQ2%2F4SAsRw%2BNQ%3D%3D
1598,Active,19 149036 NNY 18 OZ,2019-05-03,"To amend the Zoning By-laws to permit the construction of a 27-storey residential building containing 296 dwelling units, while retaining the existing 21-storey rental apartment building comprised of 167 rental dwelling units. A new City park is proposed",765 STEELES AVE W,18,23280,1082,24362,296,http://app.toronto.ca/AIC/index.do?folderRsn=ki7gM6TWmgOkdS4DhGLTHQ%3D%3D
1599,Built,21 153596 ESC 21 SA,2021-05-12,Redevelopment of existing police station for new 2 storey facility.,2222 EGLINTON AVE E,21,0,5088.1,5088.1,0,http://app.toronto.ca/AIC/index.do?folderRsn=eVaKO73U5X5c1pFPa7eNMA%3D%3D
1600,Under Review,24 185909 NNY 08 OZ,2024-07-23,"Official Plan and Zoning By-law amendment application to permit the development of a 40-Storey (128 m) residential building. The total gross floor area (GFA) is 31, 663.31 square metres resulting in a density of 11.3 floor space index (FSI). The total re",250 VIEWMOUNT AVE,8,31648.27,0,31648.27,477,http://app.toronto.ca/AIC/index.do?folderRsn=s6giOGVvcdmc6MqrR1lEhw%3D%3D
1601,Active,23 205213 WET 01 SA,2023-09-21,"Site Plan Control Application to construct a 3,169.0 m2, one-storey warehouse addition to the west side of the existing two-storey office building. 477.0 m2 of the existing office building will be demolished and replaced with the proposed addition, and 7",400 CARLINGVIEW DR,1,0,3169,3169,0,http://app.toronto.ca/AIC/index.do?folderRsn=o%2B4cQI0JJTnMyxccN26tLA%3D%3D
1602,Built,16 271669 ESC 37 OZ,2016-12-29,Application to rezone the subject properties for a residential development comprised of 26 residential lots with single detached dwellings accessed by a one-way private road to and from Warden Avenue. City Council adopted item SC31.4 and By-law Nos 811-2,971 WARDEN AVE,21,5419,0,5419,26,http://app.toronto.ca/DevelopmentApplications/associatedApplicationsList.do?action=init&folderRsn=4086255&isCofASearch=false
1603,Active,22 136063 STE 13 OZ,2022-04-20,"Zoning By-law Amendment application for Phases 4 & 5 of the Regent Park redevelopment. The Phases 4 & 5 lands are generally bounded by Gerrard Street to the north, River Street to the east, Oak Street to the south, and Dreamers Way to the west. The propo",591 DUNDAS ST E,13,311901,14983,326884,3432,http://app.toronto.ca/AIC/index.do?folderRsn=Qc09fsk2cToGJIlfeP7DDw%3D%3D
1604,Active,16 189782 STE 27 OZ,2016-07-13,"Rezoning Application for proposed  68-storey mixed-use building containing819 residential units and retail/office space on the first, second and third floors. This application is under appeal to LPAT.",8 ELM ST,11,49878,304,50182,819,http://app.toronto.ca/AIC/index.do?folderRsn=yH2%2FaaeRYv%2F4gVXnS64z1A%3D%3D
1605,Active,18 106120 NNY 23 OZ,2018-01-17,"The applicant has proposed an Official Plan Amendment and Zoning Bylaw Amendment application for a 32-storey residential tower comprised of 324 dwelling units with a 4-storey mixed residential, retail and commercial podium. A 338 sq. metre Privately-owne",5400 YONGE ST,18,29011.44,517.92,29529.36,533,http://app.toronto.ca/AIC/index.do?folderRsn=93yCTwJCF9X5mvoZ3MU%2FWw%3D%3D
1606,Active,20 224753 STE 13 OZ,2020-12-02,"Official Plan Amendment and Zoning By-law Amendment to permit two 43-storey buildings, containing 831 new residential dwelling units and 500 square metres of non-residential space, and a new 1,208 square metre public park.",191 SHERBOURNE ST,13,53285,564,53849,692,http://app.toronto.ca/AIC/index.do?folderRsn=dy1VIPgSMEON0qMJR8QXBw%3D%3D
1607,Under Review,22 221903 NNY 15 OZ,2022-10-25,"Official Plan and Zoning By-law Amendment  for a 35-storey mixed use building containing a total of 373 dwelling units and 541 square metres of retail space. The development would have a total gross floor area (GFA) of 27,846 square metres, resulting in",1779-1781 BAYVIEW AVE,15,28905.31,0,28905.31,436,http://app.toronto.ca/AIC/index.do?folderRsn=he11ZWTd3YHWI5lGxFMOiw%3D%3D
1608,Active,21 189751 ESC 25 OZ,2021-07-26,"A proposal for two 9-storey rental apartment buildings with 318 units total. Building A has a proposed GFA of 15,360 square metres and Building B has a proposed GFA of 8,456 (total GFA 23,816 square metres). The property at 25 Sewells is currently vacant",25 SEWELLS RD,25,23772,78,23850,318,http://app.toronto.ca/AIC/index.do?folderRsn=XXLZw2Tt5CU4RT89KGPVnA%3D%3D
1609,Active,21 205810 WET 03 OZ,2021-08-30,"Zoning By-law Amendment application application proposing to redevelop the site into a mixed-use community comprised of four tall buildings at 12, 23, 34 and 42 storeys. The proposal introduces a total of 1,340  new residential units and 1,536 square met",56 FIELDWAY RD,3,92466,1536,94002,1340,http://app.toronto.ca/AIC/index.do?folderRsn=c6YnX4wQNjAWtlyuQH02rA%3D%3D
1610,Built,18 271148 WET 01 SA,2018-12-21,"To construct a 20-storey, 225 unit, rental apartment building at the existing Richgrove Village community.  The building would have a gross floor area of approximately 16165square metres.",7 RICHGROVE DR,1,16165,0,16165,225,http://app.toronto.ca/AIC/index.do?folderRsn=rhP1HdY7Ybkj5w68XZZLxg%3D%3D
1611,Active,20 120971 STE 04 SA,2020-03-02,Phase 2 of the development proposal: Includes a 29-storey residential building (Building B) and 15 mixed-use townhouse units.,34-50 SOUTHPORT ST,4,22277,695,22972,359,http://app.toronto.ca/AIC/index.do?folderRsn=YY3AFRpOQEqUPlwIGtq2WA%3D%3D
1612,Active,18 149995 WET 13 SA,2018-04-27,"Phase 1 of the development proposal - Includes the construction of the entire below grade parking garage, the 26-storey residential high-rise tower, and a portion of the 3-storey podium base.",34-50 SOUTHPORT ST,4,23376,1300,24676,345,http://app.toronto.ca/AIC/index.do?folderRsn=VAeFOJgGa5ESQR0TTBzRng%3D%3D
1613,Under Review,19 248099 NNY 17 OZ,2019-11-12,"Official Plan Amendment and Zoning By Law Amendment application for the proposal of a 22 storey residential building with a 8 -13 storey mid-rise component and a 6-8 storey podium along Sheppard Avenue East containing 487 residential units, including 35",680 SHEPPARD AVE E,17,35571.42,0,35571.42,478,http://app.toronto.ca/AIC/index.do?folderRsn=%2BWpO0cxYE15%2F0UwoUM%2BdRA%3D%3D
1614,Under Review,25 137621 NNY 17 SA,2025-04-01,"Site Plan Control proposing a three storey new health and wellness centre including recreation, fitness and multi-purpose facilities for Seneca's Newnham Campus.",1750 FINCH AVE E,17,0,11588,11588,0,http://app.toronto.ca/AIC/index.do?folderRsn=kpaShIGNWcnCTamKA3SArQ%3D%3D
1615,Under Review,25 137857 ESC 24 SA,2025-04-01,"The proposal involves a 1,988.02 square meters warehouse addition with loading docks to the existing 1,446.64 square meters building for a total of 3,434.66 square meters.",3122 EGLINTON AVE E,24,0,1988.02,1988.02,0,http://app.toronto.ca/AIC/index.do?folderRsn=fDEpwAL6Ea1rC%2FSyrlIfuA%3D%3D
1616,Active,21 124969 NNY 18 OZ,2021-03-09,"OLT APPROVED WITH CONDITIONS:  To satisfy the OLT approval condition for a 13 storey mixed use building containing 1000 sq.m of non-residential gross floor area fronting onto  Finch Ave W, three blocks of 4-storey residential buildings and two blocks of",172 FINCH AVE W,18,42789,1246,44035,494,http://app.toronto.ca/AIC/index.do?folderRsn=sQbulYg7xpLhAbMluY%2BTvQ%3D%3D
1617,Active,22 234090 WET 05 SA,2022-11-28,"Development of the Caledonia GO Station, owned and operated by Metrolinx.  Proposed station is connected to Caledonia ECLRT station -- refer to Site Plan File No. 13 133545 WET 12 SA.",2322 EGLINTON AVE W,5,0,304,304,0,http://app.toronto.ca/AIC/index.do?folderRsn=dhuXfCAagn87m5E57R56dw%3D%3D
1618,Active,21 120011 NNY 15 OZ,2021-02-24,"Zoning By-law amendment to permit a commercial centre comprising a series of new buildings ranging in size from 616 square metres up to 18,059 square metres with a total gross floor area of 20,184 square metres. The proposal includes a total of 403 vehic",70 WICKSTEED AVE,15,0,19995,19995,0,http://app.toronto.ca/AIC/index.do?folderRsn=XDGAJWTsFpMHuLdplOWqxA%3D%3D
1619,Active,15 266578 NNY 24 SA,2015-12-17,"The applicant proposes to construct a two-storey data centre on the south side of Sprint Canada Drive, located at the south end of the subject property.  The building would have a gross floor area of 21,516 square metres.",3125 STEELES AVE E,17,0,21516,21516,0,
1620,Under Review,25 140803 STE 13 OZ,2025-04-07,"Proposed redevelopment of the 12-storey office building at 60 Yonge Street with a 65-storey mixed-use building that includes a 5-storey base building, topped with a 61-storey residential tower, for an overall building height of 246.2 metres (including th",60 YONGE ST,13,41041,58,41099,649,http://app.toronto.ca/AIC/index.do?folderRsn=ALk2MoJfYC%2BVemj%2FZToToQ%3D%3D
1621,Active,16 225815 STE 22 OZ,2016-09-20,"Application for Zoning By-law and Official Plan amendment to permit the development of a four storey apartment (stacked back-to-back townhouse block) and a row of two-storey townhouses in the rear yard. A total of 30 dwelling units are proposed, includin",413 ROEHAMPTON AVE,15,4691,0,4691,28,http://app.toronto.ca/AIC/index.do?folderRsn=FfuVKjuyWRyFZViTF6VHxw%3D%3D
1622,Active,23 237080 STE 10 OZ,2023-12-19,"A City-initiated combined Official Plan & Zoning By-law Amendment application for a 10-storey, mass timber, mixed-use building containing 94 dwelling units (with a portion of them being affordable units),  approximately 194 square-metres of non-residenti",1117-1125 DUNDAS ST W,10,5763,194,5957,94,http://app.toronto.ca/AIC/index.do?folderRsn=DWmSVBKCr96BsfslHBL3Jw%3D%3D
1623,Active,21 126531 STE 11 OZ,2021-03-12,"Official Plan and Zoning By-law Amendment application to permit a 34-storey mixed-use building, containing 142 dwelling units and 430 square metres of non-residential gross floor area. An Official Plan Amendment is requested to permit a loss of non-resid",208 BLOOR ST W,11,10451,445,10896,142,http://app.toronto.ca/AIC/index.do?folderRsn=M0I%2FR9wd3B1WpCo%2FFoXSsw%3D%3D
1624,Active,18 163569 WET 12 SA,2018-05-23,"Proposed construction of an 836 m2 commercial retail store within the exisiting North Park Shopping Plaza. A total of 62 parking spaces would be removed to make space for the new building, resulting in a total of 831 parking spaces for the entire plaza.",1289-1411 LAWRENCE AVE W,5,0,836,836,0,http://app.toronto.ca/AIC/index.do?folderRsn=XiWCv%2F6zpYOhkdTf63lWkw%3D%3D
1625,Under Review,24 203066 ESC 23 SA,2024-08-23,"Site Plan Application to permit a two industrial warehouse building with ancillary offices, totalling 8.824.98 square metres.",3880 MCNICOLL AVE,23,0,8824.98,8824.98,0,http://app.toronto.ca/AIC/index.do?folderRsn=xRJ8Q05da2ATkOnOH9YMjQ%3D%3D
1626,Under Review,25 141826 NNY 08 OZ,2025-04-09,"Official Plan and Zoning By-law amendment application proposing 40 and 38-storey residential towers above a shared 5-storey podium. 966 dwelling units, 229 parking spaces and 655 bicycle parking spaces are also proposed with a total gross floor area (GFA",15 ROMAR CRES,8,57447,0,57447,966,http://app.toronto.ca/AIC/index.do?folderRsn=DL3%2BQLrQaTJaBmMt8BLjzw%3D%3D
1627,Active,23 109221 STE 14 OZ,2023-02-01,"Zoning By-law Amendment to permit 4-storey residential apartment building with a height of 12.3 meters (excluding penthouse).The proposal would have a total of 2,355.5 square metres of new residential space, resulting in a density of 2.34 floor space ind",184 CHATHAM AVE,14,2355.5,0,2355.5,34,http://app.toronto.ca/AIC/index.do?folderRsn=S3WW%2BKPqnz3aiWUnRfmjFQ%3D%3D
1628,Built,13 282160 ESC 42 SA,2013-12-31,A residential development for 298 townhouse dwelling units.,165 TAPSCOTT RD,23,24560.96,0,24560.96,298,http://app.toronto.ca/AIC/index.do?folderRsn=rrjsttTkAE1b5q1MTlaorQ%3D%3D
1629,Active,17 219060 STE 28 OZ,2017-08-18,"On May 22, 2018, a with prejudice set of plans were submitted showing a 34-storey mixed-use building with a total height of 116 metres, a gross floor area of 34618  square metres and a privately-owned publicly accessible space at grade of 300 square metr",33 PARLIAMENT ST,10,33462,1866,35328,557,http://app.toronto.ca/AIC/index.do?folderRsn=SpNiZcup9dYV%2BFoPa6nXRQ%3D%3D
1630,Active,20 113215 WET 05 OZ,2020-02-06,"An Official Plan Amendment and Zoning By-law Amendment application to permit a proposed 35-storey (110.6 metres) residential tower. The proposal includes a total gross floor area of 25,787sq m and would have a Floor Space Index of 9.7 times the area of t",8 LOCUST ST,5,25862,0,25862,448,http://app.toronto.ca/AIC/index.do?folderRsn=qnCe5gbKBx%2Fmazc9morh6g%3D%3D
1631,Active,17 132489 STE 31 SA,2017-03-22,"To construct a four-storey residential stacked back-to-back townhouse development with 20 residential units and one level of underground parking with 20 parking spaces. A total of 2,311 residential gross floor are is proposed.",1165 O'CONNOR DR,19,2311,0,2311,20,http://app.toronto.ca/AIC/index.do?folderRsn=1TEH8ICWq10Nd%2FG6fd1nMQ%3D%3D
1632,Active,24 136301 ESC 21 OZ,2024-04-15,"Zoning By-law Amendment for a mixed use Housing Now development comprising of 919 residential units, of which 306 units are affordable units, with commercial/retail use at-grade. The proposed development comprises of 3 towers, 31 storey building plus a 1",2444 EGLINTON AVE E,21,62271.79,1871.47,64143.26,919,http://app.toronto.ca/AIC/index.do?folderRsn=Flt2i1N6n2q2d8TDjlf8Xg%3D%3D
1633,Under Review,21 219425 NNY 06 OZ,2021-09-29,"The applicant has filed an application for Zoning By-law Amendment to facilitate the development of a 25-storey rental  apartment building containing 559 residential units (including 61 rental replacement units) and 41,921square metres and a Floor Space",1265 WILSON AVE,6,42379,0,42379,577,http://app.toronto.ca/AIC/index.do?folderRsn=%2FgfHe4%2FkT%2Ba5%2FU82o1zKFg%3D%3D
1634,Active,19 122810 STE 19 OZ,2019-03-07,Official Plan and Zoning By-Law Amendments to permit the redevelopment of the site for a a 35-storey residential mixed-use building along Danforth Avenue and a 10-storey residential building along Strathmore Boulevard. The two buildings share an undergro,985 WOODBINE AVE,19,40926,3744.2,44670.2,601,http://app.toronto.ca/AIC/index.do?folderRsn=dn%2B6RH0CD%2B4XXAMv0SQHnw%3D%3D
1635,Built,09 193191 ESC 40 SA,2009-12-02,Proposed 6-storey Medical Health Care Centre with 406 parking spaces (20 for car-pooling),520 ELLESMERE RD,21,0,11932.4,11932.4,0,http://app.toronto.ca/AIC/index.do?folderRsn=aFc%2F6jK4ENPcgmE4jgEdHg%3D%3D
1636,Active,24 198168 STE 11 OZ,2024-08-14,"City Initiated Zoning By-law to construct a 4-storey residential building containing 78 new affordable dwelling units. For further project updates, see: https://www.toronto.ca/community-people/housing-shelter/affordable-housing-developments/map-of-afford",35 BELLEVUE AVE,11,4090,0,4090,78,http://app.toronto.ca/AIC/index.do?folderRsn=r6k2rfuK2ajNks%2F0bDmR5A%3D%3D
1637,Under Review,23 211752 STE 14 SA,2023-10-06,Site Plan Application for a new service bay extension to the existing Russell Streetcar Maintenance and Storage Yard.,1411 QUEEN ST E,14,0,1333.94,1333.94,0,http://app.toronto.ca/AIC/index.do?folderRsn=MDHYMacQByfDtTWpTQjmkw%3D%3D
1638,Under Review,25 144000 WET 07 SA,2025-04-14,"Phased Site Plan Control application to construct a two-storey warehouse addition to the existing industrial building. Phase 1 will have a GFA of 2,410m2 and Phase 2 will have a GFA of 3,294m2. The total GFA, including the existing industrial building, w",28 ARROW RD,7,0,5704,5704,0,http://app.toronto.ca/AIC/index.do?folderRsn=Wt2GJNJYmAjx4RCo5xFhxw%3D%3D
1639,Under Review,22 109040 NNY 17 SA,2022-01-31,Site Plan Approval for a new 2-storey school having a non-residential gross floor area of 4068 square metres.,44 APPIAN DR,17,0,4068,4068,0,http://app.toronto.ca/AIC/index.do?folderRsn=vxzjEYr4mRigynGEWA2kcA%3D%3D
1640,Active,20 234713 NNY 17 OZ,2020-12-30,"Zoning by-law amendment application to permit six  two-storey detached dwellings fronting on a new private street. In addition to the new private street and residential lots, the proposal also will create an open space block. Associated plan of subdivisi",6 FOXDALE CRT,17,2163.06,0,2163.06,6,http://app.toronto.ca/AIC/index.do?folderRsn=VIj37vxlurlxaVLYNQ7D9g%3D%3D
1641,Built,18 176812 STE 19 OZ,2018-06-12,"Official Plan Amendment and Zoning By-law Amendment application to facilitate the redevelopment of the site for a tiered 17 to 20-storey (77 metres including mechanical penthouse) mixed-use building, providing 333 residential units, 7,574 square metres o",64 BATHURST ST,10,21477,7494,28971,307,http://app.toronto.ca/AIC/index.do?folderRsn=Q7wFipMcDHtd9TboancM3g%3D%3D
1642,Active,11 261965 STE 20 OZ,2011-08-23,"The proposed project is a seventeen storey storey 2,848sq ,m. mixed-use commercial/live-work / residential building to replace an existing three-storey commercial - residential building, while preserving its historic brick elevation.",24 MERCER ST,10,2441,408,2849,13,
1643,Under Review,21 143597 ESC 23 OZ,2021-04-20,Proposal for 51 dwelling units (26 back-to-back stacked townhouse units and 24 stacked townhouse units and 1 historical farmhouse unit) with 50 parking spaces provided in one (1) level of underground parking.,3315 MIDLAND AVE,23,5542,0,5542,50,http://app.toronto.ca/AIC/index.do?folderRsn=AzfsBwO1K8t8Jn2jbuVu%2Bg%3D%3D
1644,Active,20 216675 ESC 23 OZ,2020-11-09,Redevelopment comprising of an 11 storey mixed-use building with commercial uses on the ground floor and residential uses above.,4415-4419 SHEPPARD AVE E,23,16848.3,325.5,17173.8,239,http://app.toronto.ca/AIC/index.do?folderRsn=x4OpjgpAVvbFHxaDAj9LOg%3D%3D
1645,Active,19 114193 ESC 20 OZ,2019-02-11,A city-initiated zoning by-law amendment by CreateTO has been submitted to facilitate a mixed use development. The property is currently being used as a commuter parking facility for Victoria Park Subway Station.  The proposal is for two buildings: Build,777 VICTORIA PARK AVE,20,47579.73,1761.05,49340.78,705,http://app.toronto.ca/AIC/index.do?folderRsn=QHj7Yz3cMVRTrCSpQX%2BgpA%3D%3D
1646,Active,20 217261 STE 13 SA,2020-11-10,"A mixed use building comprised of a 10-storey element on Gerrard Street East, stepping down to 7-storeys on Parliament Street and Dreamers Way, connected to a 25-storey tower located at the corner of Parliament Street and Oak Street. The overall developm",365 PARLIAMENT ST,13,45184.54,2626.31,47810.85,643,http://app.toronto.ca/AIC/index.do?folderRsn=W5htOh0DBYvfILys4U%2BApw%3D%3D
1647,Built,16 268817 WET 05 SA,2016-12-20,"Proposed development of Phase 2 of the development, including 2 tall buildings (24 and 21 storeys)  for mixed use development",5365 DUNDAS ST W,3,32823,1113,33936,519,http://app.toronto.ca/AIC/index.do?folderRsn=%2FfT0XCSzwkfA2OWsf5U2Ww%3D%3D
1648,Active,22 109344 NNY 18 OZ,2022-01-31,"3-storey apartment building with 59 studio units (supportive housing) and staff offices, kitchen, dining, lounge, and laundry room. This is part of Phase 2 of the City of Toronto's Modular Housing Initiative.",175 CUMMER AVE,18,3039.97,0,3039.97,59,http://app.toronto.ca/AIC/index.do?folderRsn=%2B3Dpravvq%2FXgXEVjly07DQ%3D%3D
1649,Active,17 278899 WET 11 OZ,2017-12-22,The redevelopment of the subject site with a 24-storey mixed-use building containing 254 residential  units and 466 square metres of retail space at grade.,1695 WESTON RD,5,33944,473,34417,254,http://app.toronto.ca/AIC/index.do?folderRsn=xK2zpc66wFKL8yqvrA37iA%3D%3D
1650,Active,16 148149 WET 13 OZ,2016-04-29,Proposed amendments to the Official Plan and Zoning Bylaw to permit the development of a fourteen (14) storey mixed-use building with 193 residential (condominium) units and ground floor retail space fronting on Bloor Street West.,2452 BLOOR ST W,4,18470,4938,23408,186,http://app.toronto.ca/AIC/index.do?folderRsn=ONqRrnyM7oImjnFtWMiVlA%3D%3D
1651,Under Review,22 196279 STE 19 OZ,2022-08-26,"Rezoning application to redevelop certain portions of this large 3.18-hectare property with five new buildings (Buildings E to I) ranging in height from 15 to 55-storeys and accommodating approximately 1,543 new residential units, with a diversity of typ",2575 DANFORTH AVE,19,122067,1439,123506,1649,http://app.toronto.ca/AIC/index.do?folderRsn=HOIqFMxLUwZ5uAo7Rjye5Q%3D%3D
1652,Built,20 227397 ESC 22 SA,2020-12-09,Development comprising of a one-storey retail building and a 3-storey self-storage building.  Amendment to File 13 147839 ESC 41 SA.,321 SILVER STAR BLVD,22,0,11414.4,11414.4,0,http://app.toronto.ca/AIC/index.do?folderRsn=CEBpUmMQ5sdMRidtqT64iw%3D%3D
1653,Under Review,22 136217 NNY 08 SA,2022-04-20,"Proposal for a new two storey elementary K-8 catholic school for 504 students and a childcare to  accommodate 49 infants, toddlers and preschoolers. The existing Baycrest Public School will be demolished.",145 BAYCREST AVE,8,0,5521,5521,0,http://app.toronto.ca/AIC/index.do?folderRsn=iQMGX%2BXg6wXfyx%2BOmoWkkg%3D%3D
1654,Under Review,25 145839 STE 19 OZ,2025-04-16,Combined Official Plan & Zoning By-law Amendement for a 10-storey residential rental apartment building with a height of 27.2 metres (30.2 metres with the MPH) consisting of 70 rental dwelling units including 13 rental replacement units. An underground p,4 NEWBOLD AVE,19,3833.59,0,3833.59,70,http://app.toronto.ca/AIC/index.do?folderRsn=Xal0HAYiqxB8zwrpmofBDQ%3D%3D
1655,Active,23 120166 WET 03 SA,2023-03-06,"The application seeks to redevelop the property by demolishing the existing 2.5-storey residential building and constructing a new nine-storey mixed use building containing 58 purpose-built rental units and 7 affordable rental replacement dwelling rooms,",230 ROYAL YORK RD,3,2872.739,78.05,2950.789,60,http://app.toronto.ca/AIC/index.do?folderRsn=I1I6EGDjCaIZhDvKk0tc6w%3D%3D
1656,Active,16 263364 NNY 25 OZ,2016-12-12,"Zoning By-law Amendment Application for the development of 7 new dwelling units, consisting of 5 three-storey townhouse dwelling units, 2 new semi-detached dwellings, and the retention of the existing two-storey single detached dwelling (197 Erskine Aven",14 ELVINA GDNS,15,1668.34,0,1668.34,7,http://app.toronto.ca/AIC/index.do?folderRsn=qp3gHH3DNBsVaWJnu00%2B%2BA%3D%3D
1657,Active,20 192411 STE 11 OZ,2020-09-11,"Zoning By-law Amendment application for a 35-storey mixed-use building, containing 422 dwelling units and 8,200 square metres of non-residential gross floor area. The site includes a TTC entrance to Spadina Station, as well as 470 square metres of office",334 BLOOR ST W,11,28416,7918,36334,407,http://app.toronto.ca/AIC/index.do?folderRsn=e3rkdgh7SXRhedpMuluyZw%3D%3D
1658,Built,17 235778 NNY 16 OZ,2017-09-20,"Rezoning application to permit  7, 3-storey townhouse dwelling units. Revised proposed would have below grade parking and a residential gross floor area of 1,442.8 sq. m.",368 BRIAR HILL AVE,8,1433.77,0,1433.77,7,http://app.toronto.ca/AIC/index.do?folderRsn=dwjGccdS0uqyVqAPwQeVXA%3D%3D
1659,Under Review,24 238364 STE 09 OZ,2024-11-13,"Zoning By-law Amendment for a 27-storey mixed-use building with retail at-grade. There will be 367 dwelling units, including 10 rental replacement units.",1153 QUEEN ST W,9,24080.1,762.7,24842.8,357,http://app.toronto.ca/AIC/index.do?folderRsn=FwiHQXD7I7M5U5rCQ2k6nQ%3D%3D
1660,Built,18 119828 WET 02 SA,2018-02-21,"This application is related specifically to Block 10 in the proposed plan of subdivision(17-158705).A .  The proposal is for the development of a casino and performance venue, two hotels, and a parking structure.  Retail uses are proposed within the casi",555 REXDALE BLVD,1,0,106760,106760,0,http://app.toronto.ca/AIC/index.do?folderRsn=vPjZapUs2EcTmD2DQfhd7g%3D%3D
1661,Active,15 261823 NNY 26 OZ,2015-12-07,"Construct an infill development:  37-storey tower-and-base building and 18 unit, stacked townhouse (southern portion of site); a 12-storey mid-rise building and 14 freehold townhouses (northern portion of site).  There will be 552 new units in addition t",25 ST DENNIS DR,16,45723.2,0,45723.2,552,http://app.toronto.ca/AIC/index.do?folderRsn=cFuf8cp1tWcrkqV1Fe0Ofg%3D%3D
1662,Active,20 228956 WET 02 SA,2020-12-14,Revised proposal for Phase 1 of the 300-304 The East Mall mixed-use development. Phase 1 consists of a 29-storey rental apartment building with 277 dwelling units (up from 267 units) on the western portion of the site; an 11-storey mixed-use building (up,300-304 THE EAST MALL,2,34554,1315,35869,494,http://app.toronto.ca/AIC/index.do?folderRsn=wOgeU5xm7bk3%2BsRj%2FaUJDg%3D%3D
1663,Active,24 120936 STE 14 OZ,2024-03-01,"Zoning By-law Amendment for a 14-storey mixed use, purpose-built rental building with commercial/retail use at-grade. The proposed development contemplates the replacement of the existing 27 rental units with an additional 81 new rental units (108 total",1117 DANFORTH AVE,14,6944,0,6944,108,http://app.toronto.ca/AIC/index.do?folderRsn=MkFCAWD19jYe28mSvks9lQ%3D%3D
1664,Active,21 180550 ESC 20 OZ,2021-07-06,"The application proposes 2 mixed-use buildings and 4 residential buildings ranging from 13 to 36 storeys. The proposed development is as follows: 19 and 22 storey mixed-use buildings fronting on Warden Avenue, 33 and 36 storey buildings in the middle of",685 WARDEN AVE,20,129283,988,130271,2105,http://app.toronto.ca/AIC/index.do?folderRsn=7I841ukJQtwJWwwmfI8uxw%3D%3D
1665,Active,23 175768 STE 11 OZ,2023-07-17,"Official Plan and Zoning By-law Amendment application to permit a 13-storey residential building, containing 95 dwelling units. An Official Plan Amendment was requested to ensure the conformity of the proposed built form but was deemed unnecessary.",64 PRINCE ARTHUR AVE,11,6588,36,6624,94,http://app.toronto.ca/AIC/index.do?folderRsn=XVWOj9TCfyTJEGIBgKhyWg%3D%3D
1666,Under Review,25 147607 ESC 22 OZ,2025-04-22,"The proposed development consists of a 50-storey mixed use building (157.0 metres excluding a  7.0 metre mechanical penthouse), inclusive of a 6-storey base building. A total gross floor  area (GFA) of approximately 43,369 square metres, including 280 sq",2914 SHEPPARD AVE E,22,43089,280,43369,590,http://app.toronto.ca/AIC/index.do?folderRsn=erdEDhDRUlYRlieAqGl%2Bdw%3D%3D
1667,Under Review,22 225744 STE 19 OZ,2022-11-03,"Rezoning application for a 52 residential building with retail at grade containing 579 units, inlcuding 12 units of affordable housing , The development contains a total gross floor area (GFA) of 35,973m2 which is primarily residential (35,748m2) but als",8 DAWES RD,19,35748,225,35973,579,http://app.toronto.ca/AIC/index.do?folderRsn=XJjTg5HRPZrUW7jJqHZhrQ%3D%3D
1668,Built,10 182677 STE 20 OZ,2010-05-26,the proposed development was presented as a settlment at the OMB and was successfuly defended at a contested hearing in October of 2013.  A revised proposal has been submitted on a WITHOUT PREJUDICE basis.  The applicant proposes some amendments to the p,327 KING ST W,10,22660.04,478.86,23138.9,327,http://app.toronto.ca/AIC/index.do?folderRsn=5w2kU7vv01ocEztJ%2BklTNw%3D%3D
1669,Active,22 198121 STE 12 OZ,2022-08-31,Zoning By-law Amendment application to permit a 35-storey mixed use building with 273 residential units.,1220 YONGE ST,12,20449,320,20769,270,http://app.toronto.ca/AIC/index.do?folderRsn=A8WayjY2nRrKyjAszLx37g%3D%3D
1670,Active,19 204347 STE 10 OZ,2019-08-12,"Official Plan and Zoning By-law Amendment application to permit a mixed-use development with office, retail, residential and daycare uses in four buildings, including two office buildings and two residential buildings, as well as to permit park and open",325 FRONT ST W,10,146954,144236,291190,1793,http://app.toronto.ca/AIC/index.do?folderRsn=HjoVzkD3hfi%2BvHro1X%2BNRg%3D%3D
1671,Active,24 243620 STE 10 OZ,2024-11-26,"Zoning By-law Amendment for a new 52-story residential tower atop of the existing 9-story office building with ground-floor retail. This design includes 852 residential units, 24 of which will be affordable rentals, while maintaining the existing office",111 PETER ST,10,56029.42,1569.32,57598.74,852,http://app.toronto.ca/AIC/index.do?folderRsn=w%2BGFlAPqVmZH%2FNl2spHy6g%3D%3D
1672,Active,13 195390 STE 30 OZ,2013-06-27,"The StudioCente redevelopment will maintain approximately 16, 535 square metres of space for film studio and production purposes and create approximately 75, 630 square metres of new office/flex space,  7,290 square metres of hotel space, 14, 060 square",629 EASTERN AVE,14,0,96715,96715,0,
1673,Active,22 233150 NNY 16 OZ,2022-11-25,"Proposal for a development includes a total of 17,724 square metres of residential GFA, a density of 1.74 FSI and 242 new dwelling units within two buildings of 9-storeys (33.6 m) and 15-storeys (50.8 m) in height. A total of 236 residential units are pr",150 THE DONWAY  W,16,17512,0,17512,230,http://app.toronto.ca/AIC/index.do?folderRsn=sDEzoZjSvW4PzeB4OSSv%2Fg%3D%3D
1674,Active,24 164540 NNY 16 OZ,2024-06-13,"The proposed development for the subject lands is for a 3-storey (10.15 metre) low rise residential apartment building with 21 residential units, a total Gross Floor Area of 1,183.40 square metres, and a proposed density of 0.98 times the lot area based",1 BROADLANDS BLVD,16,1183.4,0,1183.4,21,http://app.toronto.ca/AIC/index.do?folderRsn=MinKhYzBJ3jDqfNzAP%2FURA%3D%3D
1675,Active,19 124750 STE 04 OZ,2019-03-12,"Zoning By-Law Amendment application to permit an 8-storey mixed-use building, consisting of residential and office uses, and street related retail. The proposal will have 120 dwelling units.",2946 DUNDAS ST W,4,11151,3495,14646,120,http://app.toronto.ca/AIC/index.do?folderRsn=5Gp%2BSZi91RnC10NKUWqk%2FQ%3D%3D
1676,Under Review,21 235872 STE 09 OZ,2021-11-09,"The Official Plan and Zoning By-law Amendment application proposes the redevelopment of the site to permit three buildings ranging in height between 39 and 49-storeys. The application proposes 97,921 square metres of gross floor area (GFA), including 91,",2 UNION ST,9,91425,6496,97921,1364,http://app.toronto.ca/AIC/index.do?folderRsn=Zqcsd2uP80kc9Goy%2FHW%2Bhw%3D%3D
1677,Active,24 169956 STE 09 OZ,2024-06-25,"The combined Official Plan & Zoning By-law Amendment for block 3B proposes a 28-storey mixed-use building with a 5-storey podium. The proposal includes 22,422 square metres of gross floor area, 349 dwelling units, retail at-grade, and an expanded child c",0 STERLING RD,9,22323.1,1340.1,23663.2,349,http://app.toronto.ca/AIC/index.do?folderRsn=Gb3o%2BSWKv5cbBxEtRRoE3A%3D%3D
1678,Built,19 250319 STE 09 SA,2019-11-18,"Site Plan Approval Application for the development of two commercial blocks for proposed 6-storey and 8-storey non-residential buildings comprised of 7,896 square metres and 17,323 square metres of non-residential gross floor area, respectively. 91 parki",158 STERLING RD,9,0,27125.2,27125.2,0,http://app.toronto.ca/AIC/index.do?folderRsn=xCte7KCtUfwz6CdLfV5w5w%3D%3D
1679,Active,24 168035 STE 09 OZ,2024-06-20,"The combined Official Plan & Zoning By-law Amendment  includes blocks 5B and 5C. Both blocks are proposed to be connected by one below grade parking garage consisting of two levels, accommodating both vehicular and bicycle parking. Block 5B consists of a",158 STERLING RD,9,24246.7,1840,26086.7,396,http://app.toronto.ca/AIC/index.do?folderRsn=TsNy7FEh1UJ9EiG7U%2F%2Bchg%3D%3D
1680,Built,21 152485 STE 14 SA,2021-05-10,"Site Plan Approval for a mixed-use building consisting of a 17-storey condominium tower, and a 16-storey rental building atop an 8-storey shared podium. The building will have a non-residential gross floor area of 1,544 square metres and a residential gr",1555 QUEEN ST E,14,46033,1544,47577,632,http://app.toronto.ca/AIC/index.do?folderRsn=61aC6CFzuQjTlAj41sHmng%3D%3D
1681,Active,16 111311 STE 27 OZ,2016-02-01,"Proposal for an Offical Plan and Rezoning Amendment to permit a 9 storey institutional building that will provide 378 bed long-term care, 130 bed transitional assisted living, 100 bed emergency shelter, and 21 units of affordable housing along with a 4,0",349 GEORGE ST,13,3673,44169,47842,70,http://app.toronto.ca/DevelopmentApplications/associatedApplicationsList.do?action=init&folderRsn=3895725&isCofASearch=false
1682,Under Review,24 235666 NNY 18 OZ,2024-11-06,Rezoning Application proposes to demolish the existing single detached buildings on site and replace with fifty (50) 4-storey townhomes on a private lane/driveway. The east row of townhouses will be designed to face the internal lane as well as to provid,3398 BAYVIEW AVE,18,11415,0,11415,50,http://app.toronto.ca/AIC/index.do?folderRsn=31bnnWTmhlWSizZOC3IZWw%3D%3D
1683,Under Review,25 148717 STE 10 SA,2025-04-24,Site Plan Approval for the relocation of Toronto Fire and Emergency Service Station 332 to the south side of Metro Hall.,55 JOHN ST,10,0,186,186,0,http://app.toronto.ca/AIC/index.do?folderRsn=VTJukOq7qZHuY1BuWn%2BILA%3D%3D
1684,Built,13 163706 NNY 23 OZ,2013-05-07,An application to facilitate the development of six 3-storey townhouses fronting on Bayview and one single detached dwelling fronting on McKee.  Submitted in conjunction with Site Plan Control Application 13 163745 NNY 23 SA.,3052 BAYVIEW AVE,18,1873.6,0,1873.6,7,
1685,Active,24 163313 STE 12 OZ,2024-06-11,"Zoning By-law Amendment application to permit the redevelopment of the subject site with a 59-storey residential tower (200.9 metres, including an 8.0-metre mechanical penthouse), inclusive of a 5-storey base building. The proposal includes 771 new resid",54 BROWNLOW AVE,12,47257,0,47257,718,http://app.toronto.ca/AIC/index.do?folderRsn=uDq1XSeEpv8eOPYqWpHhPg%3D%3D
1686,Active,22 192156 STE 11 OZ,2022-08-17,"Zoning By-law Amendment application to permit a 64-storey mixed-use building, containing 579 dwelling units, 21,138 square metres to office and 354 square metres to retail gross floor area.",522 UNIVERSITY AVE,11,33570,9553,43123,579,http://app.toronto.ca/AIC/index.do?folderRsn=J92NxUv5cgNF2c1v9LAA3g%3D%3D
1687,Active,22 240161 WET 02 SA,2022-12-16,"Proposed 2 storey, elementary school, child care centre, and associated parking, play fields and child care play yard.",100 ALLANHURST DR,2,0,6396,6396,0,http://app.toronto.ca/AIC/index.do?folderRsn=Zi5zbBcwqUEV%2FUjsnwABRA%3D%3D
1688,Under Review,22 216345 STE 11 OZ,2022-10-12,"Official Plan and Zoning By-law Amendment application to permit a 30-storey mixed-use building, containing 472 dwelling units and 798 square metres of non-residential gross floor area.",425 BLOOR ST W,11,30507,798,31305,472,http://app.toronto.ca/AIC/index.do?folderRsn=Z%2Bsz4E1BxmWRB%2B0JGMxCKA%3D%3D
1689,Under Review,20 177243 ESC 23 SA,2020-08-06,"Proposal for a 2-storey warehouse and office building addition with a total of 1,846 m2, to the existing 2-storey warehouse and office  building.",350 MIDDLEFIELD RD,23,0,1846,1846,0,http://app.toronto.ca/AIC/index.do?folderRsn=lf3q%2BsGVe%2BgimHH8YCTkhQ%3D%3D
1690,Under Review,23 152215 NNY 18 SA,2023-05-29,"Site Plan Application for Phase 2 (eastern) of 52 and 54 storeys. A total gross floor area of 80,022.1square metres, 267.5 square metres of non-residential, and 79,754.7 square metres of residential uses with 1,121dwelling units are proposed for this pha",5800 YONGE ST,18,77893.9,332.7,78226.6,1161,http://app.toronto.ca/AIC/index.do?folderRsn=4ooEmMK0smyKovJ%2Fs0xX2g%3D%3D
1691,Under Review,22 241809 STE 14 SA,2022-12-22,East Harbour Transit Hub,1 SUNLIGHT PARK RD,14,0,13831,13831,0,http://app.toronto.ca/AIC/index.do?folderRsn=SHTZBk3hYphJwfbYKlqsJQ%3D%3D
1692,Active,11 251394 STE 19 OZ,2011-08-04,"Proposal to construct a 14 storey mixed use building with 3 levels of underground parking, 1 floor(approximately the height of two storeys) of retail/commercial space and 205 residential units in the project. Application appealed on the basis of municipa",1071 KING ST W,10,20329,516,20845,298,http://app.toronto.ca/AIC/index.do?folderRsn=rlUP4Ph6WevD5YWM%2Fz32bQ%3D%3D
1693,Active,19 242696 STE 19 OZ,2019-10-29,Zoning by-law amendment application for a proposed 6-storey mixed-use building containing 91 residential dwelling units,1684 QUEEN ST E,19,16261,1127,17388,216,http://app.toronto.ca/AIC/index.do?folderRsn=h1DA3KKi1U8nRoeO9vtutA%3D%3D
1694,Under Review,24 245561 NNY 15 OZ,2024-12-02,Proposed 6-storey (22.5 metre) residential building containing 56 units and 115 underground parking spaces. Vehicular access will be from The Bridle Path.,2425 BAYVIEW AVE,15,13410.18,0,13410.18,56,http://app.toronto.ca/AIC/index.do?folderRsn=MCrR6NHy8PqWzKUIhbL%2F0Q%3D%3D
1695,Under Review,22 180913 NNY 16 OZ,2022-07-22,"Revised proposal containing 3 residential tower buildings, of which one will contain retail on the ground floor. The towers will have heights of 26 storeys (85.05m + 8m MPH), 32 storeys (103.05m + 8m MPH), and 34 storeys (109.25m + 8m MPH). The proposed",895 LAWRENCE AVE E,16,75634,492.26,76126.26,1194,http://app.toronto.ca/AIC/index.do?folderRsn=6y6bvB1JNfFsZoowMDqF4g%3D%3D
1696,Under Review,24 219941 NNY 08 OZ,2024-09-30,"Official Plan and Zoning By-law Amendment application to permit a 38-storey (124 metres + 6.5 metre mechanical penthouse) residential building containing 455 residential units, three below-grade parking levels, and a gross floor area (GFA) of 29,702 squa",262 VIEWMOUNT AVE,8,29701.9,0,29701.9,455,http://app.toronto.ca/AIC/index.do?folderRsn=%2BeEQSNWEyiEduUqvUkPhmw%3D%3D
1697,Built,14 204219 STE 20 OZ,2014-08-11,Revised Submission for Zoning By-law Amendment and Site Plan Applications for a mixed-use residential and commercial developmennt with two towers 59 and 69 storeys. Both applications were appealed to the OMB.  The OMB approved the zoning by-law amendment,23 SPADINA AVE,10,102739,4570,107309,1397,http://app.toronto.ca/AIC/index.do?folderRsn=BZYuuWLAErWrrKihN0lRKg%3D%3D
1698,Under Review,25 151028 WET 03 OZ,2025-04-29,Proposal to amend the Zoning By-law to allow for a new 4-storey municipal shelter with approximately 50 beds.,66 Y THIRD ST,3,0,1741,1741,0,http://app.toronto.ca/AIC/index.do?folderRsn=tDHtg6ccIO49tjTm%2Fx%2BDAg%3D%3D
1699,Built,15 261197 WET 12 SA,2015-12-05,Maintenance and Storage Facility for Eglinton LRT,3500 EGLINTON AVE W,5,0,24311,24311,0,http://app.toronto.ca/AIC/index.do?folderRsn=Vk1LNnGvfW1uuGCjrC0r1w%3D%3D
1700,Under Review,25 150999 NNY 06 OZ,2025-04-29,Proposal to amend the Zoning By-law to allow for a new 6-storey municipal shelter with approximately 80 beds.,1220 WILSON AVE,6,0,4111.7,4111.7,0,http://app.toronto.ca/AIC/index.do?folderRsn=VmniuJpr5R1eoSevxH1hjw%3D%3D
1701,Active,20 207542 STE 13 SA,2020-10-16,Proposal to construct a 3-storey stacked townhouse apartment building containing 10 dwelling units and having a gross floor area of 668.6 square metres.,39 RIVER ST,13,684.7,0,684.7,10,http://app.toronto.ca/AIC/index.do?folderRsn=5Q%2FYHksXdl%2BWqlqWTPGVRw%3D%3D
1702,Built,12 148473 STE 30 OZ,2012-03-30,9-storey mixed use building,462 EASTERN AVE,14,23182,1063,24245,285,http://app.toronto.ca/AIC/index.do?folderRsn=97ptmDpUoq5fLPQblKpN6Q%3D%3D
1703,Under Review,24 150052 STE 14 OZ,2024-05-16,"Proposed two connected bar buildings of five and six storeys are proposed, each containing a tower element of 53 and 47 storeys respectively. The proposed total residential gross floor area is 69,335 m2. Residential uses are located within the podiums an",115 SAULTER ST S,14,69335,6123,75458,1046,http://app.toronto.ca/AIC/index.do?folderRsn=%2BkWK6WjEt38eRYKcDY4AoQ%3D%3D
1704,Active,20 233181 WET 03 OZ,2020-12-22,The new Etobicoke Civic Centre.,3741-3751 BLOOR ST W,3,0,44753,44753,0,http://app.toronto.ca/AIC/index.do?folderRsn=n%2BABtNNXKB2kDR3ITw1eKg%3D%3D
1705,Active,17 175826 STE 28 OZ,2017-06-08,"Zoning By-law Amendment to permit the construction of a 30-storey residential mixed-use building, with a height of 95.05 metres (101.05 metres including the mechanical penthouse), containing 205 residential units and 177 square metres (1,905 square feet)",284 KING ST E,13,15917,258,16175,219,http://app.toronto.ca/AIC/index.do?folderRsn=maFkHJwRzVp7UUNe7xxP4g%3D%3D
1706,Built,16 118667 STE 27 OZ,2016-02-19,A 25-storey (81.7 metres including a mechanical penthouse) mixed-use building with retail uses on the ground floor and residential uses above at 767-773 Yonge Street.  The proposal has a Floor Space Index of 14 times the area of the lot and a total of 20,771 YONGE ST,11,13605.9,156.5,13762.4,202,http://app.toronto.ca/AIC/index.do?folderRsn=aSrYOgvv5Oy0VCgQJI85tA%3D%3D
1707,Active,15 162810 STE 20 SA,2015-05-26,As of Sept 27 2019 - The proposed building will include a ground floor retail with mezzanine that will have an overall GFA of 117sm and total residential GFA of 1275 sq m. Proposed height has increased from 7-storeys to 8-storeys (29 m).  NOAC Extension-,350 DAVENPORT RD,11,1275,117,1392,6,http://app.toronto.ca/AIC/index.do?folderRsn=4uL9rz5Yu2gw4ratqD81uw%3D%3D
1708,Built,18 259789 WET 17 SA,2018-11-22,"Site Plan Control application for proposed 10-storey mixed-use building containing 76 residential condominium units with retail at-grade. The proposed building would have a total residential gross floor area of 6,619 m2 and a total retail gross floor are",861 ST CLAIR AVE W,9,6619,259,6878,76,http://app.toronto.ca/AIC/index.do?folderRsn=nGco4136bL3AAqDys5529Q%3D%3D
1709,Active,20 123257 NNY 15 SA,2020-03-06,"Site Plan application for the proposal to construct a 2 storey addition (3,081 sqm) at ""Crescent School.""",2365 BAYVIEW AVE,15,0,2137,2137,0,http://app.toronto.ca/AIC/index.do?folderRsn=VHICjihTnlG9Pi155Cvceg%3D%3D
1710,Built,19 204533 WET 03 OZ,2019-08-12,The applicant is proposing a 9-storey mixed-use building containing 200residential units and 500 square metres of at-grade retail space fronting onto The Queensway. Two levels of underground parking are proposed with vehicular entry to the site proposed,689 THE QUEENSWAY,3,16643,500,17143,198,http://app.toronto.ca/AIC/index.do?folderRsn=M%2FJDaj3%2BnGpRAWdYi5tgag%3D%3D
1711,Active,18 270843 STE 11 OZ,2018-12-20,"Zoning By-law Amendments to facilitate redevelopment of the subject site for a 9-storey non-residential building: 822 square metres of commercial / retail space located at grade and on the 2nd level, and office use, approximately 2 ,115 square metres. Th",316 DUPONT ST,11,12042,2767,14809,126,http://app.toronto.ca/AIC/index.do?folderRsn=nUsN2F82VJ5Zz5Otz3mGcg%3D%3D
1712,Under Review,23 114992 WET 03 SA,2023-02-17,"Site Plan Control Application -  Proposed new school, Bishop Allen Academy Catholic Secondary School, replacing the existing school on the same site. The new building will be comprised of a 3 storey academic wing to the north, and a double height athleti",721 ROYAL YORK RD,3,0,13758,13758,0,http://app.toronto.ca/AIC/index.do?folderRsn=5y5UHgeSBtjD%2BX%2BJ4VizgQ%3D%3D
1713,Built,12 141911 STE 28 OZ,2012-03-23,"REVISED APPLICATION July 2015 - Rezoning application to permit the re-development of the block bounded by Lower Sherbourne Street, Princess Avenue, The Esplanade and Front Street  East.  The revised proposal is to permit four towers with heights of 33 st",177 FRONT ST E,13,107116,18402,125518,1531,
1714,Built,21 179572 STE 04 SA,2021-07-05,"Site Plan Control application at 150 Dunn Avenue. The proposal includes a 4-storey apartment building with 51 bachelor units (supportive housing) and staff offices, tenant support, kitchen, dining, lounge, laundry, and waste storage rooms. The site plan",130 DUNN AVE,4,2941,0,2941,51,http://app.toronto.ca/AIC/index.do?folderRsn=fZ9935%2BbMGL%2FSZZAnUhrdg%3D%3D
1715,Active,20 144828 ESC 20 SA,2020-05-13,Redevelopment of existing school site. Demolition of existing school and construction of a new secondary school.,2685 KINGSTON RD,20,0,10724,10724,0,http://app.toronto.ca/AIC/index.do?folderRsn=%2FoOfHazCrdX4ZlxvPLKGvw%3D%3D
1716,Built,17 226908 NNY 24 OZ,2017-09-01,Rezoning application to permit six buildings ranging in height from 1 to 5 storeys. The proposal includes surface parking to serve the self-storage facility in addition to maintaining 278 leased parking spaces currently on site for the use of the commerc,101 GORDON BAKER RD,17,0,14383.04,14383.04,0,http://app.toronto.ca/AIC/index.do?folderRsn=gRSztFibKeykNuFeqFVusw%3D%3D
1717,Built,18 272263 STE 19 SA,2018-12-27,"Site Plan Control application to facilitate the redevelopment of the subject site with a low-rise apartment building with three at-grade retail units and a one-storey common residential amenity building in the rear yard.  52 dwelling units, and 256.4 squ",1455 O'CONNOR DR,19,5558.1,309.7,5867.8,52,http://app.toronto.ca/AIC/index.do?folderRsn=xZ2XGknd36oDd9fm1WdRPA%3D%3D
1718,Built,15 106475 ESC 36 OZ,2015-01-20,Proposed Official Plan Amendment and Rezoning Application to permit the development of 121 stacked townhouse units within seven (7) buildings.,168 CLONMORE DR,20,11943.4,0,11943.4,121,http://app.toronto.ca/AIC/index.do?folderRsn=40tMJRD7TJdjQcYHgWWfjw%3D%3D
1719,Active,20 124823 STE 04 OZ,2020-03-11,Zoning By-law amendment application for a proposed 8-storey mixed-use building comprised of 448.0 m2 of non-residential gross floor area and 46 rental dwelling units.,1375 QUEEN ST W,4,4595,322,4917,62,http://app.toronto.ca/AIC/index.do?folderRsn=y%2BYq7r83E7D%2F3%2Bq27p7atw%3D%3D
1720,Active,23 219525 NNY 18 OZ,2023-10-27,"An Official Plan and Zoning By-law Amendment to allow for the construction of a 24-storey residential building consisting of 305 residential units, 18,737 square metres of Gross Floor Area and an FSI of 8.68.      Revised: An Official Plan and Zoning By-",26 HOUNSLOW AVE,18,19235.3,0,19235.3,305,http://app.toronto.ca/AIC/index.do?folderRsn=6TZizKqwehaiaASpoX9Anw%3D%3D
1721,Under Review,21 186124 WET 05 OZ,2021-07-19,"Application to redevelop the lands into a mixed-use development consisting of three development blocks, a new public road, a new private road and publically accessible amenity space. Block A would include a new food store and three towers with heights of",25 PHOTOGRAPHY DR,5,189306,7772,197078,2920,http://app.toronto.ca/AIC/index.do?folderRsn=bDYsFeR1JUZcdznVevuoag%3D%3D
1722,Under Review,20 203733 NNY 06 SA,2020-10-07,"Site Plan application to permit a 5 storey, Waste Mangement Office building (City of Toronto).",75 VANLEY CRES,6,0,4987.76,4987.76,0,http://app.toronto.ca/AIC/index.do?folderRsn=0S2XR4zMfji2jpT0NBjuDQ%3D%3D
1723,Active,17 208607 NNY 08 OZ,2017-07-31,Proposal for a 12 storey mixed use building with 190 dwelling units; retail uses at ground floor and 3 storey below grade parking for 250 parking spaces. (Related site plan application File # 15 109987 NNY 08 SA)..,2839 JANE ST,7,13091,953,14044,190,http://app.toronto.ca/AIC/index.do?folderRsn=FNmS1l0OJ%2BNhTls0JdT%2BnQ%3D%3D
1724,Under Review,20 233424 STE 10 OZ,2020-12-23,"Zoning By-law Amendment to facilitate redevelopment of the site with new 66-storey mixed use building.  116 square metres of retail use and 9,169 square metres of office space is proposed within the 9-storey podium, along with 37,170 square metres of res",277 WELLINGTON ST W,10,37475,6279,43754,654,http://app.toronto.ca/AIC/index.do?folderRsn=lpXUT0phrO%2B6WhFzZ2OTzQ%3D%3D
1725,Built,18 270419 NNY 07 SA,2018-12-19,Maintenance and Storage Facility for the Finch West LRT,50 YORK GATE BLVD,7,0,10521,10521,0,http://app.toronto.ca/AIC/index.do?folderRsn=FZw1NKdR1VmC4W05N3eStQ%3D%3D
1726,Built,15 135436 STE 20 OZ,2015-04-01,"Proposal for rezoning related to one 49-storey mixed use buildings containing restaurant uses on the ground and second floor, a commerical fitness area, a 102 room hotel including conference and banquet facilities and 718 residential units, with 4 levels",15 MERCER ST,10,51941,6962,58903,658,http://app.toronto.ca/DevelopmentApplications/associatedApplicationsList.do?action=init&folderRsn=3722514&isCofASearch=false
1727,Active,23 119823 STE 04 OZ,2023-03-03,"Zoning By-law Amendment for a 19-storey mixed use building with a total of 89 new dwelling units. The building will have a total gross floor area (GFA) of 7,015 square metres, including a retail gross floor area of 55 square metres, resulting in a total",1728 BLOOR ST W,4,6076.2,53.6,6129.8,90,http://app.toronto.ca/AIC/index.do?folderRsn=SAlwv0S%2BED3%2FTRN2tlxbNw%3D%3D
1728,Active,16 270250 ESC 35 OZ,2016-12-22,Proposal to consolidate 599 to 631 Kennedy Rd as a single development site. Proposal to develop the subject site as a 10- storey residential building with 215 apartment dwelling units.,599 KENNEDY RD,20,19260,0,19260,269,http://app.toronto.ca/AIC/index.do?folderRsn=vIuiBTe3NguSzdRR%2FTTYgw%3D%3D
1729,Active,22 187482 NNY 16 OZ,2022-08-08,"The applications propose to develop four residential towers ranging from 40 to 53 storeys, adding approximately 2,536 new residential units with direct access to the Ontario Line LRT station. The proposed residential GFA will be 139,544 m2 and will provi",7 ST DENNIS DR,16,139543.5,0,139543.5,2536,http://app.toronto.ca/AIC/index.do?folderRsn=Hvr0GLZU4gt22KGazr%2Fbfw%3D%3D
1730,Under Review,22 140023 WET 07 OZ,2022-04-29,"Zoning By-law Amendment (22 140023 WET 07 OZ) and Site Plan Control (22 140022 WET 07 SA) applications to facilitate an infill development. The applicant is proposing three new towers, measuring 35-storeys, 45-storeys, and 45-storeys. All three tower sit",4001 STEELES AVE W,7,95305,0,95305,1384,http://app.toronto.ca/AIC/index.do?folderRsn=DhRyGT4ki6RjajLIUMCg6A%3D%3D
1731,Active,23 149933 WET 03 OZ,2023-05-24,"A Zoning By-law Amendment application has been submitted for 15 Canmotor Avenue to demolish the existing one-storey restaurant/banquet hall and construct a new two-storey medical office and cardiology centre totaling 1,707 square metres of gross floor ar",15 CANMOTOR AVE,3,0,463.06,463.06,0,http://app.toronto.ca/AIC/index.do?folderRsn=MpxMPOXKc9SJomUX5RmtwQ%3D%3D
1732,Under Review,21 219268 WET 03 OZ,2021-09-29,"Proposed 51-storey mixed-use tower containing 674 residential units, 42,636.9m2 of residential gross floor area (GFA), and 600m2 of non-residential GFA. The proposal also consists of a 4-level parking garage with 181 residential parking stalls, 37 shared",2189 LAKE SHORE BLVD W,3,42036.9,600,42636.9,674,http://app.toronto.ca/AIC/index.do?folderRsn=Xt6DYo7suVrehnfWyAIqhg%3D%3D
1733,Active,15 238678 WET 17 OZ,2015-10-16,Proposed amendment to the Official Plan and Zoning By-laws to permit the development of a mixed-use residential development.,386-394 SYMINGTON AVE,9,35108,0,35108,398,http://app.toronto.ca/AIC/index.do?folderRsn=UafBN8qE6TRjZPdafw3xSg%3D%3D
1734,Active,21 251397 NNY 16 OZ,2021-12-24,"Amend the Zoning By-law to permit 35 and 31-storey towers on a 7-storey podium.  518.9 sq.m. public park, 268 sq.m. POPS. 857 residential units of which 61 units are rental replacement.  Total GFA of 55,368.5 sq.m.; FSI pf 10.67. Implementing ZBL pending",3 SWIFT DR,16,54911,0,54911,846,http://app.toronto.ca/AIC/index.do?folderRsn=8pIqepwjr%2Fy%2BcS6VfvlezA%3D%3D
1735,Built,15 133424 NNY 16 OZ,2015-03-27,"9 storey residential apartment building containing 173dwelling units with three levels of underground parking fronting on Lawrence Ave w.,   397m2 parkland dedication in the northest portion of the site is proposed.",250 LAWRENCE AVE W,8,15863,0,15863,173,http://app.toronto.ca/AIC/index.do?folderRsn=i%2FeHGbsGzfN1KMU0q9Aw3w%3D%3D
1736,Active,18 161483 STE 22 OZ,2018-05-18,Zoning By-law Amendment Application proposing four 3-storey townhouse units with a total residential gross floor area of 1663m2. A total of 8 vehicular parking spaces will be provided in a below-grade garage.,206 RUSSELL HILL RD,12,1663,0,1663,4,http://app.toronto.ca/AIC/index.do?folderRsn=%2BQXu5jq6Tn26%2FU7x9yv7ug%3D%3D
1737,Active,21 251957 STE 10 OZ,2021-12-29,"Official Plan and Zoning By-law Amendment applications to facilitate the redevelopment of the site for two 36-storey mixed-use buildings having a non-residential gross floor area of 8627 square metres, and a residential gross floor area of 45,407 square",45 THE ESPLANADE,10,44929,8032,52961,726,http://app.toronto.ca/AIC/index.do?folderRsn=eQ1o7sFJBKzzJLcAfwDQQQ%3D%3D
1738,Under Review,18 261350 NNY 08 SA,2018-11-27,Two 1-storey commercial buildings with 104 parking spaces.,1125 FINCH AVE W,6,0,2012.2,2012.2,0,http://app.toronto.ca/AIC/index.do?folderRsn=q3aLzqtunu3WNNQziayfpQ%3D%3D
1739,Active,18 111396 WET 06 SA,2018-01-30,To construct a partial second storey addition (for administrative purposes) and a rear ground floor addition (to accommodate increased production of ready to eat products). The existing building is a poultry industry.,61 TORLAKE CRES,3,0,1758,1758,0,http://app.toronto.ca/AIC/index.do?folderRsn=RQqkvE8qgABmnIUnpbV%2BLw%3D%3D
1740,Built,18 125604 NNY 24 SA,2018-03-06,"Site plan approval application for the first phase (Block 1) of the Newtonbrook Plaza re-development.  Phase 1 includes two  mixed-use towers of 34 and 32 storeys with a total of 810 residential units.  A total gross floor area of 73,345.6 square metres",5799-5915 YONGE ST,18,66467.65,7351.6,73819.25,808,http://app.toronto.ca/AIC/index.do?folderRsn=MCX6FDLOHzryccdXNWEx%2FQ%3D%3D
1741,Active,18 266753 ESC 23 OZ,2018-12-10,This application proposes to redevelop the northern half of the property with 37 back-to-back townhouse units and five commercial units.,125 MONTEZUMA TRL,23,3967.96,188.12,4156.08,37,http://app.toronto.ca/AIC/index.do?folderRsn=vgMS5S90Ot%2FGCCnbv8KugA%3D%3D
1742,Built,16 262666 NNY 10 OZ,2016-12-09,"This application proposes 160 3 to 5-storey stacked, back-to-back and standard townhouses witth 180 underground parking spaces and 1 surface parking space.  The proposed gross floor area of 16,486 square metres results in an FSI of 1.76 times the area of",871-873 SHEPPARD AVE W,6,16567.6,0,16567.6,160,http://app.toronto.ca/AIC/index.do?folderRsn=H54WdkwQpLQdYWav8hh6GQ%3D%3D
1743,Built,20 151071 ESC 22 OZ,2020-06-01,"Development on vacant portion of existing commercial lands.  The development comprises of 5 blocks of 4 storey townhomes with combined parking, enclosed ground floor parking and surface parking spaces. Ben Baena, Solicitor assigned",3079 PHARMACY AVE,22,9854.75,267.05,10121.8,81,http://app.toronto.ca/AIC/index.do?folderRsn=69W9xx3LV89Dhy0AM%2FJpKA%3D%3D
1744,Built,15 257792 STE 27 OZ,2015-11-27,Zoning By-law and Official Plan Amendments to permit a 9-storey (37.85 metres including mechanical penthouse) mixed-use building that would contain up to 370 square metres of non-residential floor area on the first and second floors and a total of 18 res,126 HAZELTON AVE,11,4418.49,488.96,4907.45,18,
1745,Active,19 243559 STE 12 SA,2019-10-31,Site Plan Approval application: October 2022 Revised Proposal -Site Plan Approval application:  a 15-storey,133 VAUGHAN RD,12,10607,40,10647,153,http://app.toronto.ca/AIC/index.do?folderRsn=hcBADD%2BpNBBy1UiBwmGs2g%3D%3D
1746,Active,22 129524 STE 09 SA,2022-04-01,"Site Plan Approval for a 37-storey mixed-use building having a non-residential gross floor area of 1543.20 square metres, and a residential gross floor area of 57,746.0 square metres.  844 rental dwelling units are proposed.",1141 BLOOR ST W,9,58175,1519,59694,856,http://app.toronto.ca/AIC/index.do?folderRsn=tSVUYT3CXdbL6PIa%2FvhVxA%3D%3D
1747,Under Review,24 174957 NNY 18 OZ,2024-07-04,The proposal is for 5 townhouse units fronting onto Bayview Avenue with a total gross floor area of 976.25 m2 and an overall density of 1.44 Floor Space Index (FSI).,3138 BAYVIEW AVE,18,958.1,0,958.1,5,http://app.toronto.ca/AIC/index.do?folderRsn=LexBIuZ%2BVSZu7iBvBS1wdQ%3D%3D
1748,Under Review,24 213561 ESC 23 OZ,2024-09-16,Development of 2 single-storey industrial warehouse buildings with a centralized truck court.,5789 STEELES AVE E,23,0,46294.76,46294.76,0,http://app.toronto.ca/AIC/index.do?folderRsn=fpoTfn5zQDIKqRiZtUFfQw%3D%3D
1749,Built,10 317268 STE 32 SA,2010-12-20,Siteplan approval application to sever existing lot and construct new 4 storey apartment with 18 residential units - 9  parking spaces in 1 level below grade garage.,45 CONNAUGHT AVE,14,1189.44,0,1189.44,18,
1750,Active,16 159483 STE 20 OZ,2016-05-20,"Revised Zoning Amendment application for residential, office and restaurant/retail uses in a single building form of varying heights framing a large publicly accessible open courtyard.  Please note that the property at 485 King Street West (initially par",533 KING ST W,10,35637,19072,54709,439,http://app.toronto.ca/AIC/index.do?folderRsn=nlCRHPiKR9ikikvGbwgVtw%3D%3D
1751,Active,21 204794 ESC 22 OZ,2021-08-26,"Erect a 29-storey high-rise residential building on the south side of the Subject Lands, facing Warden Avenue (Building A), and an 11-storey mid-rise residential building on the north side facing Finch Avenue East (Building B). The existing 13-storey ren",20 STONEHILL CRT,22,31426.91,228.88,31655.79,460,http://app.toronto.ca/AIC/index.do?folderRsn=R3dPuGRR9BePrxG00ORvfQ%3D%3D
1752,Active,24 119171 NNY 18 OZ,2024-02-26,"Application to amend Zoning By- Law 569-2013 to permit the development of 45 three-storey  townhouse units. The townhomes are proposed to be serviced by a new private road. The application also proposes the dedication of a 627 sq metre (6,759 sq ft) publ",172 DREWRY AVE,18,5947.68,0,5947.68,45,http://app.toronto.ca/AIC/index.do?folderRsn=HmNzGHU3XT%2FtuJtDQL74xw%3D%3D
1753,Active,21 223856 STE 10 SA,2021-10-08,"Phase 1D - Blocks G and H: New 7-storey hospital building (""Forensic Mental Health Building"") and expansion of the existing Doctor's Association Building and Parking Garage",1001 QUEEN ST W,10,0,45422,45422,0,http://app.toronto.ca/AIC/index.do?folderRsn=%2FqBf5ZoCds0nCDLqiJjFYQ%3D%3D
1754,Built,14 267350 STE 27 OZ,2014-12-23,"The rezoning application proposes to redevelop the site and build a new mixed-use 38-storey (131 metre including mechanical penthouse) with 2,250 sq. metres of commercial uses in a two-storey base building and residential uses on the upper floors.   The",480 YONGE ST,13,30644,2198,32842,451,http://app.toronto.ca/DevelopmentApplications/associatedApplicationsList.do?action=init&folderRsn=3677566&isCofASearch=false
1755,Built,12 113963 ESC 44 SA,2012-01-30,To construct a imam residence for mosque,4640 KINGSTON RD,25,160.8,0,160.8,1,
1756,Under Review,19 181636 ESC 23 OZ,2019-07-02,"Zoning By-law Amendment application to permit a new fuel station comprising of a 6 pump gas canopy, convenience store and car wash facility. A Site Plan application (19 181643 ESC 23 SA) was submitted concurrently with this rezoning application.",3030 MARKHAM RD,23,0,505.81,505.81,0,http://app.toronto.ca/AIC/index.do?folderRsn=86lU62Ccs7eGwNLMwi%2FLWA%3D%3D
1757,Under Review,23 216423 STE 14 OZ,2023-10-19,Provincial (Infrastructure Ontario) Transit-Oriented Community submission for 10 Dickens Street and 388 Carlaw Avenue.,388 CARLAW AVE,14,98885,13156,112041,1315,http://app.toronto.ca/AIC/index.do?folderRsn=zB9Pe%2FgC%2FLUZyr6o7wLXJg%3D%3D
1758,Active,23 167119 WET 03 OZ,2023-06-28,"Proposal for mid- to high-rise buildings ranging in height from 7 to 46 storeys, with heights decreasing towards the north, as distance from the Mimico GO Station increases. The tallest proposed building includes two towers (32 and 46 storeys) connected",21-25 WINDSOR ST,3,70028,6295,76323,1117,http://app.toronto.ca/AIC/index.do?folderRsn=yF7JrREIXs%2BpkCPrsiu08g%3D%3D
1759,Under Review,23 126569 WET 07 OZ,2023-03-24,Proposed construction of a 2-storey single detached dwelling with an attached garage. The proposed building (with garage) will provide an approximate GFA of 445.44m2. The garage area is proposing to be constructed within the easement area to improve acce,12 HILLSIDE RD,7,445,0,445,1,http://app.toronto.ca/AIC/index.do?folderRsn=vekFuyT9MS4FlKmIThf9lw%3D%3D
1760,Active,12 215214 WET 05 OZ,2012-07-20,"Proposed amendments to the Official Plan (Site and Area Specific Policy 6) and Etobicoke Zoning Code (Site Specific By-law 747-2006, as amended) to allow for additional density and residential units for the third and final phase of a new residential neig",7 ZORRA ST,3,66763,0,66763,915,
1761,Built,21 183324 STE 10 OZ,2021-07-13,"Zoning By-law Amendment application to permit one 16-storey residential tower above the existing 5-storey parkade (with a total height of 21 storeys, or 66 metres, inclusive of the mechanical penthouse) at 396 Queens Quay West. It also includes additions",350 QUEENS QUAY  W,10,41660,32,41692,589,http://app.toronto.ca/AIC/index.do?folderRsn=PvgNUIWzPepWS3fU%2BLP8Xw%3D%3D
1762,Active,14 268446 WET 06 OZ,2014-12-30,"The application proposes to amend the Etobicoke Zoning Code and new City-wide Zoning By-law to permit a mixed-use proposal consisting of four residential towers with buildings heights of 21, 29,32and 38 storeys containing 1,196 residential units, and 11",580 EVANS AVE,3,100841,0,100841,1196,http://app.toronto.ca/AIC/index.do?folderRsn=fx2g9Mru5VmTDwP6JhhJ%2Fg%3D%3D
1763,Active,23 113750 WET 03 OZ,2023-02-14,The proposal seeks to redevelop the subject site with a 5-storey self-storage warehouse building (20.1 metres) as well as three 1-storey buildings divided into 28 condominium industrial/office units.,37 SHORNCLIFFE RD,3,0,16710.6,16710.6,0,http://app.toronto.ca/AIC/index.do?folderRsn=wCgLfTiYPwcikUfZhVdDnw%3D%3D
1764,Under Review,24 222025 NNY 08 OZ,2024-10-04,"Rezoning Application to redevelop the site with a 43-storey mixed-use building with a total net FSI of 24.77 and a lot coverage of approximately 71%.  The Proposal includes a 6-storey podium building, which would include retail and residential lobby on t",1410 EGLINTON AVE W,8,29440.7,184.4,29625.1,442,http://app.toronto.ca/AIC/index.do?folderRsn=3mXQLvO8HM4eBKTnQu165g%3D%3D
1765,Built,16 198194 STE 20 OZ,2016-07-28,"Official Plan and Zoning By-law Amendment to allow the addition of an 11 storey mixed use building with a total of 133 rental residential apartments on the south side of the property. The proposal retains the existing 25 storey apartment building, and pa",666 SPADINA AVE,11,9662.5,620.7,10283.2,118,http://app.toronto.ca/AIC/index.do?folderRsn=cscong5zEkKvDk3RLMfQuw%3D%3D
1766,Active,18 133602 WET 05 OZ,2018-03-23,"The Zoning By-law Amendment application to permit the redevelopment of the Subject Lands for a 21-storey mixed use building. The proposed development would provide for a total of 21934 square metres of gross floor area  comprised of 20,725 square metres",5509 DUNDAS ST W,3,20821,1262.1,22083.1,259,http://app.toronto.ca/AIC/index.do?folderRsn=C%2FqZsivE4cber2INxZZ5BQ%3D%3D
1767,Active,24 154638 WET 05 OZ,2024-05-27,"Combined Official Plan Amendment and Zoning By-law Amendment application to permit a mixed-use building with a 20 storey (61.8 metre) tower and an 11-storey (34.8 metre) mid-rise component containing 505 residential units, 2,451.3 square metres of commer",2595 ST CLAIR AVE W,5,38172,2453.1,40625.1,505,http://app.toronto.ca/AIC/index.do?folderRsn=Ef47EFRWlsDODbF0R5zKUQ%3D%3D
1768,Active,19 147759 NNY 17 OZ,2019-05-01,"Zoning By-law Amendment application for a new master planned community with four new development blocks, new streets and new public park. Three blocks are in the lands designated Mixed Use Areas and one block is desginated as General Employment Areas. Th",2550 VICTORIA PARK AVE,17,111051.6,34596.2,145647.8,1591,http://app.toronto.ca/AIC/index.do?folderRsn=plEg0T0DBfhgjoO%2FUE5jTA%3D%3D
1769,Under Review,23 173467 STE 13 OZ,2023-07-12,"The proposed development, has been revised from 35 and 16-storeys to 45-storeys and 12-storeys, and now consists of 710 residential units and 43,163 square metres of gross floor rea.",494 RICHMOND ST E,13,44432,441,44873,718,http://app.toronto.ca/AIC/index.do?folderRsn=F%2BrkrsFEep3DbtzBRUcbUg%3D%3D
1770,Active,13 218652 ESC 37 OZ,2013-08-12,The applicant has revised their original rezoning and subdivision application to permit a 140 unit townhouse development on a network of new public roads and a park expansion to Donwood Park.  The revised proposal reduces the unit count to 111 dwelling u,1555 MIDLAND AVE,21,16610.32,0,16610.32,95,
1771,Active,11 331945 NNY 24 OZ,2011-12-30,A mixed use development with 5 residential towers ranging in height from 12 storeys to 31 storeys with two office buildings (1210 & 1220 Sheppard Avenue East) retained at the rear of the site.  A new public street and central publicly accessible open spa,1200 SHEPPARD AVE E,17,124192,3562,127754,1478,
1772,Under Review,23 135190 STE 10 SA,2023-04-18,To alter the existing 7½-storey residential building by adding three storeys above (10½-storey building in total).  The proposed addition is for the western portion of the existing building on the site.,354 WELLINGTON ST W,10,4545,0,4545,46,http://app.toronto.ca/AIC/index.do?folderRsn=TUwevXvVsNaEyd%2BZzgSZrw%3D%3D
1773,Active,14 240949 WET 05 SA,2014-10-21,"Proposed development of three retail buidings. Retail A will consist of a grocery store, with total gross floor area (GFA) of 3,765.94 square metres. Retail B is proposed to have a gross floor area of 626.61 square metres and Retail C is proposed to have",1061 THE QUEENSWAY,3,0,5126.77,5126.77,0,http://app.toronto.ca/AIC/index.do?folderRsn=jnvY57v7uexkU8BFITfeYQ%3D%3D
1774,Active,18 125292 NNY 33 OZ,2018-03-06,The applicant oringial proposeed a 12-storey apartment building (159 rental units) and four blocks of 3-storey stacked townhouses (64 units). The existing 16-storey rental apartment building would be retained and there would be a total of 447 units acros,12-24 LEITH HILL RD,17,11659.8,0,11659.8,160,http://app.toronto.ca/AIC/index.do?folderRsn=ou9gWluscir7XZn%2BhNh1tQ%3D%3D
1775,Built,21 152801 STE 14 SA,2021-05-10,"Site Plan Approval for a 10-storey residential apartment building having a gross floor area of approximately 11,520 square metres and containing 138 affordable residential dwelling units.",1555 QUEEN ST E,14,11520,0,11520,138,http://app.toronto.ca/AIC/index.do?folderRsn=YLGSh9Al9GmyncEmdAtuww%3D%3D
1776,Under Review,23 238626 WET 07 OZ,2023-12-27,"The applicant is proposing to demolish the existing residential buildings and redevelop the site with a mixed use development consisting of a 41 storey tower and 43 storey tower (exclusive of mechanical penthouses), located on a tiered podium of 1, 5 and",44-46 ROMFIELD DR,7,73411.31,420,73831.31,1100,http://app.toronto.ca/AIC/index.do?folderRsn=QYtUHUyTfVhtAdCACvNhlg%3D%3D
1777,Active,21 239091 ESC 20 SA,2021-11-18,"Mixed-use, 10-storey condominium with a gross floor area of 15,386 square metres along Kinston Road. The proposal consists of 223 new dwelling units, including 7 replacement rental units, 4 live/work units and 3 retail units at grade.",2340 KINGSTON RD,20,14764,622,15386,223,http://app.toronto.ca/AIC/index.do?folderRsn=900aHNdObOwyx6ggZfteQQ%3D%3D
1778,Active,22 140155 STE 09 SA,2022-04-29,"Site Plan Approval for a 19-storey mixed-use building having a non-residential gross floor area of 7566.2 square metres, and a residential gross floor area of 22,475.9 square metres.  228 rental dwelling units are proposed.",1141 BLOOR ST W,9,20268,1739,22007,214,http://app.toronto.ca/AIC/index.do?folderRsn=OBMBuNnA%2B%2BjTkVdKAzU1iw%3D%3D
1779,Active,21 232980 STE 12 OZ,2021-11-01,Draft By-law Amendment application to facilitate the redevelopment of the sites for a 28-storey residential building having a gross floor area of 15407.2 square metres.  A total of 210 dwelling units are proposed.,5 RAGLAN AVE,12,19609,16,19625,236,http://app.toronto.ca/AIC/index.do?folderRsn=Cna%2BCLRz9UV38PiO7imFMg%3D%3D
1780,Active,24 142426 STE 04 OZ,2024-04-30,Official Plan & Zoning By-law amendments for a new 10-storey infill residential building with 92 affordable rental units.  The existing apartment building (`Phoenix Place¿) at 1355 King St W will be fully retained on the site.,1355 KING ST W,4,5211,0,5211,92,http://app.toronto.ca/AIC/index.do?folderRsn=7wOmJQJwL2uoh8OfXnDF0w%3D%3D
1781,Active,18 151554 STE 22 OZ,2018-05-01,"The City has received applications to amend the Official Plan and Zoning By-law for a new 17-storey (64.5 metres plus a 5-metre mechanical penthouse) mixed-use building consisting of 457 square metres of ground floor retail space, 239 dwelling rooms (123",1365 YONGE ST,12,42602,355,42957,674,http://app.toronto.ca/AIC/index.do?folderRsn=wIF4cp6zCanjWGd7QiZDeg%3D%3D
1782,Built,13 171700 NNY 23 OZ,2013-05-21,"The proposed development  is for a 39 storey and 374 unit infill apartment on the Greenfield Avenue frontage of the Sheppard Centre, with additional retail/commercial space on  the Yonge Street and Sheppard Avenue and Greenfield Avenue frontages and the",2 SHEPPARD AVE E,18,24999,7450,32449,380,
1783,Active,23 124235 STE 13 SA,2023-03-17,Proposed underground transit station for the Ontario Line at Moss Park.,150 SHERBOURNE ST,13,0,13857,13857,0,http://app.toronto.ca/AIC/index.do?folderRsn=zI731LTQ03rXVa2EIFYJuw%3D%3D
1784,Active,24 132505 ESC 24 OZ,2024-04-04,This application proposes to amend Zoning By-law 569-2013 and Former City of Scarborough West Hill Community By-law No. 10327 for the lands at 4201 & 4203 Kingston Road and a portion of 120 Galloway Road to permit a 4-storey building with 68 affordable r,4201-4203 KINGSTON RD,24,4744.3,0,4744.3,68,http://app.toronto.ca/AIC/index.do?folderRsn=PexUnCkkwZvukPfiSn1wew%3D%3D
1785,Built,19 228307 STE 13 OZ,2019-09-27,"Zoning By-law Amendment application to permit the development of two 13-storey and one 12-storey mixed use buildings at 373 Front Street East and 90 Mill Street (Blocks 3,4,7 in the West Don Lands). The proposal consists of 3,027 square metres of retail",90 MILL ST,13,75358,3523,78881,855,http://app.toronto.ca/AIC/index.do?folderRsn=TfV9D4AH7RNaM5oKhHzKzA%3D%3D
1786,Under Review,22 111715 WET 05 OZ,2022-02-07,"Zoning By-law Amendment application to permit a 38-storey mixed use building with a 7-storey podium, containing 420 residential units. The building will have a Floor Space Index of 15.6 times the lot area, a Gross Floor Area (GFA) of 28,311 m2 including",1746 WESTON RD,5,27988,378,28366,421,http://app.toronto.ca/AIC/index.do?folderRsn=3xs0XCpxN%2F%2Fiua36EaiGCw%3D%3D
1787,Built,08 186599 WET 07 SA,2008-07-25,Proposed development of three self-storage buildings. This application pertains only to the second phase (Building B) of the development.,1935-1937 WILSON AVE,7,0,3997,3997,0,
1788,Active,16 198323 STE 32 OZ,2016-07-28,"Proposal for a 6 storey mixed use building containing 33 residential units, 1 retail unit at the ground level and office units on the 6th level with a gross density of 2.5 times the lot area and 9 surface parking spaces.",355 COXWELL AVE,19,2869,0,2869,33,http://app.toronto.ca/AIC/index.do?folderRsn=3i0oGLO0%2F0LW0HAPDGcHvw%3D%3D
1789,Built,11 181959 ESC 42 SA,2011-04-26,Phase two building of a new commercial/ industrial development,5930 FINCH AVE E,25,0,6293.49,6293.49,0,
1790,Built,20 122576 ESC 25 SA,2020-03-05,"Proposed redevelopment of the existing Joyce Trimmer Park, located north of Sheppard Avenue East and east of Conlins Road (unopened road allowance) for a new community centre and day care facility.",8450 SHEPPARD AVE E,25,0,7797,7797,0,http://app.toronto.ca/AIC/index.do?folderRsn=XSykjZXc2g9neJXQFkbs2Q%3D%3D
1791,Active,19 237544 ESC 25 OZ,2019-10-17,Development comprising of two 8-storey residential buildings with a total of 539 units.,1625 MILITARY TRL,25,35087.71,0,35087.71,539,http://app.toronto.ca/AIC/index.do?folderRsn=tMuJ%2FFOxken%2FsvcTyu6k1Q%3D%3D
1792,Built,17 170302 NNY 25 SA,2017-05-31,"Construct two mixed use towers of 32 storeys and 425 dwelling units and 16 storeys with 208 dwelling units and 5 below grade storeys for parking.  A total of 58,708 square metres of GFA are proposed, including 2,720 square metres of commercial GFA.   Don",49 THE DONWAY  W,16,52051,2585,54636,629,http://app.toronto.ca/AIC/index.do?folderRsn=53y4NZvv7WYbNsrSbw4biQ%3D%3D
1793,Under Review,19 218252 STE 10 SA,2019-09-09,"Site Plan Approval application to facilitate the development of Block 4 of the former LCBO lands, part of the comprehensively planned Lower Yonge Precinct.  Blocks 1 and 2 of the LCBO lands are already under development, and Block 3 has been conveyed as",55 LAKE SHORE BLVD E,10,173713,1291,175004,2606,http://app.toronto.ca/AIC/index.do?folderRsn=z8D4hudWRgoR6BstCZPnzw%3D%3D
1794,Under Review,24 207996 NNY 18 OZ,2024-09-04,"Zoning By-law Amendment for a 39-storey mixed-use building, containing 491 Dwelling units and commercial uses on the first and second floors.",4949 BATHURST ST,18,34283,2789,37072,491,http://app.toronto.ca/AIC/index.do?folderRsn=Uo09FzO5%2FA7GPC5DZYrdyA%3D%3D
1795,Under Review,21 251175 NNY 08 OZ,2021-12-23,"The proposed OPA and ZBA is looking to permit a 11-storey residential development which will result in 9689 square metres of residential GFA. The development will have a total of 133 units, 94 parking spaces and 163 bicycle parking spaces.",1141 ROSELAWN AVE,8,8507,0,8507,135,http://app.toronto.ca/AIC/index.do?folderRsn=JTJ3R7MQNWTslfNQDj69VQ%3D%3D
1796,Under Review,21 214505 STE 10 SA,2021-09-17,Block A contemplates a dedicated commercial development that maintains the heritage component   of the existing building. An additional 2 storeys is proposed to the portion of the building adjacent   to the hexagon building. The hexagon building will be,545 LAKE SHORE BLVD W,10,0,2165,2165,0,http://app.toronto.ca/AIC/index.do?folderRsn=zr3eHK1Qho1nU2nWMz6qrQ%3D%3D
1797,Active,15 268318 WET 04 OZ,2015-12-22,Proposed amendments to the Etobicoke Zoning Code to permit a mixed use development.,4000 EGLINTON AVE W,2,91276,1893,93169,1275,http://app.toronto.ca/AIC/index.do?folderRsn=OA1dqGEQm%2Bp61QU2UqfarQ%3D%3D
1798,Under Review,24 214131 STE 11 OZ,2024-09-17,"Official Plan and Zoning By-law Amendment for a 60-storey mixed-use building that integrates the existing six-storey heritage designated Stewart Building and includes 620 private student residence units, 225 dwelling units and 4,817 square metres of inst",149 COLLEGE ST,11,40429,213,40642,845,http://app.toronto.ca/AIC/index.do?folderRsn=YDqasLdxsJ3xgW%2F%2BnLIaRg%3D%3D
1799,Under Review,21 214507 STE 10 SA,2021-09-17,,545 LAKE SHORE BLVD W,10,28219,804,29023,462,http://app.toronto.ca/AIC/index.do?folderRsn=ocZYEMy8RVmscAfOJK4jAg%3D%3D
1800,Built,21 139777 NNY 15 SA,2021-04-13,"Site Plan Application to permit phase 3 of the 3 phase development. A total of 51,300 square metres of GFA (49,093 square metres of residential and 2,207 square metres of non-residential), 514 residential units and 516 parking spaces is proposed. Phase 3",939 EGLINTON AVE E,15,23900,0,23900,301,http://app.toronto.ca/AIC/index.do?folderRsn=pIQvY33UpFJ1pIG3vykJpA%3D%3D
1801,Built,19 208055 WET 05 SA,2019-08-19,"This proposal includes a full demolition of the existing elementary school building and the construction of a 3-storey new school bulding that includes child care facilities, kindergarten and grades 1 to 8 classrooms. The proposed GFA of the new building",17 DENNIS AVE,5,0,4658,4658,0,http://app.toronto.ca/AIC/index.do?folderRsn=i9EVZ5bXxn6mAsGzRyv7BA%3D%3D
1802,Active,18 120884 STE 28 OZ,2018-02-23,Proposal for a rezoning application related to a 60 storey office tower,30 BAY ST,10,0,123854,123854,0,http://app.toronto.ca/AIC/index.do?folderRsn=N3LrE2MiQcBq3kUffHk%2Fdg%3D%3D
1803,Active,20 115845 NNY 08 OZ,2020-02-14,"Development of two towers with a shared podium. OLT approved the Zoning By-Law Amendment Application for this site (20 115845 NNY 08 OZ) to permit an east building 14 storeys in height, and a west building 28 storeys in height ¿ Both buildings will be c",4050 YONGE ST,8,49324,5824,55148,697,http://app.toronto.ca/AIC/index.do?folderRsn=cN3MFnpZSG9mhyjlipQfvg%3D%3D
1804,Under Review,23 139189 STE 14 SA,2023-04-28,"Site Plan application to permit a 6 storey mixed use building, containing 15 residential units and 69.64 square metres of ground floor commercial GFA.",786-788 QUEEN ST E,14,1180.34,69.64,1249.98,15,http://app.toronto.ca/AIC/index.do?folderRsn=JdthMqBamUedRYY169iYGw%3D%3D
1805,Active,21 196612 STE 09 OZ,2021-08-11,Zoning By-law Amendment Application to facilitate the development of the site for a 7-storey mixed-use building comprised of 57 affordable rental units and 256 long term care beds.,640 LANSDOWNE AVE,9,4840.7,14430.8,19271.5,57,http://app.toronto.ca/AIC/index.do?folderRsn=WEggI%2BOoENT%2BHQZwAEo0fA%3D%3D
1806,Built,20 115056 STE 09 SA,2020-02-12,Site Plan Approval application for a proposed 16-storey mixed-use building comprised of 1146 m2 of non-residential gross floor area and 254 residential dwelling units.  Two levels of below grade parking providing 84 parking spaces will be provided on the,158 STERLING RD,9,19337,1145,20482,266,http://app.toronto.ca/AIC/index.do?folderRsn=fIrwJ6KZ7YXv0HRazt9pWw%3D%3D
1807,Active,21 179555 NNY 16 OZ,2021-07-05,Zoning By Law Amendment Application for 1-3 Concorde Gate and 10-12 Concorde Place. The Rezoning Application and associated Draft Plan of Subdivision application proposes to demolish the existing office buildings on the lands at 1-3 Concorde Gate and 10-,1 CONCORDE GT,16,286736.86,9048.84,295785.7,3914,http://app.toronto.ca/AIC/index.do?folderRsn=7munpT1LqPs5f5oBqR28fQ%3D%3D
1808,Under Review,25 153994 NNY 18 OZ,2025-05-05,"OPA & Rezoning Application proposes the development of a 49-storey residential building. The building will provide a total of 504 residential units, being a mix of studio, 1-bedroom, 2-bedroom, and 3-bedroom units.  A paved access from Avondale Ave will",36 AVONDALE AVE,18,32731.02,0,32731.02,504,http://app.toronto.ca/AIC/index.do?folderRsn=q7BfMWnJ66n2nuEqJcm5cA%3D%3D
1809,Active,16 128441 ESC 39 OZ,2016-03-16,The applicant is proposing a 12-storey mixed use building with rooftop indoor amenity and at-grade day care uses.,3268 FINCH AVE E,22,25368,376.4,25744.4,330,http://app.toronto.ca/AIC/index.do?folderRsn=Xbzgn8JgGlz7NoFmo0o8gA%3D%3D
1810,Active,20 234576 ESC 24 SA,2020-12-29,Redevelopment of existing lands for a new Place of Worship.,1830 ELLESMERE RD,24,0,1254.4,1254.4,0,http://app.toronto.ca/AIC/index.do?folderRsn=OGWTXGd7i0TKTgK000l2sQ%3D%3D
1811,Under Review,22 205614 WET 03 OZ,2022-09-19,"The proposed development consists of a 6 storey residential building containing 37 total units and a GFA of 2,049.00m2. The site will contain indoor and outdoor amenity spaces, 28 bicycle parking spaces and 2 visitor parking spaces.",1138 ISLINGTON AVE,3,2049,0,2049,37,http://app.toronto.ca/AIC/index.do?folderRsn=0o4zrsqtxpAP8xpxKL88og%3D%3D
1812,Under Review,23 180580 WET 02 OZ,2023-07-27,"Zoning By-law Amendment Application to permit one 22-storey (76m) residential apartment building containing 282 residential units. The proposed building will have approximately 21,641 square metres of gross floor area with a Floor Space Index of 3.49. 22",710 THE WEST MALL,2,23737.2,0,23737.2,293,http://app.toronto.ca/AIC/index.do?folderRsn=t9390Vz6qmouv6Ok74wUbg%3D%3D
1813,Built,17 214786 NNY 09 OZ,2017-08-11,"Car dealership in a 3-storey building. Concurrent site plan application (File # 17-214799 NNY 09 SA).  Revised entrance driveway, elevations and landscaping. Building coverage of 2,984 m2. 120 parking spaces provided: 64 surface and 56 below grade.  A st",151 BILLY BISHOP WAY,6,0,2983.18,2983.18,0,http://app.toronto.ca/AIC/index.do?folderRsn=1%2BFc1wFfd8zvhtl5y4yzVA%3D%3D
1814,Under Review,23 235666 ESC 22 SA,2023-12-14,To construct two one-storey industrial condominium buildings containing a total of 16 units. 124 parking spaces and 16 Type A loading spaces are proposed.,2075 MCNICOLL AVE,22,0,13439.1,13439.1,0,http://app.toronto.ca/AIC/index.do?folderRsn=xSGb8oOoo2PBKsaPsqovfw%3D%3D
1815,Active,21 193212 NNY 18 OZ,2021-08-03,Zoning By Law Amendment and Official Plan Amendment application for to permit two development blocks that would be phased.,48 AVONDALE AVE,18,80716.2,0,80716.2,1387,http://app.toronto.ca/AIC/index.do?folderRsn=48WAi7zVtyapRio%2FHZgFpw%3D%3D
1816,Active,18 224884 WET 07 SA,2018-09-13,"A proposal to amend the existing site plan approval under Application No. 06 179079 WET 07 SA.  Proposal includes the conversion of basement parking area to production space (6946 sq. m), a two storey addition to the north side of the building (955 sq. m",50 MARMORA ST,7,0,16465,16465,0,http://app.toronto.ca/AIC/index.do?folderRsn=tIqkJKl0s22AIkMftLt6ig%3D%3D
1817,Active,21 204171 STE 14 OZ,2021-08-25,"Zoning By-law Amendment Application to facilitate the development of an 9-storey mixed-use building having a non-residential gross floor 536 square metres, and a residential gross floor area of 6429 square metres.  A total of 107 residential dwelling uni",840 BROADVIEW AVE,14,6430,542,6972,107,http://app.toronto.ca/AIC/index.do?folderRsn=gcWeV0ZVUPdY5JOxt3crjQ%3D%3D
1818,Under Review,23 160614 NNY 08 OZ,2023-06-14,Application to amend the Zoning By-law to allow a 2-storey addition to an existing private educational institution building (Sterling Hall School) and associated surface parking.  The application also includes alterations to the existing building and par,99 CARTWRIGHT AVE,8,0,2440.63,2440.63,0,http://app.toronto.ca/AIC/index.do?folderRsn=r3kFExW6dN45712gw%2BKLBg%3D%3D
1819,Active,19 133227 STE 10 OZ,2019-04-01,"Zoning By-law amendment to permit the development of a 15 storey mixed-use building with retirement residential uses including independent living, assisted living and memory care, office and retail uses. A total of 137 dwelling units and rooms are propos",462 WELLINGTON ST W,10,0,18602,18602,0,http://app.toronto.ca/AIC/index.do?folderRsn=UAbr6Kx8Jn0oYpISO9bimQ%3D%3D
1820,Active,23 206748 ESC 22 OZ,2023-09-25,"This application proposes to amend the Zoning By-law to permit the construction of 171 residential units within three-storey stacked and back-to-back townhouse buildings , with a total gross floor area (GFA) of approximately 17,950 square metres. The tow",3000 KENNEDY RD,22,19950.8,0,19950.8,171,http://app.toronto.ca/AIC/index.do?folderRsn=Wanu4eeg2rIMeHB1ggF7ZQ%3D%3D
1821,Active,20 151730 ESC 23 OZ,2020-06-03,Infill development on existing shopping mall parking area. The existing Woodside Square shopping mall is proposed to remain. Infill development comprises of 6 towers ranging from 22 to 33 storey heights and 2 mid-rise buildings with 12 storey heights. Al,1571 SANDHURST CRCL,23,189715,13188,202903,2555,http://app.toronto.ca/AIC/index.do?folderRsn=OPnnbAjShamZH26geBIqHw%3D%3D
1822,Active,21 251414 STE 13 OZ,2021-12-24,"Zoning By-law amendment application for a 66-storey mixed-use building having a non-residential gross floor area of 165 square metres and a residential gross floor area of 42,329 square metres.  610 residential dwelling units are proposed.",15 CHARLES ST E,13,42300,117,42417,601,http://app.toronto.ca/AIC/index.do?folderRsn=AtlTohqwSNT7UycyBTCWBA%3D%3D
1823,Built,22 112776 STE 09 SA,2022-02-10,"Site Plan Approval for a 6-storey self-storage facility having a non-residential gross floor area of 15,811 square metres.",498 GILBERT AVE,9,0,15811,15811,0,http://app.toronto.ca/AIC/index.do?folderRsn=zRgHxIhQSHwAjCGLoYkw2Q%3D%3D
1824,Under Review,25 174756 NNY 18 OZ,2025-06-10,"OPA & Rezoning Application proposes the development of an 38-storey mixed-use building providing rental residential and retail use at grade. The building will provide a total of 399 residential units, being a mix of studio, 1-bedroom, 2-bedroom, and 3-be",41 HENDON AVE,18,27057.1,48.2,27105.3,399,http://app.toronto.ca/AIC/index.do?folderRsn=E%2Fuq5OHBKtzyz9AZvyfqdw%3D%3D
1825,Under Review,25 174904 STE 13 OZ,2025-06-10,"Zoning By-law Amendment for a 69-storey residential building, containing 647 dwelling units, including 48 replacement rental dwelling units.",81 ISABELLA ST,13,46385,0,46385,647,http://app.toronto.ca/AIC/index.do?folderRsn=ixUp1d3D1RVt7E2bNdW%2BBw%3D%3D
1826,Under Review,19 129081 WET 01 SA,2019-03-21,"Please note that the 1st submission was for the construction of a 6-storey, 100 room hotel with a GFA of 4520.84m2. This has been revised to an 8 storey, 126 room hotel with a GFA of 5547.5 m2.",30 VICE REGENT BLVD,1,0,6055.6,6055.6,0,http://app.toronto.ca/AIC/index.do?folderRsn=5YbA6b5sp0g%2BoHYIlq9BIw%3D%3D
1827,Active,21 165017 WET 07 SA,2021-06-03,"Proposal to construct a two-storey community centre, 'Western North York Community Centre', adjacent to St. Basil-the-Great College Secondary School. The proposed community centre will be 7515 square metres and will include an arena, aquatic centre, doub",60 STARVIEW LANE,7,0,7515,7515,0,http://app.toronto.ca/AIC/index.do?folderRsn=hxcXJl1LA0ld01Ptw%2FEv2Q%3D%3D
1828,Under Review,18 155186 STE 30 SA,2018-05-08,"Site Plan Application to redevelop the lands municipally known as 563 Gerrard Street East and 238 Hamilton Street with a 13-unit mixed-use project comprised of 2 corner commercial buildings with residential atop, 10 new freehold residential townhouse dwe",563-565 GERRARD ST E,14,1920,133,2053,13,http://app.toronto.ca/AIC/index.do?folderRsn=qeVL2oHrmaMEgldFKaYX6w%3D%3D
1829,Under Review,21 227527 STE 13 OZ,2021-10-19,"Proposed Official Plan and Zoning By-law Amendment to facilitate the redevelopment of the site with a 59-Storey (west tower) and a 48-Storey (east tower) mixed-use buildings, that will include: affordable rental units, S111 replacement units, community s",47 HUNTLEY ST,13,85781,1304,87085,1411,http://app.toronto.ca/AIC/index.do?folderRsn=JG9tO8sgTvfVj8qQSim4Rw%3D%3D
1830,Under Review,24 241300 STE 12 SA,2024-11-20,"Site Plan Approval for one storey building for the fan plant adjacent to the north exit of St. Clair West Station (8 Tichester Road) and within Cedarvale Park.  The new structure will mainly be underground, the only above-grade component will be the stai",270 HEATH ST W,12,0,915,915,0,http://app.toronto.ca/AIC/index.do?folderRsn=zOxWOnvHwIH8oiXMt%2BlREg%3D%3D
1831,Under Review,24 106901 WET 05 OZ,2024-01-22,"Construct a 38 storey mixed-use building with retail at grade, residential above, and one level of underground parking. 382 units, approx gross floor area 22,576m2. Associated with 17 Locust Street.The first of the two development sites is located at the",1175 WESTON RD,5,66852.2,347.1,67199.3,1074,http://app.toronto.ca/AIC/index.do?folderRsn=L7%2BeRVs9HwkACqahmnHcmg%3D%3D
1832,Under Review,22 232274 ESC 21 SA,2022-11-23,"Site Plan application to permit the development of 2 three-storey multi-unit industrial buildings each with two floors of individual warehouse units and one storey of self-storage units with a GFA of 16,311 square metres.",1430 BIRCHMOUNT RD,21,0,16319,16319,0,http://app.toronto.ca/AIC/index.do?folderRsn=4URQUcRXYGJlIM30FNbSIA%3D%3D
1833,Active,21 184231 STE 12 OZ,2021-07-14,"Official Plan and Zoning By-law Amendment application to permit a 61-storey multi-tower mixed use building with1,329 residential units.  Official Plan Amendment requested for relief from office replacement policies of the Yonge-Eglinton Secondary Plan.",150 EGLINTON AVE E,12,65447,1181,66628,1329,http://app.toronto.ca/AIC/index.do?folderRsn=5xftK1nGULDE57P%2BIW8bUw%3D%3D
1834,Under Review,20 210394 NNY 15 OZ,2020-10-23,"Zoning By-law Amendment application to permit a 8-storey mixed use building with 154 dwelling units and 1,560 square metres of retail space.",1466 BAYVIEW AVE,15,12087.3,1552.9,13640.2,154,http://app.toronto.ca/AIC/index.do?folderRsn=eWGN6Buh%2FYhth04SYLuJ%2Fg%3D%3D
1835,Under Review,22 137068 WET 03 SA,2022-04-22,"Proposal to construct an addition to the existing refrigerated warehouse of approximately 4,600 sqm. The additional space will be refrigerated warehouse space and a shipping/receiving area. Interior renovations are also proposed.",302 DWIGHT AVE,3,0,4615,4615,0,http://app.toronto.ca/AIC/index.do?folderRsn=HmLJy3nFWaMO7wrjg9H0OA%3D%3D
1836,Active,23 122036 ESC 21 OZ,2023-03-10,The initial proposal has been revised from a mid-rise type building form to a tall building / podium form. The revised development includes a 24-storey tower atop a 7-storey podium- Nov. 19. -- previous development: The proposed development comprises the,799 BRIMLEY RD,21,27821,359,28180,370,http://app.toronto.ca/AIC/index.do?folderRsn=e4kygjD2KUhH%2FcnPU8bnVw%3D%3D
1837,Under Review,20 126617 WET 03 OZ,2020-03-16,"Official Plan and Zoning By-law Amendment application to permit a 13-storey (43.4 metres, excluding Mechanical Penthouse) hotel building . The proposal as revised would include 167 hotel suites and one level of underground parking, resulting in a total g",2157 LAKE SHORE BLVD W,3,0,8119.8,8119.8,0,http://app.toronto.ca/AIC/index.do?folderRsn=zytgD6RTdexFW0OjbM7VnQ%3D%3D
1838,Under Review,22 236554 WET 03 OZ,2022-12-06,"Proposed Official Plan Amendment and Rezoning application to construct a 39-storey mixed-use building with 490 residential units, 71 parking spaces (62 residential and 9 visitor), 558 bicycle parking spaces, two retail units at-grade, and a Privately Own",3807 LAKE SHORE BLVD W,3,32954.6,436.7,33391.3,490,http://app.toronto.ca/AIC/index.do?folderRsn=dACR4pwbzloWTRZsr0l%2ByA%3D%3D
1839,Under Review,21 233301 NNY 17 OZ,2021-11-02,"Zoning By-law Amendment Application for a three-storey residential building having a gross floor area of 1,669.7 square metres.  A total of 29 residential units are proposed, including 17 bachelor units, four one-bedroom, and 8 two-bedroom units. A total",11 GREENBRIAR RD,17,1669.79,0,1669.79,29,http://app.toronto.ca/AIC/index.do?folderRsn=g5J6e9AkhxYgtrew463FTQ%3D%3D
1840,Built,16 270444 NNY 10 OZ,2016-12-23,"The site includes 470, 490 and 530 Wilson Avenue.  It is presently occupied by a four-storey commercial building and two four-storey residential rental buildings that contain a total of 110 rental units. The applicant proposes to demolish a four-storey c",470 WILSON AVE,6,44106.7,1401.1,45507.8,589,http://app.toronto.ca/AIC/index.do?folderRsn=ensgkjktpw7YcaHhQr8ZSw%3D%3D
1841,Built,19 264614 WET 03 OZ,2019-12-24,"Development includes a 9 storey in-patient hospital wing with an indoor and outdoor amenity area on 9th floor and roof, relocation of the existing loading docks to the new hospital wing, a new 8 storey parking structure and a new central utility plant.",150 SHERWAY DR,3,0,75420,75420,0,http://app.toronto.ca/AIC/index.do?folderRsn=7fnwS0VWLX4N9eW9he2HFA%3D%3D
1842,Under Review,22 144668 WET 03 OZ,2022-05-10,Proposal for a mixed-use development consisting of three buildings on two parcels,2 QUEEN ELIZABETH BLVD,3,77935.7,6003.9,83939.6,1127,http://app.toronto.ca/AIC/index.do?folderRsn=VujDeR02h1TT8CkO2QlwaA%3D%3D
1843,Built,18 117779 WET 02 SA,2018-02-15,"This site plan application is for the portion of the subject site known as Woodbine Square, consisting of Block 9 on the proposed Draft Plan of Subdivision for the lands north of the grandstand building, along with lands beyond the boundary of the block",555 REXDALE BLVD,1,0,4033.1,4033.1,0,http://app.toronto.ca/AIC/index.do?folderRsn=6NfOTEwljUtXPXavPVXBRA%3D%3D
1844,Under Review,24 252593 WET 03 OZ,2024-12-20,"Official Plan Amendment application to permit the redevelopment of the site to build a 30-storey mixed use building and three residential buildings of 35, 40 and 45 storeys, 1819 residential units of which 342 are proposed as affordable housing units, 50",1549-1551 THE QUEENSWAY,3,126338,5085,131423,1819,http://app.toronto.ca/AIC/index.do?folderRsn=%2Bo5xpJGrWbwmKmKbwlMi7Q%3D%3D
1845,Under Review,24 253116 WET 03 OZ,2024-12-23,"This Official Plan Amendment application proposes to re-designate the site from ""Core Employment Areas"" to ""Mixed Use Areas"" designation to permit a future mixed-use development.",350 EVANS AVE,3,320040,7519,327560,4623,http://app.toronto.ca/AIC/index.do?folderRsn=s9Pb3SCvoixObcG%2FAiUQRA%3D%3D
1846,Active,16 167524 ESC 44 OZ,2016-06-03,"Zoning by-law amendment for a proposed 11-storey (34.3 m) tall mixed use building, with a 4-storey building section towards the rear portion of the site that includes an outdoor rooftop amenity area on the 5th floor. The existing zoning permits maximum b",4569 KINGSTON RD,25,7385,180,7565,101,http://app.toronto.ca/AIC/index.do?folderRsn=3964641
1847,Active,21 252332 NNY 18 OZ,2021-12-31,"Official Plan Amendment and Rezoning application to facilitate the redevelopment of the site for a 16-storey mixed use building with a gross floor area of 24,533.6 square metres, including 386 square metres of non-residential space. A total of 356 dwelli",6200 YONGE ST,18,24105.82,386.69,24492.51,356,http://app.toronto.ca/AIC/index.do?folderRsn=GSfzjw97gkJg4r7uayLNpw%3D%3D
1848,Under Review,21 221282 NNY 08 OZ,2021-10-04,"Applications to amend the Official Plan and the Zoning By-law, to allow a 30-storey mixed-use building with 362 dwelling units and retail gross floor area of 367 square metres and 143 parking spaces. Original proposal was 28-storey mixed-use building wit",805 GLENCAIRN AVE,8,24406.6,367,24773.6,362,http://app.toronto.ca/AIC/index.do?folderRsn=OKCVbfpF0ffsesAWkN3zxA%3D%3D
1849,Under Review,25 151892 STE 12 OZ,2025-04-30,"The redevelopment proposes a 70-storey mixed-use building with 187.4 sq. m. of retail space at-grade and 555 residential dwelling units above, resulting in a total gross floor area (GFA) of 39,275.7 sq. m.,  a total Floor Space Index (FSI) of 26.06, purs",120 EGLINTON AVE E,12,39088,187,39275,555,http://app.toronto.ca/AIC/index.do?folderRsn=B063XRkddEsQB533QusSPQ%3D%3D
1850,Active,19 241351 ESC 21 OZ,2019-10-25,"Proposed mixed-use development comprised of 3 residential towers on 7 storey podiums.  The tower heights are 35, 43 and 45 storeys, with the tallest building at BrimleyRoad and Progress Avenue.  Shared loading and parking access is located within the nor",0 BOROUGH DR   W S,21,108259.9,1587.1,109847,1285,http://app.toronto.ca/AIC/index.do?folderRsn=glfdxmL18%2BqTT2wocPFhuw%3D%3D
1851,Active,22 118270 ESC 21 OZ,2022-03-01,"The proposed redevelopment includes demolition of a portion of the existing church, retention of the heritage portion of the existing church and cemetery, and the addition of an 11-storey rental apartment building and two rows of 3-storey townhomes. A to",2102 LAWRENCE AVE E,21,10291.69,0,10291.69,149,http://app.toronto.ca/AIC/index.do?folderRsn=elOKHCF5cdmULT1viMa8qA%3D%3D
1852,Under Review,23 138421 STE 13 OZ,2023-04-26,"Zoning By-law Amendment application to permit a 88-storey mixed-use building containing 3,557.30 square metres of retail space, 4,054.40 square metres of office, and 833 residential dwelling units.",23 TORONTO ST,13,56555,6167,62722,833,http://app.toronto.ca/AIC/index.do?folderRsn=VzfZgih6qkq5fmtTFPtROA%3D%3D
1853,Built,17 162646 NNY 16 SA,2017-05-18,"Resubmission Form Dec 21, 2018. Proposal for a new Synagogue",157 FALKIRK ST,8,0,2250,2250,0,http://app.toronto.ca/DevelopmentApplications/associatedApplicationsList.do?action=init&folderRsn=4165146&isCofASearch=false
1854,Under Review,19 134851 STE 12 OZ,2019-04-03,"Application to amend the Official Plan and Zoning By-law to permit a mixed-use development consisting of four residential buildings 44, 39, 27, and 13-storeys, a new park at the northwest corner of the site, a courtyard privately owned publicly-accessibl",1485 YONGE ST,12,105253,20524,125777,1361,http://app.toronto.ca/AIC/index.do?folderRsn=NMDWidCsFoewutf9BlSGzw%3D%3D
1855,Built,18 272965 ESC 22 OZ,2018-12-31,"New 16 storey,  two tower building with 5 storey podium residential building (rental).",3050 PHARMACY AVE,22,28396.1,0,28396.1,303,http://app.toronto.ca/AIC/index.do?folderRsn=uqvLOTelvdiyOqr0iH3VpQ%3D%3D
1856,Active,19 130379 STE 13 SA,2019-03-25,"Block 1: Site Plan Control application respecting  a 53-storey mixed use building (501 dwelling units, 38,227 square metres residential GFA; 963 sq. m non-res GFA)",603 SHERBOURNE ST,13,38227,317,38544,501,http://app.toronto.ca/AIC/index.do?folderRsn=XCqfwQQ6is3cdMgnTFpPZA%3D%3D
1857,Under Review,22 200453 STE 12 OZ,2022-09-07,Official Plan and Zoning By-law Amendment application to permit a 51-storey mixed use building with 461 residential units. Official Plan Amendment requested to exempt the site from the proposed office replacement policies in Official Plan Amendment No. 2,45 ST CLAIR AVE W,12,40525,2286,42811,461,http://app.toronto.ca/AIC/index.do?folderRsn=38uROY9w22fbMhjaoys44g%3D%3D
1858,Built,17 207620 ESC 36 SA,2017-07-28,"3.5-Storey, U-shaped, stacked townhouse development with a total of 52 units on the southeast corner of Birchcliff Ave and Kingston Rd",1665 KINGSTON RD,20,6032,0,6032,51,http://app.toronto.ca/AIC/index.do?folderRsn=fn2cpC3aruM%2BpEns3xDwbg%3D%3D
1859,Built,23 163780 ESC 25 SA,2023-06-20,"Site Plan Control application for a two-storey academic building, a one storey guest services building, an animal habitat, and a new plaza and courtyard at the entrance of the Toronto Zoo.",500 OLD FINCH AVE,25,0,3164.4,3164.4,0,http://app.toronto.ca/AIC/index.do?folderRsn=wQUOVrcSvs%2BNR3wcMiLZyA%3D%3D
1860,Built,16 142844 STE 28 OZ,2016-04-19,"Zoning By-law Amendment application to allow a 45-storey mixed-use building (149.5 metres including mechanical penthouse) including approximately 28,355 m2 of total gross floor area (with ground floor commercial) with 407 residential units. Six (6) level",89 CHURCH ST,13,27988,66,28054,418,http://app.toronto.ca/AIC/index.do?folderRsn=qP3VaqVKXNsZDpu1oxXD%2BA%3D%3D
1861,Active,15 147462 STE 28 OZ,2015-04-27,Proposed 15-storey residential rental apartment building with 112 dwelling units and 51 parking spaces.  The proposed density has an FSI of 6.1,307 SHERBOURNE ST,13,9114,0,9114,223,http://app.toronto.ca/AIC/index.do?folderRsn=mc4suc22HHSdnanJ9NYc3Q%3D%3D
1862,Under Review,21 235167 STE 13 OZ,2021-11-07,"Official Plan and Zoning by-law amendment application to facilitate the redevelopment of the site for a 29-storey infill residential building having a gross floor area of 15,000 square metres and 213 new residential units. The existing 20-storey apartmen",10 HUNTLEY ST,13,24003,0,24003,335,http://app.toronto.ca/AIC/index.do?folderRsn=n9MpjutyjiNjxysTdg8OwQ%3D%3D
1863,Active,14 227468 STE 27 OZ,2014-09-24,"Rezoning application for a mixed use development containing a 49 storey residential apartment building, with retail uses at grade along church street and low rise apartments along Charles Street East.  The proposal includes 383 condominium apartments, 20",68 CHARLES ST E,11,30395,328,30723,403,
1864,Under Review,21 199583 STE 09 OZ,2021-08-17,Official Plan and Zoning By-law amendment application to facilitate the development of the site for two mid-rise buildings that range from 8 to 11-storeys in height and a 27-storey tall building. The proposed development includes a total gross floor area,189 OLD WESTON RD,9,29951,4410,34361,405,http://app.toronto.ca/AIC/index.do?folderRsn=pT2AH9bqjvHd6AcKWxpulg%3D%3D
1865,Under Review,25 138374 ESC 24 OZ,2025-04-02,"Propose to construct a 35-storey residential building containing 442 new dwelling units, a total of 30,888 sq. m of gross floor area (GFA), which results in a total Floor Space Index (FSI) of 5.4",402 LIVINGSTON RD N,24,30888,0,30888,442,http://app.toronto.ca/AIC/index.do?folderRsn=JW3YikQCIUvcI3VVSZMxDQ%3D%3D
1866,Active,16 210199 NNY 26 OZ,2016-08-19,"The proposal is for the redevelopment of the existing 8.8 acre site with a total density of 3.87.  The proposal includes 5,708.7 m2 of retail, 116,252 m2 of residential (1,672 units), a new public park (0.34 ha), a 5-storey office (12,796.3m2), publicly-",815 EGLINTON AVE E,15,109608,17504,127112,1613,http://app.toronto.ca/AIC/index.do?folderRsn=hoFq2UWzKEIEdCVhnZG5%2Fw%3D%3D
1867,Under Review,25 182140 STE 13 OZ,2025-06-23,"Combined Official Plan & Zoning By-law Amendment for a 69-storey residential apartment building and will contain a total of 814 dwelling units, including 84 rental replacement units.",48 ISABELLA ST,13,50558,0,50558,814,http://app.toronto.ca/AIC/index.do?folderRsn=2JPmqbzXYMcpJBp1qRI%2FQg%3D%3D
1868,Under Review,25 182239 STE 14 OZ,2025-06-23,Proposed Official Plan Amendment Application seeking to remove the site from Employment Areas as shown on Map 2 (Urban Structure) of the Official Plan and to redesignate the site from General Employment Areas to Mixed Use Areas on Map 21 of the Official,20 LESLIE ST,14,48219.9,1320.4,49540.3,643,http://app.toronto.ca/AIC/index.do?folderRsn=ldD9bNpnGEDOnVKsuqyyxw%3D%3D
1869,Built,16 163292 NNY 24 OZ,2016-05-27,Proposed 14-lot plan of subdivision (single detached dwellings). Plan of Subdivision also submitted (16 163295 NNY 24 SB).,200 CUMMER AVE,18,5291.76,0,5291.76,14,http://app.toronto.ca/AIC/index.do?folderRsn=3oFpKAs%2BRZcTZHgsnkjyXw%3D%3D
1870,Active,23 158372 NNY 16 SA,2023-06-08,"The proposal to add a new second storey on top of the southeast portion of the existing building for institutional purposes. The proposed development would add a total of 713 m2 of gross floor area (GFA) to the site, including 678 m2 for the proposed sec",26 MALLARD RD,16,0,713,713,0,http://app.toronto.ca/AIC/index.do?folderRsn=6yn42FMyDrjvwLePn%2FwMJw%3D%3D
1871,Active,18 199835 STE 28 OZ,2018-07-25,"Official Plan and Zoning By-law Amendment applications currently under appeal at the OLT. At its meeting on September 30, 2020, City Council directed staff to attend the OLT in support of a revised proposal to permit two towers on top of the existing her",1 FRONT ST W,10,43465.75,15762.21,59227.96,592,http://app.toronto.ca/AIC/index.do?folderRsn=21C8uecK438HBRMXuv38sA%3D%3D
1872,Under Review,25 183005 WET 03 OZ,2025-06-24,"Official Plan Amendment to allow for six mixed-use development blocks containing approximately 500,000 square metres of GFA, two park blocks, and two new streets.",1233-1255 THE QUEENSWAY,3,501629.4,10637.6,512267,7360,http://app.toronto.ca/AIC/index.do?folderRsn=sFBn5M1irx8C1Rg5PxnwyQ%3D%3D
1873,Under Review,23 101352 WET 02 OZ,2023-01-06,"Zoning By-law Amendment application to permit the construction of two new mixed-use buildings with heights of 24 and 29 storeys (Buildings A and B respectively). The proposal includes the provision of a 1,700 square metre public park and a 659 square met",250 WINCOTT DR,2,41403,984,42387,690,http://app.toronto.ca/AIC/index.do?folderRsn=Ix9P22XShM9ueOivjVY2KA%3D%3D
1874,Built,16 255889 ESC 40 SA,2016-11-24,To construct a three-storey rental apartment building containing 21 units. The existing 14-storey residential apartment building will be retained.,41 ANTRIM CRES,21,2777.07,0,2777.07,21,http://app.toronto.ca/AIC/index.do?folderRsn=Mdny%2BqkskAD%2BLF9W0wHNEw%3D%3D
1875,Active,21 169458 NNY 15 OZ,2021-06-11,ZBA application 21 169458 NNY 15 OZ (for 124 Broadway Ave) and ZBA application 21 234009 NNY 15 OZ (for 136 Broadway Ave) have been submitted to permit a development containing two towers atop a shared podium. Each property will contain one tower and the,124 BROADWAY AVE,15,32501,0,32501,576,http://app.toronto.ca/AIC/index.do?folderRsn=LrIdAX9nF%2F8KxUyv8ZyK8w%3D%3D
1876,Under Review,23 124360 STE 13 OZ,2023-03-17,Zoning By-law Amendment law to permit the development of site for a 10-storey mixed-use building (38.6 metres) with retail at-grade (278 square metres) and 60 dwelling units. The western (Parliament Street) elevation of the existing 1½ storey listed her,505 PARLIAMENT ST,13,4240,278,4518,60,http://app.toronto.ca/AIC/index.do?folderRsn=0WGhBxHhcGH3xcQPUBnWXw%3D%3D
1877,Under Review,23 118816 NNY 16 OZ,2023-03-01,The proposed development consists of a 47 storey residential tower with 8 townhouse units connected to its podium and a 12 storey residential building with accessory commercial uses at grade. The existing 17 storey apartment building will be retained.,200 GATEWAY BLVD,16,45306.6,464.6,45771.2,675,http://app.toronto.ca/AIC/index.do?folderRsn=36VsbJG%2F04tqf1BYxFP7pQ%3D%3D
1878,Active,24 230000 WET 03 OZ,2024-10-23,The application proposes a Zoning By-law Amendment to permit an 11-storey mixed-use building with a total gross floor area (GFA) 11 630 square metres including an at-grade commercial GFA of 500 square metres and a floor space index (FSI) of 6.34. The pro,1230 THE QUEENSWAY,3,10623.4,499.672,11123.072,143,http://app.toronto.ca/AIC/index.do?folderRsn=SNlQlQ01tmt3FtMxoMucFA%3D%3D
1879,Active,20 151705 NNY 15 OZ,2020-06-03,"Zoning By-law Amendment which proposes the demolition of the existing 12-storey, 46 unit apartment building and redevelopment of a new 40-storey residential tower with a 4-storey base building facing Redpath Avenue and 8-storey base building facing the r",241 REDPATH AVE,15,23294,0,23294,353,http://app.toronto.ca/AIC/index.do?folderRsn=ijOfW7Q5zBCxZf36xVNJwA%3D%3D
1880,Active,21 250150 ESC 24 OZ,2021-12-20,"The proposal contemplates 2 L-shaped buildings with building elements ranging in height from 10  storeys to 23 storeys. A total of  855 residential units are proposed comprised of 626 one-bedroom and studio units (73.2%), 141 two-bedroom units (16.5%), a",3434 LAWRENCE AVE E,24,59163.3,559.5,59722.8,855,http://app.toronto.ca/AIC/index.do?folderRsn=pPQ0pVOgGiKjHETwD%2B2yrQ%3D%3D
1881,Built,16 118661 WET 06 OZ,2016-02-19,"Rezoning application to create a development consisting of 200 stacked townhouse dwelling units within 12 blocks above a shared underground parking structure, accessed via a private driveway from Birmingham Street.",225 BIRMINGHAM ST,3,20510,565,21075,200,http://app.toronto.ca/AIC/index.do?folderRsn=BZNo%2F92a3OZ%2Fc67QskRVEQ%3D%3D
1882,Built,12 290639 NNY 23 OZ,2012-12-07,"To construct a subdivision of 15 single detached dwellings on a new public road (cul-de-sac), with vehicular access from the eastern portion of Kenton Drive.",50 KENTON DR,18,4445.4,0,4445.4,15,
1883,Active,22 236511 ESC 20 OZ,2022-12-06,"Zoning By-law Amendment for a 13-storey mixed use building with a total of 321 dwelling units. The proposed development would have a total gross floor area 24,825.5 square metres, comprised of 23,749.5 square metres of residential gross floor area and 10",2257 KINGSTON RD,20,21978.8,1110.2,23089,252,http://app.toronto.ca/AIC/index.do?folderRsn=NpsNTHlGpchVYN0AN13nog%3D%3D
1884,Active,18 147401 ESC 36 OZ,2018-04-23,This application proposes to amend the Zoning By-law to permit an 11-storey mixed-use building consisting of 486.9 square metres of ground floor commercial space and 198 residential dwelling units at 1478-1496 Kingston Road. A related Site Plan Control a,1496 KINGSTON RD,20,14701,398,15099,194,http://app.toronto.ca/AIC/index.do?folderRsn=n2150m70hDfzpjI7sTBxmA%3D%3D
1885,Active,17 277580 NNY 16 OZ,2017-12-20,"Zoning Bylaw Amendment application to permit a 4/5 storey, 7,826.26 square metre residential condominium building with 30-units, with 5 floors of residential units and 2 levels of  below grade parking. A total of 68 parking spaces would be provided in th",41 CHATSWORTH DR,8,7826.26,0,7826.26,30,http://app.toronto.ca/AIC/index.do?folderRsn=czR91IOInLHijjXr3pna5g%3D%3D
1886,Active,17 108913 STE 28 SA,2017-01-25,"A site plan application for Phase 2 that contemplates a 95-storey, 307 metre high mixed-use building. Part of the Lower Yonge Precinct Master Plan and Phase 2 of a 5 Phase development.",1 YONGE ST,10,91177,18080,109257,958,http://app.toronto.ca/AIC/index.do?folderRsn=GxtQfKXQs4gRPX%2BnSEuU9w%3D%3D
1887,Under Review,21 235352 STE 12 OZ,2021-11-08,"Zoning By-law amendment for a 14-storey mixed-use building having a non-residential gross floor area of 1,453 square metres, and a residential gross floor area of 21,757 square metres.  274 residential units are proposed.",2010 YONGE ST,12,21757,1453,23210,274,http://app.toronto.ca/AIC/index.do?folderRsn=tcSIVr1PXV4jXT00nYmU%2Bw%3D%3D
1888,Active,20 224482 ESC 20 OZ,2020-12-01,Official Plan and Zoning By-law amendment application to permit the development of a 7-storey residential building comprised of 226 residential units and 2 levels of underground parking.,672 BIRCHMOUNT RD,20,18339,0,18339,226,http://app.toronto.ca/AIC/index.do?folderRsn=lSlRNZvTQ%2BgLCT%2Fwqm1KbA%3D%3D
1889,Active,22 139337 ESC 20 OZ,2022-04-27,"Rezoning for a proposed 14-storey mixed-use building having a non-residential gross floor area of 672 square metres, and a residential gross floor 14,559 square metres. 190 dwelling units are proposed.",2823 EGLINTON AVE E,20,14559.3,672.1,15231.4,190,http://app.toronto.ca/AIC/index.do?folderRsn=3lyzcLyK8z8T6JXS3k4dBg%3D%3D
1890,Active,21 192018 WET 02 OZ,2021-07-30,"The proposed development would have a total of 12,413 square metres of residential gross floor area and a density of 1.6 FSI. A total of 177parking spaces (including 7 accessible parking spaces) will be located in an underground parking level, which will",596 RENFORTH DR,2,12413,0,12413,140,http://app.toronto.ca/AIC/index.do?folderRsn=IPPYvC1zlh89KC8FoTDuHQ%3D%3D
1891,Under Review,25 126138 ESC 24 OZ,2025-03-07,"The proposed development contemplates two towers of 37 and 38 storeys, providing retail and medical office uses at-grade/ 2nd storey and residential above. The proposed development provides a total GFA of 68,604 square metres, 2,627 square metres of whic",3585 LAWRENCE AVE E,24,65977,2630,68607,740,http://app.toronto.ca/AIC/index.do?folderRsn=z4AanJSZOwm310ZLdFTjew%3D%3D
1892,Active,23 115006 WET 05 OZ,2023-02-17,"Proposed development of a 40-storey mixed use building. The mixed use building will consist of a 6-storey pedestrian-scale podium element, topped with a 34-storey tower element. The building will include 488 residential units in a mix of unit suite sizes",1812 WESTON RD,5,28402.1,326.9,28729,490,http://app.toronto.ca/AIC/index.do?folderRsn=Q%2B8KyNUpYMVVGwTDpTlRug%3D%3D
1893,Active,24 151539 WET 07 OZ,2024-05-21,"The application is proposing to amend the Official Plan and Zoning By-law to construct two towers with building heights of 39 and 35 storeys connected by a seven storey base building.  The application includes a total of 832 dwelling units, 1,198 square",3406-3434 WESTON RD,7,61147,1198,62345,832,http://app.toronto.ca/AIC/index.do?folderRsn=jnz2jPe7QAl0EBKucRWSlg%3D%3D
1894,Active,21 195997 STE 10 OZ,2021-08-10,Official Plan and Zoning By-law amendment for a 6-storey residential building containing 31 affordable residential units connected to the existing YMCA.  The proposed addition is comprised of 1545.9 square metres of residenital gross floor area and 165.9,7 VANAULEY ST,10,1711.8,0,1711.8,31,http://app.toronto.ca/AIC/index.do?folderRsn=S2NoD3nHVXTirJj51HTA9A%3D%3D
1895,Active,19 232278 STE 11 OZ,2019-10-04,Zoning By-law Amendment to facilitate the development of a 5-storey mixed-use building (with mechanical penthouse) having an overall height of 21 metres.  A total of 77 residential units and 171.5 square metres of non-residential floor area will be provi,17 ST ANDREW ST,11,2544,275,2819,72,http://app.toronto.ca/AIC/index.do?folderRsn=c1a78F%2BzysDUou%2Bij9BvsA%3D%3D
1896,Active,15 251277 STE 27 OZ,2015-11-13,"A Zoning Bylaw Amendment to permit a to facilitate a 41-storey (147 metres) mixed use building including 112 residential units and 126 parking spaces, ground floor commercial/retail space, and a Privately Owned Publicly-Accessible Open Space at the N/E c",48 SCOLLARD ST,11,19840,1556,21396,130,http://app.toronto.ca/DevelopmentApplications/associatedApplicationsList.do?action=init&folderRsn=3858499&isCofASearch=false
1897,Built,19 128433 WET 01 SA,2019-03-20,The application proposes to expand the existing hotel (192 rooms) by constructing an 11-storey building located at the rear of the existing building.  The new addition will accomodate an additional 205 hotel suites and office space.  The addition will be,600 DIXON RD,1,0,21458,21458,0,http://app.toronto.ca/AIC/index.do?folderRsn=ZQVGECxZtWxEr8joSiw10A%3D%3D
1898,Built,18 131032 WET 06 SA,2018-03-19,To construct 4 residential townhouses fronting Owen Drive with commercial retail on the ground floor fronting Browns Line and an additional 2 residential units above for a total gross floor area of 1031 m2.  The proposal includes 7 parking spaces in an u,200 BROWNS LINE,3,1031,65.78,1096.78,6,http://app.toronto.ca/AIC/index.do?folderRsn=PXwGwsObtsQM1K50nrM78A%3D%3D
1899,Built,18 185562 NNY 15 OZ,2018-06-27,"Rezoning application to allow a 10-storey mid-rise, mixed use building.  Proposed development would include 218 dwelling units, including 2 live work units and ground floor retail.  Underground parking would be provided.  A total of 190 vehicle spaces an",831 GLENCAIRN AVE,8,15902.65,361.48,16264.13,218,http://app.toronto.ca/AIC/index.do?folderRsn=NcxpNJyTSMKbIKn6AbgZ7w%3D%3D
1900,Active,19 244078 STE 11 OZ,2019-11-01,"Official Plan and Zoning By-law Amendment Application to facilitate the development of a 53.5 metre (15-storey, excluding mechanical penthouse) mixed-use building comprised of 300 square metres of non-residential gross floor area and 106 residential dwel",287 DAVENPORT RD,11,12364,256,12620,63,http://app.toronto.ca/AIC/index.do?folderRsn=C%2BeSd1r4ioqOFatYV9CT9Q%3D%3D
1901,Active,21 231497 STE 11 OZ,2021-10-28,"Zoning by-law Amendment application to permit a 19-storey mixed-use building, containing 42 dwelling units and 440 square metres of non-residential gross floor area.",100 DAVENPORT RD,11,10296,442,10738,43,http://app.toronto.ca/AIC/index.do?folderRsn=8s%2BO3M6IzUDys1SaXz5EPg%3D%3D
1902,Active,22 236510 STE 09 OZ,2022-12-06,"Zoning By-law Amendment for an 18-storey mixed-use development containing 364 square metres of employment uses at-grade and 12,189 square of metres of residential gross floor area including 175 purpose-built residential rental units above.    This applic",450 DUFFERIN ST,9,12388.4,364.1,12752.5,175,http://app.toronto.ca/AIC/index.do?folderRsn=5k7UJu5Z2aSZJq2doYA9sQ%3D%3D
1903,Built,14 267424 STE 20 OZ,2014-12-23,"Proposed zoning amendment to redevelop the site with a 15-storey mixed-use building. The building will have a height 49.66 metres including the mechanical penthouse and will contain 476 residential units, 213 undergraound parking spaces and retail uses a",543 RICHMOND ST W,10,38629,1748,40377,475,http://app.toronto.ca/AIC/index.do?folderRsn=02wp5ezdEKMSo8h%2FqC80Cw%3D%3D
1904,Built,16 205578 NNY 24 OZ,2016-08-11,"Proposal for 30, 3-storey stacked townhouses with below grade parking and an FSI of 1.21.    **SEE SA FOLDER FOR LATEST CIRCULATION**",260 FINCH AVE E,18,2847.94,0,2847.94,30,
1905,Active,24 119348 STE 12 OZ,2024-02-27,Zoning By-law Amendment for a new 50-storey (162.30 metres excluding mechanical penthouse) residential building comprised of a tower and podium base.,29 PLEASANT BLVD,12,27733,0,27733,370,http://app.toronto.ca/AIC/index.do?folderRsn=M290SXTrR1dfE2kvXL0kTA%3D%3D
1906,Under Review,20 229115 NNY 08 OZ,2020-12-14,Applications for Zoning By-law Amendment and Site Plan Control have been revised and submitted. The initial proposal was for two towers measuring 24 storeys (90 Eglinton Ave W) and 32 storeys (50-60 Eglinton Ave W) in height. The proposal has now been am,50-60 EGLINTON AVE W,8,97344.7,2800.7,100145.4,1559,http://app.toronto.ca/AIC/index.do?folderRsn=2vCFK%2Bw2tAsTHYuXenqFrQ%3D%3D
1907,Under Review,22 242108 WET 03 SA,2022-12-23,Proposed three single storey buildings consisting of two industrial buildings and a storage building. Total GFA of 4442sqm.,85 VICKERS RD,3,0,4720.32,4720.32,0,http://app.toronto.ca/AIC/index.do?folderRsn=INSl2suLeM4MEBdwyBtB5A%3D%3D
1908,Active,23 166287 STE 04 OZ,2023-06-26,Proposed 6 storey residential building containing 19 dwelling units,7 LAXTON AVE,4,1160.7,0,1160.7,19,http://app.toronto.ca/AIC/index.do?folderRsn=xSLU6h3l3%2FMU0snGRY3bkQ%3D%3D
1909,Built,08 171665 STE 20 OZ,2008-06-17,rezoning and site plan approval for the demolition of an existing four storey office building and construction of 9 storey mixed use building with ground floor conmmercial  and 26 residential units above complete with two storeys of parking below grade.,10 PRINCE ARTHUR AVE,11,6823,406,7229,25,
1910,Under Review,24 204279 STE 09 OZ,2024-08-27,"Combined Official Plan & Zoning By-law Amendments for a 34-storey mixed-use building (excluding mechanical penthouse) with 446 residential dwelling units. The total Gross Floor Area is 32,334 square metres, including 910 square metres of retail, 111 park",1901 EGLINTON AVE W,9,32334.1,909.8,33243.9,446,http://app.toronto.ca/AIC/index.do?folderRsn=qc5SqOx4rjZdFqJRhBTfZw%3D%3D
1911,Built,17 116336 WET 12 SA,2017-02-13,"Site Plan appliation for the north half of the property ""North Phase only""",2175 KEELE ST,5,20387,0,20387,244,http://app.toronto.ca/AIC/index.do?folderRsn=TjG%2BEdgzXwg32EyMa%2FiR%2BQ%3D%3D
1912,Active,11 239404 STE 19 SA,2011-07-15,Site plan approval application to maintain existing 615 m2 heritage building and proposed use is a public art gallery - CONVENIENCE ADDRESS IS 68 EAST LIBERTY ST.,70 EAST LIBERTY ST,10,0,205.2,205.2,0,http://app.toronto.ca/AIC/index.do?folderRsn=jGXFCXPVQVk8X7IfyI0SJw%3D%3D
1913,Under Review,21 178720 STE 11 OZ,2021-07-02,"Zoning By-law Amendment application to permit a 35-storey mixed-use building, containing 355 dwelling units and 500 square metres of non-residential gross floor area. The proposal includes a 140 square metre POPS, heritage conservation on the site, and 3",148 AVENUE RD,11,24095,487,24582,333,http://app.toronto.ca/AIC/index.do?folderRsn=rudwz1kLVrkdMbJ8BDHaoQ%3D%3D
1914,Active,20 217595 ESC 21 OZ,2020-11-12,"Zoning By-law Amendment application to permit an 11-storey (36 metres excluding mechanical penthouse) mixed-use building at 2683 Lawrence Avenue East. The proposal consists of a total gross floor area (GFA) of 19,168 sq. m. (18,579 sq. m. for residential",2683 LAWRENCE AVE E,21,19056.8,570.9,19627.7,206,http://app.toronto.ca/AIC/index.do?folderRsn=3O3R%2FvnWj0wPsiF9zqEKsQ%3D%3D
1915,Under Review,24 243361 NNY 08 OZ,2024-11-26,"Proposed Official Plan and Zoning By-law Amendment to permit a mixed-use development consisting of 35 and 37-storey residential towers on a shared 6-storey podium with 886 residential units, 56,977.50 square metres of gross floor area (GFA), including 65",245 MARLEE AVE,8,56212,660,56872,886,http://app.toronto.ca/AIC/index.do?folderRsn=XcxXGckDenJHtedSk9yQrw%3D%3D
1916,Active,23 192767 STE 13 OZ,2023-08-23,Zoning By-law Amendment to permit a 7-storey mixed-use building having a non-residential gross floor area of 270 square metres. 39 rental dwelling units are proposed.,211 GERRARD ST E,13,4953,273,5226,60,http://app.toronto.ca/AIC/index.do?folderRsn=0Jyo%2Btf991S6k0v9QJkVCA%3D%3D
1917,Under Review,23 128433 ESC 21 OZ,2023-03-29,"The proposal includes one 12-storey mid-rise building and five towers with heights that range from 23- to 48-storeys, with taller buildings directed towards the Highway 401/Warden Avenue interchange. Overall, the proposed development includes a total gro",22 METROPOLITAN RD,21,130705.73,27797.25,158502.98,1664,http://app.toronto.ca/AIC/index.do?folderRsn=ytOI%2BXjVIdZ%2FxLfTRGTk5A%3D%3D
1918,Under Review,24 187292 WET 03 SA,2024-07-25,"Proposed 3-storey school with a childcare on the subject site. The total proposed GFA for the replacement school and childcare is 6374.00 square metres. There are 64 vehicular parking spaces proposed (4 short term at grade, 60 below) including 1 barrier",5 REDCAR AVE,3,0,6425,6425,0,http://app.toronto.ca/AIC/index.do?folderRsn=pWZ8PxtHlHaa3l9bkeZQvg%3D%3D
1919,Active,12 152660 STE 20 OZ,2012-04-12,Zoning Amendment application to facilitate the redevelopment of the site with a 49-storey mixed-use building including a 5-storey podium containing commercial uses.,263 ADELAIDE ST W,10,28695,3087,31782,432,http://app.toronto.ca/AIC/index.do?folderRsn=bzNt32X3%2BxtY8geI1jSkfA%3D%3D
1920,Under Review,20 210382 NNY 17 SA,2020-10-23,"Site Plan application to permit the proposal for the North development consisting of two six-storey buildings, one 20-storey tower and a commercial addition to the existing shopping centre for a total gross floor area of 39,600 square metres (30,800 resi",2901 BAYVIEW AVE,17,32312.8,7541.1,39853.9,471,http://app.toronto.ca/AIC/index.do?folderRsn=IWoykYRKw7wSU8z5rpnaIg%3D%3D
1921,Active,21 101581 NNY 08 OZ,2021-01-07,"Zoning By Law Amendment Application to permit a 65-storey mixed-use building with a height of 220 metres to the top of the mechanical penthouse, containing 663 dwelling units, 550 square metres of commercial space and three levels of underground parking.",36 EGLINTON AVE W,8,38817,2784.5,41601.5,613,http://app.toronto.ca/AIC/index.do?folderRsn=u7RJXMff%2Foavp5A9O6OjOg%3D%3D
1922,Active,22 114259 STE 14 OZ,2022-02-15,"Zoning By-law amendment application to facilitate the redevelopment of the site for a 13-storey mixed-use building having a non-residential gross floor area of 719.1 square metres, and a residential gross floor area of  17794.4 square metres.  270 rental",1111 DANFORTH AVE,14,18961.5,1576.4,20537.9,290,http://app.toronto.ca/AIC/index.do?folderRsn=1fpgLIYJ3tF8OSvH4UccEQ%3D%3D
1923,Active,16 264686 ESC 35 SA,2016-12-15,"Proposed redevelopment of a former KFC restaurant site with a new 7-storey mixed use building containing 19 residential units (GFA of 2,199 m2) and commercial space on the ground floor (93 m2). A total of 18 parking spaces are proposed at-grade, of which",3359 DANFORTH AVE,20,1930.72,65.62,1996.34,26,http://app.toronto.ca/AIC/index.do?folderRsn=WZtUx9QkMjEsibjjeXnMiw%3D%3D
1924,Active,24 215939 STE 04 SA,2024-09-20,Site Plan Approval for a 4-storey residential building with 42 dwelling units. This is a City-led Priority Housing Projects development.,11 BROCK AVE,4,2888.7,0,2888.7,42,http://app.toronto.ca/AIC/index.do?folderRsn=rsJBuV9dbGZxl0Vw0lq5%2BQ%3D%3D
1925,Built,17 278837 WET 05 SA,2017-12-22,"The proposed development consists of 50 industrial units with a total gross floor area of 11,636 square metres.",66 JUTLAND RD,3,0,11636,11636,0,http://app.toronto.ca/AIC/index.do?folderRsn=Xr1CEuUbBik6rQaiaSmftw%3D%3D
1926,Active,21 215777 WET 03 OZ,2021-09-21,"Official Plan and Zoning By-law Amendment application to permit the redevelopment of the subject lands with a 41 storey high-rise mixed-use residential building, comprised of 497 residential units, at-grade commercial space and a 300 square metre off-sit",5238 DUNDAS ST W,3,31253.56,379,31632.56,521,http://app.toronto.ca/AIC/index.do?folderRsn=TaiTFaJLtTXeIwS%2Fn7iNTw%3D%3D
1927,Active,22 174753 ESC 25 SA,2022-07-11,This new facility will be the primary welcome centre for visitors to Parks Canadas first National Urban Park. This leading edge net-zero carbon building will serve many purposes and will house the following functional spaces: a welcome and reception area,1749 MEADOWVALE RD,25,0,996,996,0,http://app.toronto.ca/AIC/index.do?folderRsn=X6s16mNIph%2FSYfby%2BWtTBQ%3D%3D
1928,Built,18 135369 STE 27 OZ,2018-03-27,"Zoning By-law and Official Plan Amendment to facilitate redevelopment of the site with 2 buildings: a 62-storey mixed-use building on the north parcel with a total of 674 units, of which 81 will be rental replacement units, and a 2-storey commercial buil",11 YORKVILLE AVE,11,48646,2486,51132,700,http://app.toronto.ca/AIC/index.do?folderRsn=A1xSYxCOhgud1VYL6w0OfQ%3D%3D
1929,Active,22 140336 NNY 18 OZ,2022-04-29,"Official Plan and Zoning By-law amendment for a 10-storey mid-rise building with ground floor townhouse units and two levels of underground parking. The project proposes 453 residential units, 33,476 sq.m. of residential GFA, and 394 parking spaces.",16 CENTRE AVE,18,37910,81,37991,510,http://app.toronto.ca/AIC/index.do?folderRsn=03P6xNgORrbyno42%2FpMZvw%3D%3D
1930,Under Review,20 234545 ESC 25 SA,2020-12-29,Proposed redevelopment for a new 4 storey mixed-use residential/institutional retirement care facility.,45 LAWSON RD,25,32008,576,32584,345,http://app.toronto.ca/AIC/index.do?folderRsn=viU5Fd86qhG7GKEI2ZgQDw%3D%3D
1931,Built,11 311421 NNY 08 SA,2011-11-17,Proposed three storey office building (3219.46m2) with 77 surface parking spaces.,132 TORO RD,6,0,3219.46,3219.46,0,
1932,Under Review,24 141137 NNY 15 SA,2024-04-26,"This is a Site Plan Review application for the Ontario Line Maintenance and Storage Facility (OMSF). The OMSF lot area is approximately 195,489 square metres and the total GFA of all proposed new buildings is approximately 21,233 square metres.    A port",50 VILLAGE STATION RD,15,0,21219.04,21219.04,0,http://app.toronto.ca/AIC/index.do?folderRsn=zNiBPpttSTrTOyd5LJmDnA%3D%3D
1933,Under Review,22 168976 ESC 23 OZ,2022-06-28,Official Plan Amendment and Zoning By-law amendment proposal in order to redevelop the Malvern Town Centre using a Phased approach. The Official Plan amendment seeks to establish a Master Plan for the subject site and the Zoning By-law Amendment (the Pha,31 TAPSCOTT RD,23,68485,1135,69620,894,http://app.toronto.ca/AIC/index.do?folderRsn=JESfkj8bMCzptX4AkHwL8A%3D%3D
1934,Active,17 228459 STE 28 SA,2017-09-06,"Site Plan Application for Phase 1 of the 215 Lake Shore Boulevard E proposed development to permit two mixed use buildings with a total of three towers with heights of 54, 44, and 15 storeys, containing 1,261 units and 609.8 square metres of commercial g",215 LAKE SHORE BLVD E,10,92615,735,93350,1261,http://app.toronto.ca/AIC/index.do?folderRsn=CsSVZgbyLYF7CG%2B%2FZZiWnw%3D%3D
1935,Under Review,23 213844 STE 04 OZ,2023-10-12,"This proposal was appealed to the OLT and subsequently settled with Council adoption in April 2025. The proposal is for an 18-storey (57m excluding mechanical penthouse) building comprised of a total of 14,850 m2 (14,517m2 of residential, 333m2 of non-re",1304 KING ST W,4,14512.8,332.3,14845.1,230,http://app.toronto.ca/AIC/index.do?folderRsn=UfZM%2F9JN3E%2BvPKHjLy0YVA%3D%3D
1936,Under Review,23 126078 STE 13 SA,2023-03-23,"Proposal for three buildings based on an approved Municipal Zoning Order. A total of 997 dwelling units, including 282 affordable rental dwelling units (approximately 28% of the total), a 955 square metre community space and 505 square metres of retail s",153 EASTERN AVE,13,74254,513,74767,997,http://app.toronto.ca/AIC/index.do?folderRsn=9aARTfgKBdtvYwKJP%2F25Nw%3D%3D
1937,Active,23 143181 STE 13 OZ,2023-05-08,Official Plan and Zoning By-law Amendment application for 52-storey mixed-use building that would integrate the existing designated heritage building into the base of the tower and would contain approximately 546 square metres of retail space on the grou,20 FRONT ST W,13,34487,625,35112,480,http://app.toronto.ca/AIC/index.do?folderRsn=dta7ru7jbjxwhpFv0%2BVo8w%3D%3D
1938,Active,21 178622 STE 13 OZ,2021-07-02,"Official Plan and Zoning By-law amendment application to facilitate the development of the site for a 20-storey student  residential building having a gross floor area of 12, 920 square metres.",294 SHERBOURNE ST,13,13348,0,13348,173,http://app.toronto.ca/AIC/index.do?folderRsn=NED14e2BFFdV8k6LHipr4A%3D%3D
1939,Built,15 141224 WET 05 SA,2015-04-15,"Proposed development of three, 1-storey automotive dealership buildings",630 KIPLING AVE,3,0,11221,11221,0,http://app.toronto.ca/DevelopmentApplications/associatedApplicationsList.do?action=init&folderRsn=3729264&isCofASearch=false
1940,Active,19 199402 STE 10 OZ,2019-08-01,"The application proposes to amend the Zoning By-law to redevelop the site with a hotel development comprised of a two-storey base building and two tower elements above, one fronting Spadina Avenue (14 storeys - 41.45 metres including the mechanical penth",184 SPADINA AVE,10,0,10727.35,10727.35,0,http://app.toronto.ca/AIC/index.do?folderRsn=ouyBxqjVmAVaqB0q0xaURg%3D%3D
1941,Under Review,21 252235 NNY 08 OZ,2021-12-30,"Zoning by-law Amendment application for a mixed-use building having a non-residential gross floor area of 906 square metres, and 43,296 square metres of residential gross floor area. A total of 672 residential units in two towers of 20 and 27 storeys ato",2451 DUFFERIN ST,8,43203.5,936.7,44140.2,671,http://app.toronto.ca/AIC/index.do?folderRsn=0i9JVKv2u8UQQ4HtJYXkeg%3D%3D
1942,Under Review,21 251194 NNY 08 OZ,2021-12-23,"Official Plan and Zoning by-law amendment application to facilitate the redevelopment of the site for a proposed 24 storey residential building with 60m2 non-residential retail use at grade and containing 321 dwelling units, with 162 vehicular and 289 bi",782 MARLEE AVE,8,20351,65,20416,321,http://app.toronto.ca/AIC/index.do?folderRsn=fvWj1eZVbeUpg6yw%2BXgeSQ%3D%3D
1943,Active,20 160786 STE 12 OZ,2020-06-26,A proposal to amend the Zoning By-law to allow for a 21 and 23-storey residential building connected by a 5-8 storey podium element with a total of 419 residential units and a gross floor area of approximately 32438 square metres.,63 MONTCLAIR AVE,12,34519,0,34519,421,http://app.toronto.ca/AIC/index.do?folderRsn=YGesyqEi99th71TSsPkE1Q%3D%3D
1944,Active,21 196623 WET 02 OZ,2021-08-11,Proposed 14-storey residential building with 4 underground levels.,4174 DUNDAS ST W,2,11496,0,11496,107,http://app.toronto.ca/AIC/index.do?folderRsn=KLf%2BD9LzKei7oMOzoMXlpQ%3D%3D
1945,Active,19 262483 WET 03 OZ,2019-12-17,Zoning By-law Amendment application to redevelop the site with 14 back-to- back townhouse units. The proposed townhouse units will be 4-storeys (14.5 m) in height and have a total residential gross floor area of 2063sq m. A total of 18 surface parking sp,80 THIRTIETH ST,3,2063.01,0,2063.01,14,http://app.toronto.ca/AIC/index.do?folderRsn=ryx%2BMIZEeF7YxJxfzKvcmw%3D%3D
1946,Under Review,24 177979 WET 01 SA,2024-07-10,"The application proposes to reconfigure the `walking ring¿ area of Woodbine Racetrack, including the associated entrance/arrival area, landscaping, and passenger pick-up and drop-off areas associated with the adjacent private streets to the north and we",1122 QUEENS PLATE DR,1,0,3582.9,3582.9,0,http://app.toronto.ca/AIC/index.do?folderRsn=Ft4o%2B5RgMjZODKH1Bs7aMw%3D%3D
1947,Under Review,24 211777 WET 03 OZ,2024-09-12,"The application proposes an Official Plan and Zoning By-law Amendment to permit an 12-storey (including enclosed amenity area and mechanical penthouse) mixed use building with 79 residential units, six parking spaces, and retail at grade.",3418 LAKE SHORE BLVD W,3,6467.9,100.1,6568,79,http://app.toronto.ca/AIC/index.do?folderRsn=uok%2BwVCfwc6DquHDo2Xq8g%3D%3D
1948,Under Review,22 222351 ESC 22 OZ,2022-10-26,"Rezoning for proposed 12-storey mixed-use building with a total gross floor area of 27,179 square metres. The proposal includes a total of 356 residential units and 3,150 square metres of office and retail space. Total proposed parking is 363 spaces.",3600 FINCH AVE E,22,24159,3176,27335,356,http://app.toronto.ca/AIC/index.do?folderRsn=qH4AqT7UGG9mgokfQzrEHg%3D%3D
1949,Under Review,22 136287 WET 02 SA,2022-04-20,This is the site plan control application for Phase 1 of the lands. Site Plan Control application to permit the development of Phase One and Phase Two of the redevelopment at 250 Wincott Drive and 4620 Eglinton Avenue West. The proposed development inclu,250 WINCOTT DR,2,24279,1529,25808,313,http://app.toronto.ca/AIC/index.do?folderRsn=UTdxpFpwHJHJmTtrDHusMQ%3D%3D
1950,Under Review,25 121716 STE 12 OZ,2025-02-25,Zoning By-law Amendment two new 38 and 43-storey residential buildings. The proposed development will be comprised of 706 residential units.,59 LAWTON BLVD,12,46219,0,46219,706,http://app.toronto.ca/AIC/index.do?folderRsn=SxPpf7%2FDkr1AjCjsnl5w%2Fg%3D%3D
1951,Under Review,22 168205 WET 03 OZ,2022-06-27,"Proposal to demolish the existing commercial/residential building on the subject lands and redevelop the site with a stepped 9-storey mixed-use building, inclusive of a rooftop mechanical floor, containing retail uses at-grade and residential uses above.",2491 LAKE SHORE BLVD W,3,11187.86,330.36,11518.22,151,http://app.toronto.ca/AIC/index.do?folderRsn=9k7ByV2RH%2FAY7IrYc65Diw%3D%3D
1952,Under Review,22 130989 ESC 22 SA,2022-04-06,"This application pertains to Phase 3 of the proposal, which includes a new 18-storey addition to the existing Building C located at 1036 McNicoll Avenue. The addition introduces 175 residential units and a GFA of 15,033.99 m2. It will also add 49 vehicul",1028 MCNICOLL AVE,22,15033.99,0,15033.99,175,http://app.toronto.ca/AIC/index.do?folderRsn=csksQbRDyze%2BSa8hjJ1qgg%3D%3D
1953,Built,14 264875 NNY 34 OZ,2014-12-16,"Zoning amendment application to permit a 10,252 square metre residential development consisting of 39 dwelling units - 10 townhouse units, 16 semi-detached and 13 single-detached dwellings.",15 MALLOW RD,16,11278,0,11278,47,http://app.toronto.ca/AIC/index.do?folderRsn=BqauUwP7eVrs1uE5bmniew%3D%3D
1954,Built,16 110541 WET 05 OZ,2016-01-29,Proposed amendments to the Etobicoke Zoning Code (amending By-law 717-2006) to permit an eight storey residential building with 114 residential units (including 12 proposed rental replacement units) and a below grade parking garage. The three existing bu,4125 DUNDAS ST W,3,9891,0,9891,114,http://app.toronto.ca/AIC/index.do?folderRsn=ct9cKqqwWVP%2BdnxbB4adnw%3D%3D
1955,Under Review,24 240637 STE 12 OZ,2024-11-19,"Zoning By-law Amendment for a 49-storey mixed-use building with 576 rental apartment units, an early childhood education centre and ground floor commercial.",135 ST CLAIR AVE W,12,47601,948,48549,576,http://app.toronto.ca/AIC/index.do?folderRsn=FD1mfkabYUhTclN2UeO%2Bdg%3D%3D
1956,Active,21 181185 ESC 25 OZ,2021-07-07,"Proposal for a 12-storey mixed use building (37.3 metres) with commercial on the ground floor and residential above, containing 131 residential units.  The total gross floor area would be 9,599.98 square metres",4566-4568 KINGSTON RD,25,9060.84,173.72,9234.56,130,http://app.toronto.ca/AIC/index.do?folderRsn=9P0M%2BiIYFNMOE1uCL531qg%3D%3D
1957,Built,15 228738 STE 22 OZ,2015-09-25,Two 35- and 36-storey residential towers inclusive of a 5- and 7-storey podium base with a 7-storey base link connecting the two towers.,117 BROADWAY AVE,12,64796,692,65488,1010,http://app.toronto.ca/AIC/index.do?folderRsn=KBtC6%2B4pRtvA6YL%2FdiapbA%3D%3D
1958,Under Review,22 241048 ESC 20 SA,2022-12-19,"Site Plan Approval for a six storey Dymon Centre with a total gross floor area (""GFA"") of 17,876 sq. m., including 749 sq. m. of retail space (4%), 3,145 sq. m. of office space (17%), and 12,334 sq. m. of storage space (69%). A total of 97 parking spaces",743 WARDEN AVE,20,0,17653,17653,0,http://app.toronto.ca/AIC/index.do?folderRsn=u4FzSzTln5rdYClNPX2DMA%3D%3D
1959,Built,19 113008 STE 12 OZ,2019-02-07,Zoning By-law Amendment to facilitate redevelopment of the site with a new 9-storey residential building with 85 condominium units with ground level townhomes and a mix of larger suite sizes above.,202 ST CLAIR AVE W,12,13577,0,13577,85,http://app.toronto.ca/AIC/index.do?folderRsn=SShjSNx3kkS4IBh8E4nI7w%3D%3D
1960,Under Review,21 127937 NNY 08 OZ,2021-03-16,Zoning By Law Amendment Application to permit the proposal for a 50-storey mixed-use building including commercial units fronting onto Eglinton Avenue West and proposed townhouses fronting onto Livingstone Avenue. The total proposed gross floor area is,1812 EGLINTON AVE W,8,42949,202,43151,687,http://app.toronto.ca/AIC/index.do?folderRsn=5xO%2BnKXKeB3nMfIb6bs4Rw%3D%3D
1961,Active,21 234418 STE 04 OZ,2021-11-04,"Zoning By-law amendment application to facilitate the redevelopment of the site for a0 11-storey mixed-use building having a non-residential gross floor area of 193 square metres, and a residential gross floor area of 14935 square metres.",403 KEELE ST,4,16185,272,16457,281,http://app.toronto.ca/AIC/index.do?folderRsn=nkXckX3N2Mklq6pZyFBgsQ%3D%3D
1962,Active,20 205918 NNY 06 OZ,2020-10-13,"RENTAL HOUSING APPLICATION: 20 205924 NNY 06 RH  This application proposes to amend the Sheppard West / Dublin Secondary Plan, former City of North York Zoning By-law 7625 and City of Toronto Zoning By-law 569-2013 for the property at 824 Sheppard Avenue",824 SHEPPARD AVE W,6,17626.97,418.11,18045.08,308,http://app.toronto.ca/AIC/index.do?folderRsn=XTnhiq65idcaKUvztwDRsg%3D%3D
1963,Built,17 210219 STE 14 OZ,2017-08-02,"Zoning By-law Amendment to facilitate redevelopment of the site with a  9-storey mixed-use building: 151 dwelling units, 63 parking spaces,541 sq.m. non-res GFA, 12839 sq. m. res GFA.",2720 DUNDAS ST W,4,12683.5,542,13225.5,144,http://app.toronto.ca/AIC/index.do?folderRsn=n1TUKNthZrYGl2fX6kiptw%3D%3D
1964,Under Review,22 242126 STE 14 OZ,2022-12-23,Official Plan Amendment and Zoning By-law Amendment applications resulting from a settlement at the OLT.    The proposed development consists of two seven-storey (7-storey) residential buildings with a total of 227 residential dwelling units.,50 LAING ST,14,13981,0,13981,248,http://app.toronto.ca/AIC/index.do?folderRsn=bUDB8ILgd0syEKOC7Jn8YA%3D%3D
1965,Under Review,24 180616 STE 04 SA,2024-07-15,City-initiated site plan application proposes a Community Recreation Centre adjacent to Sorauren Park. The community centre will be a 4 storey (26 metre) building with programs identified in the City's Parks and Recreation Facilities Master Plan to inclu,40 WABASH AVE,4,0,6036,6036,0,http://app.toronto.ca/AIC/index.do?folderRsn=0SARmwI2Sy4sZ0DgDdmKgw%3D%3D
1966,Built,22 230860 STE 10 SA,2022-11-18,"In-fill addition of a four storey residential building with 31 rent geared to income units and ancillary non-residential uses on the ground floor. Proposal is within the Rapid Housing Initiative, Open Door Affordable Housing program and C2K review progra",25 AUGUSTA AVE,10,1555,0,1555,31,http://app.toronto.ca/AIC/index.do?folderRsn=kDTwyZFTbKTK0AhPEwna%2BQ%3D%3D
1967,Active,22 167486 STE 09 OZ,2022-06-24,"The developer intends to develop the subject lands with a 17-storey, 57 meter mixed-use building consisting of 258 units in 16,732 square meters of residential floor area and 1,404 square meters of non-residential floor area. Non-residential floor area w",1613 ST CLAIR AVE W,9,16732,1404,18136,258,http://app.toronto.ca/AIC/index.do?folderRsn=TDwp2QBtJbGW7VE8pcfGxw%3D%3D
1968,Active,22 107996 NNY 15 SA,2022-01-27,"Site Plan Approval for a 3-storey addition to the existing school (Hodgson Middle School). The proposed addition has an area of 4258.8 square metres, for a proposed total non-residential gross floor area of 8091.5 square metres",276 DAVISVILLE AVE,15,0,4258.5,4258.5,0,http://app.toronto.ca/AIC/index.do?folderRsn=xstVNaLuUtkvSDy7dsFHHQ%3D%3D
1969,Under Review,21 215481 NNY 16 SA,2021-09-21,Site Plan application,1123 LESLIE ST,16,0,38124,38124,0,http://app.toronto.ca/AIC/index.do?folderRsn=mddIfheJqSBob8%2FDZyBikw%3D%3D
1970,Under Review,21 204556 STE 13 OZ,2021-08-26,"Official Plan and Zoning By-law Amendment Application to facilitate the development of the site with two mixed use buildings: 59 and 55 storeys, containing 1,284 dwelling units and 1,895 square metres of non-residential gross floor area.    Community Con",1 SUMACH ST,13,78458,1662,80120,1284,http://app.toronto.ca/AIC/index.do?folderRsn=2F1slXZ13L9%2Fid7pjZjRkA%3D%3D
1971,Active,23 140427 STE 13 OZ,2023-05-02,"The application proposes to demolish the buildings at 2-12 Cawthra Square and to redevelop the site with a 63-storey residential tower with a gross floor area of 40,024 sq.m. The proposal would add 590 Units and 14 rental replacement units.",2 CAWTHRA SQ,13,39541,476,40017,590,http://app.toronto.ca/AIC/index.do?folderRsn=0S3f%2FNZj4wXIz44oJNPcXQ%3D%3D
1972,Active,23 231196 STE 14 SA,2023-11-29,"A Site Plan Control application to permit a new integrated pumping station as part of the existing Ashbridges Bay Water Treatment Plant which is to consist of four new buildings including a pump house, building screen, generator building, and IPS substat",7 LESLIE ST,14,0,1375,1375,0,http://app.toronto.ca/AIC/index.do?folderRsn=uhLnTKE2CdSH7OejHt%2BxQg%3D%3D
1973,Under Review,24 234048 NNY 18 OZ,2024-11-01,OPA & Rezoning to facilitate a redevelopment that is comprised of two separate buildings combined by a one-storey below grade parking structure. The proposed buildings are four (4) and eleven (11) stories in height. The four-storey building contains 15 r,234 SHEPPARD AVE W,18,3646,138,3784,58,http://app.toronto.ca/AIC/index.do?folderRsn=Dr4eACJ4TSdAwXZzIoF%2Fig%3D%3D
1974,Under Review,16 268010 NNY 15 OZ,2016-12-16,"Revised proposal for a 29-storey mixed-use building with retail containing 324 dwelling units and retail on the ground floor, 86 vechicular and 382 bicycle parking spaces. Proposal is under appeal and will be decided upon at the Ontario Land tribunal (OL",3019 DUFFERIN ST,8,26176,349,26525,329,http://app.toronto.ca/AIC/index.do?folderRsn=cjanvW%2FzfD2KNT0XmfrFDw%3D%3D
1975,Active,18 257584 WET 05 OZ,2018-11-16,"Proposal for a terraced 27-storey apartment building stepping down to the Islington Village area to the north. A total of 325 residential units are anticipated, with a proposed density of 9.59  FSI.",12 CORDOVA AVE,3,23549,0,23549,325,http://app.toronto.ca/AIC/index.do?folderRsn=A3dzXJC4tf9smp8p6qNEtQ%3D%3D
1976,Under Review,24 237044 STE 13 OZ,2024-11-08,"Zoning By-law Amendment for a proposed 67-storey residential/mixed-use building comprised of approximately 52,600 square metres of gross floor area (GFA), comprised of 52,000 square metres of residential GFA, 550 square metres of grade-related retail spa",530 YONGE ST,13,51573,1016,52589,822,http://app.toronto.ca/AIC/index.do?folderRsn=vqtcHVFRnLWKR5gd%2F7iZ4A%3D%3D
1977,Active,23 122250 WET 03 OZ,2023-03-11,"The proposed plan consists of a 11-storey residential mixed use mid-rise, with retail at grade. A total of 21,949 square metres residential GFA and 447 square metres non-residential retail GFA are proposed, along with 2 below grade parking levels. The re",4241 DUNDAS ST W,3,21785.3,439.2,22224.5,318,http://app.toronto.ca/AIC/index.do?folderRsn=LTkYq572zI1NBYQBuKbWBQ%3D%3D
1978,Under Review,24 117636 NNY 06 SA,2024-02-21,"One-story commercial building containing a financial institution and a retail store, with a non-residential GFA of 613.2 square metres, and 14 total parking spaces.",4362 BATHURST ST,6,0,613.2,613.2,0,http://app.toronto.ca/AIC/index.do?folderRsn=SLEvSa36uFPKlOSPGdLuIA%3D%3D
1979,Active,25 150427 STE 09 OZ,2025-04-28,Proposed expansion and conversion of existing medical building to accommodate residential uses for a new municipal shelter.,1615 DUFFERIN ST,9,0,2050,2050,0,http://app.toronto.ca/AIC/index.do?folderRsn=j0qzoEIqWNprFnqKhBbTTA%3D%3D
1980,Active,23 119287 STE 11 OZ,2023-03-02,"Zoning By-law Amendment application to permit an 11-storey mixed-use building, containing 60 dwelling units (of which 11 are replacement rental units) and 169 square metres of non-residential gross floor area.",126 AVENUE RD,11,3968,170,4138,60,http://app.toronto.ca/AIC/index.do?folderRsn=ZOBvDn7F2CHaFmza7l1OiQ%3D%3D
1981,Active,17 257139 STE 22 OZ,2017-11-02,"Revised - subsequen to OLT OZ settlement, and Site Plan Application filed which separates lands comprised of 214-226 Soudan Avenue and 19-21 Brownlow Avenuefrom the Briton House Retirement complex (municipally known as 700-730 Mount Pleasant Road) to per",700 MOUNT PLEASANT RD,12,32900,0,32900,527,http://app.toronto.ca/AIC/index.do?folderRsn=keqtbf4QKJnB9nD5egqR7Q%3D%3D
1982,Active,25 150448 NNY 18 OZ,2025-04-28,Proposal to amend the Official Plan and Zoning By-law to allow for a 6-storey municipal shelter with approximately 80 beds.,68 SHEPPARD AVE W,18,0,2524.7,2524.7,0,http://app.toronto.ca/AIC/index.do?folderRsn=jljCRGnmte5u8DOkqi6GrQ%3D%3D
1983,Active,25 150456 NNY 08 OZ,2025-04-28,Zoning By-law Amendment to permit a 6-storey residential building to accomodate a municipal shelter with approximately 80 beds.,2204 EGLINTON AVE W,8,0,2352.4,2352.4,0,http://app.toronto.ca/AIC/index.do?folderRsn=oLxA6F49cgxcRLw4mJUuTA%3D%3D
1984,Active,20 113131 STE 19 OZ,2020-02-06,The application proposes to amend the Zoning By-law to permit an 8-storey residential building containing 64 units. A two storey heritage reconstruction will be integrated into the development.,2720 DANFORTH AVE,19,4702.61,0,4702.61,64,http://app.toronto.ca/AIC/index.do?folderRsn=KSdhIH3enq0lsBhP5UmNMQ%3D%3D
1985,Active,21 249603 STE 10 OZ,2021-12-17,"Zoning By-law Amendment Application to permit the redevelopment of the site with a 39-storey plus mechanical penthouse mixed-use building with a total height of 133.95 metres. The total proposed gross floor area equals 27,253  square metres including 194",101 SPADINA AVE,10,34933.3,127.4,35060.7,452,http://app.toronto.ca/AIC/index.do?folderRsn=jxo2NP%2B5fjboUWulwDBJAQ%3D%3D
1986,Active,22 198105 STE 04 OZ,2022-08-31,"Proposal for a mixed-use development consisting of three buildings at 9, 26 and 29 storeys and incorporating portions of the existing buildings.  The development consists of a total of 768 residential units with 46,713.05 sqm residential space, 1,964.5 s",340 DUFFERIN ST,4,46963.66,1964.5,48928.16,768,http://app.toronto.ca/AIC/index.do?folderRsn=N1c4egI2XUac%2BlNRolaH%2BA%3D%3D
1987,Active,21 199866 STE 12 OZ,2021-08-17,Zoning By-law Amendment application to facilitate the development of the site for a 26-storey residential building atop a 6-storey podium element.,91 RAGLAN AVE,12,19124,0,19124,225,http://app.toronto.ca/AIC/index.do?folderRsn=AFjrHGLd8QpIJcpfhe2Aww%3D%3D
1988,Active,22 213129 NNY 06 OZ,2022-10-04,"Proposal to demolish the existing 5 single detached homes and redevelop the subject site with a 12-storey mixed-use mid-rise building with 190 dwelling units, 14,050 m2 residential GFA and 550 m2 retail at grade with FSI of 5.34. The proposal will provid",47 STADACONA DR,6,14050,550,14600,190,http://app.toronto.ca/AIC/index.do?folderRsn=o1wzs7bwMr6StIf%2ByiILgA%3D%3D
1989,Active,19 263252 WET 07 OZ,2019-12-19,18 new residential units comprised of 2-storey single detached and semi-detached dwellings.,20 WALLASEY AVE,7,6006.5,0,6006.5,18,http://app.toronto.ca/AIC/index.do?folderRsn=%2FWHmrRhfzsS1X1JsGkYJFA%3D%3D
1990,Active,22 242163 WET 03 OZ,2022-12-23,"Zoning By-law Amendment application to permit a 35-storey residential building at 1276 Islington Avenue. The existing 12-storey apartment buildings on the lands is proposed to be retained. The development proposes 363 additional residential units (25,082",1276 ISLINGTON AVE,3,24685,0,24685,371,http://app.toronto.ca/AIC/index.do?folderRsn=4EGuRS0HXjlLZCQnPNryEw%3D%3D
1991,Active,25 120999 NNY 08 OZ,2025-02-24,"OPA & Rezoning Application proposes the development of a 13-storey seniors residence providing residential suites, assisted living suites and memory care suites. The building will provide a total of 251 residential units, being a mix of studios, 1-bedroo",2704 YONGE ST,8,8282,11959,20241,107,http://app.toronto.ca/AIC/index.do?folderRsn=onU2rCg2EfM2qfTNMifePg%3D%3D
1992,Active,24 200736 NNY 18 OZ,2024-08-19,Official Plan Amendment and rezoning applications to permit a mixed-use development in the form of an 11-storey mid-rise residential building with ground floor retail fronting Finch Avenue West.,221 FINCH AVE W,18,33519.91,1947.24,35467.15,503,http://app.toronto.ca/AIC/index.do?folderRsn=9cczVa%2FQqTJ94W%2FlMGdfwQ%3D%3D
1993,Built,12 261548 NNY 24 SA,2012-10-12,"The applicant proposes to construct a two-storey retail building, with two levels of underground parking on Parcel A.  A 48-unit residential townhouse development with one level of underground parking is proposed on Parcel B.",784 SHEPPARD AVE E,17,0,3960,3960,0,
1994,Active,19 244188 STE 13 OZ,2019-11-01,"Zoning By-law Amendment application to permit three buildings of 11, 39 and 44 storeys containing 1,099 square metres of retail, 15,206 square metres of office and 1,094 dwelling units, retention of the heritage row houses at 72-78 Berkeley Street, an ea",49 ONTARIO ST,13,71861,568,72429,1226,http://app.toronto.ca/AIC/index.do?folderRsn=DqNCAMD69Pbbc9PN8NNIQw%3D%3D
1995,Active,16 173154 STE 27 OZ,2016-06-13,A rezoning and OPA application for a 51-storey residential tower (179 metres tall including 3 mechanical floors).  A total of 165 residential units are proposed along with density of 32.2 times the area of the lot.  The application has been refused by Ci,874 YONGE ST,11,23399,78,23477,342,http://app.toronto.ca/AIC/index.do?folderRsn=Kwb2WZ5gqynAP41O9j1m6A%3D%3D
1996,Under Review,21 233897 STE 12 OZ,2021-11-03,Zoning By-law Amendment application to permit a 45-storey mixed use building with 585 residential units.  Associated Official Plan Amendment 22 198241 STE 12 OZ is required for site-specific relief from office replacement policy requirements of Yonge-Egl,50 MERTON ST,12,34229,1758,35987,581,http://app.toronto.ca/AIC/index.do?folderRsn=nnbkVB3MSlXRS0d6MZVe5w%3D%3D
1997,Built,16 225685 NNY 23 OZ,2016-09-20,"Proposal for a 10-storey building with 230 units and 1,750 square metres of ground floor retail including a beer store.  The proposal also includes a 4 level underground garage including 218 parking spaces.",181 SHEPPARD AVE E,18,13600,1400,15000,185,http://app.toronto.ca/AIC/index.do?folderRsn=e5wQisEPXt%2B1WAAufIWkrA%3D%3D
1998,Under Review,24 229459 STE 14 SA,2024-10-22,Site Plan Approval for the Cosburn Station as part of the Ontario Line Subway,1030 PAPE AVE,14,0,1156,1156,0,http://app.toronto.ca/AIC/index.do?folderRsn=9%2BZ1Wy7v7UDO%2BXuPJ6Uq7A%3D%3D
1999,Built,15 228723 NNY 15 OZ,2015-09-25,The application proposes to amend the former City of Toronto Zoning By-law 438-86 and new City of Toronto Zoning By-law 569-2013 to permit a 34-storey (107 metre) apartment building at 100 Broadway Avenue and 223-225 Redpath Avenue.  The proposed buildin,100 BROADWAY AVE,15,28497,100,28597,448,http://app.toronto.ca/AIC/index.do?folderRsn=%2FQtkcu3sxdezssbDFBZuHQ%3D%3D
2000,Active,18 265948 ESC 23 SA,2018-12-07,Proposed development of a two storey addition to existing commercial mall to create new cinemas using the existing underground parking garage.,1571 SANDHURST CRCL,23,0,11242,11242,0,http://app.toronto.ca/AIC/index.do?folderRsn=t9wkBbzsTKH7PrdqN6uLSw%3D%3D
2001,Under Review,24 113378 NNY 17 SA,2024-02-08,"North York General Long term care facility (528 beds) owned and oeprated by NYGH with senior focused services (hemodialysis, medial imaging and pharmcy) as well as an integrated care services offered out of the North York General Hospital across the stre",4000 LESLIE ST,17,0,59720,59720,0,http://app.toronto.ca/AIC/index.do?folderRsn=IbJWAACheWl2CTS%2F6ji3dg%3D%3D
2002,Under Review,24 216386 STE 09 SA,2024-09-23,"This site plan control application is for the propossed Bloor Lansdowne Smart Track GO Station, which consists of the main station building, platforms, and Maintenance Building located at the south end of the platforms at Dora Avenue. Cross-Reference 131",1319 BLOOR ST W,9,0,1022.88,1022.88,0,http://app.toronto.ca/AIC/index.do?folderRsn=1fRhCZUhkZz7Hwl%2BsfJZDQ%3D%3D
2003,Built,19 137676 NNY 16 SA,2019-04-09,"Tower A is a 33 storey (133m) residential building containing 251 dwelling units and a gross floor area of approximately 33,252 sqm.  A total of 312 parking spaces are proposed to be located below grade.  A total of 303 bicycle parking spaces are provide",1095 LESLIE ST,16,33116,290,33406,250,http://app.toronto.ca/AIC/index.do?folderRsn=FQCoFlxhhwNOkGkZ0nFZ6w%3D%3D
2004,Active,20 159922 STE 11 OZ,2020-06-24,"Zoning By-law Amendment application to permit a 9-storey non-residential building, containing 13,600 square metres of non-residential gross floor area.",1109 BATHURST ST,11,0,11847,11847,0,http://app.toronto.ca/AIC/index.do?folderRsn=8LBnaljMSUsKMfv6TraSSg%3D%3D
2005,Active,23 183066 STE 09 OZ,2023-08-01,Official Plan Amendment and Zoning By-law Amendment for a 10 storey mixed use building with 418square metres of ground floor retail and 183 dwelling units. The Official Plan Amendment proposes to redesignate lands at 3 Osler St from Neighbourhoods to Mix,1650 DUPONT ST,9,9863.4,418.4,10281.8,159,http://app.toronto.ca/AIC/index.do?folderRsn=R8%2BsU1vIOfatoQRtlue9fw%3D%3D
2006,Under Review,24 253157 NNY 18 OZ,2024-12-23,Official Plan and Zoning By-law Amendment application to permit the redevelopment of the subject site with an 11-storey (41-metre) residential building containing a total of 148 dwelling units. The proposal includes a gross floor area of approximately 10,40 HENDON AVE,18,10228.33,0,10228.33,148,http://app.toronto.ca/AIC/index.do?folderRsn=iPShNmh46XKQU0XOFDq5gw%3D%3D
2007,Built,18 120119 WET 11 OZ,2018-02-22,To amend the City of Toronto Zoning By-law No. 569-2013 and the former City of York Zoning By-law No. 1-83 to permit a 15-storey apartment building containing 126 residential rental units. The proposed residential units are to be affordable rental housin,2346 WESTON RD,5,7041,0,7041,126,http://app.toronto.ca/AIC/index.do?folderRsn=VAVJUn47IdH5rbbXFK5GOw%3D%3D
2008,Built,17 237625 WET 05 OZ,2017-09-22,The proposal is for a new 11-storey mixed-use building with retail at-grade.,859 THE QUEENSWAY,3,15059,1163,16222,187,http://app.toronto.ca/AIC/index.do?folderRsn=lb4joiHXKDrfFhV%2FckBB%2Fw%3D%3D
2009,Built,11 127808 ESC 38 SA,2011-02-16,To construct a rear addition onto the existing Animal Care Centre.,821 PROGRESS AVE,24,0,117,117,0,
2010,Under Review,24 245745 NNY 17 OZ,2024-12-02,"OPA & Rezoning proposes a new residential tower (Building ""A"") with a height of 43-storeys. The proposal contemplates a total gross floor area of 31519.8 square metres and a density of 5.24 Floor Space Index across the gross site area of the Parkside Squ",2135 SHEPPARD AVE E,17,31383,0,31383,463,http://app.toronto.ca/AIC/index.do?folderRsn=%2B7TJAL7iT%2BjIDfAnuG3T5A%3D%3D
2011,Active,25 125960 ESC 25 OZ,2025-03-07,Proposal to construction 47 affordable housing units targeted towards youth. The proposed building is 4 storeys (12.62 metres) tall with a footprint of 658.1 metres squared and a gross floor area of 2347.1 metres squared. 29 parking spaces are proposed.,62 ORCHARD PARK DR,25,2347.1,0,2347.1,47,http://app.toronto.ca/AIC/index.do?folderRsn=WPoO4UcjTK4PGHYR4Bsv%2Bg%3D%3D
2012,Active,15 170269 NNY 23 OZ,2015-06-08,"An application to amend the Official Plan and Zoning By-law to permit a 16 storey 362 unit residential building with ground floor commercial uses fronting on Sheppard Ave West, and 4 storey residential townhouses fronting on Bogert Ave and three levels o",53 SHEPPARD AVE W,18,24439,219,24658,415,http://app.toronto.ca/AIC/index.do?folderRsn=H%2BiF5nMFcP%2Bdl2LdULatyA%3D%3D
2013,Under Review,23 105243 NNY 08 OZ,2023-01-19,Zoning By-law Amendment application to provide standards for the development of two proposed lots. The existing detached dwelling will be maintained and a new detached dwelling is proposed on the new lot.,7 SAGUENAY AVE,8,768.64,0,768.64,0,http://app.toronto.ca/AIC/index.do?folderRsn=R757WLIsMA5PhfCz7SqLkA%3D%3D
2014,Built,15 266271 WET 11 SA,2015-12-17,"Proposal to replace the existing St. John the Evangelist Elementary School. The existing school site has been expanded to accommodate a larger school to service the community within this area, including expanded open space and play areas, parking and inc",23 GEORGE ST,5,0,2603,2603,0,
2015,Active,17 280210 NNY 09 OZ,2017-12-29,"10-storey (40m) mixed-use development incorporating 158 residential condominium units (flr 2-7); ground floor retail; office (8 flr); self-storage (flr 2-7); indoor & outdoor amenity space. 334 vechicular and 151 bicycle parking spaces, and 4 loading spa",3621 DUFFERIN ST,6,15968,30611,46579,158,http://app.toronto.ca/AIC/index.do?folderRsn=kCGJFPUiTwDTff51DAW4xA%3D%3D
2016,Built,14 133253 ESC 44 SA,2014-03-25,"An application for Site Plan Approval to permit a 5-storey seniors oriented apartment building with 14 units. 15 parking spaces are proposed in a parking area located at the rear of the site, including one accessible parking space.",61 ORCHARD PARK DR,25,1813.52,82.03,1895.55,14,
2017,Under Review,24 166703 STE 12 OZ,2024-06-18,"Combined Official Plan & Zoning By-law Amendment for a 65-storey mixed-use building with a height of 206 metres (excluding the mechanical penthouse). The proposed building will include approximately 998 square metres of retail space, 46,476.79 square met",2323 YONGE ST,12,46477,998,47475,784,http://app.toronto.ca/AIC/index.do?folderRsn=XMqnMmlIb%2FOMbxovRXcsxA%3D%3D
2018,Active,17 261931 STE 22 OZ,2017-11-14,"The Revised Proposal seeks an amendment to the Zoning By-laws to permit the development of a 35-storey mixed use building on the Subject Site, including a 26-storey residential tower element atop a nine-storey podium, with non-residential uses at grade a",808 MOUNT PLEASANT RD,12,48697,802,49499,889,http://app.toronto.ca/AIC/index.do?folderRsn=b67vPUrtmrkbqUxqwKnb0A%3D%3D
2019,Built,16 163131 NNY 23 SA,2016-05-27,Construct two 4-storey (rental) apartment buildings with a total of 74 dwelling units.,120 SHEPPARD AVE E,18,5000,0,5000,74,http://app.toronto.ca/AIC/index.do?folderRsn=RIf6d43TpbnP4S%2BpBGpgYw%3D%3D
2020,Built,16 268887 NNY 09 SA,2016-12-20,"((Temporary Address - 27 Frederick Tisdale Drive))155 town house development on Blocks 1,2,3 and 6 Block G District Plan (Stanley Greene). Please note that a seperate application (File 16-268941 NNY 09 SA) has been filed for the related Stacked Townhouse",80 CARL HALL RD,6,46105.9,0,46105.9,155,http://app.toronto.ca/DevelopmentApplications/associatedApplicationsList.do?action=init&folderRsn=4082536&isCofASearch=false
2021,Active,20 149566 STE 04 SA,2020-05-27,Site Plan Approval for a 13-storey residential tower containing 174 dwelling units with 4 units of non-residential gross floor area at-grade. A total of 101  parking spaces are provided within four levels of underground parking.,1660 BLOOR ST W,4,12116,315,12431,174,http://app.toronto.ca/AIC/index.do?folderRsn=VoETJ%2B2I6wNTtGGW8beQSQ%3D%3D
2022,Active,21 227683 NNY 18 OZ,2021-10-19,"Official Plan and Zoning By-law Amendment application to facilitate the redevelopment of the site for a 29-storey residential building having a gross floor area of 26,745 square metres, and containing 350 residential dwelling units. The existing 3-storey",31 FINCH AVE E,18,24150.3,0,24150.3,379,http://app.toronto.ca/AIC/index.do?folderRsn=yeOSgNONXG0U5tYgSyet%2Bw%3D%3D
2023,Under Review,21 151444 STE 09 OZ,2021-05-07,"Zoning By-law Amendment application to facilitate the development of 3 residential towers having height of 29, 25, and 20 storeys atop two podiums.  A total of 892 residential dwelling units are proposed, of which, 33 units are rental replacement units.",221 STERLING RD,9,54247.3,464.5,54711.8,851,http://app.toronto.ca/AIC/index.do?folderRsn=DFKGLd3CrXISfdqOPN52vA%3D%3D
2024,Active,25 105482 WET 01 OZ,2025-01-16,City-Initiated Zoning By-law Amenment for a four-storey residential building containing 51 supportive dwelling units.,7 WARDLAW CRES,1,2742.4,0,2742.4,51,http://app.toronto.ca/AIC/index.do?folderRsn=bkEIx0oDCAlmlXYrqsDfig%3D%3D
2025,Active,18 150482 NNY 10 SA,2018-04-30,"Site plan application for Phase 2 to permit a 16 storey mixed-use building with a total gross floor area of 26,495 square metres and a total of residential 408 units. The development proposal includes a 4 metre wide area along the northern boundary of th",6 TIPPETT RD,6,25156,1339,26495,408,http://app.toronto.ca/AIC/index.do?folderRsn=MbyGT3orRqlG685A8DmNQA%3D%3D
2026,Active,12 296188 NNY 10 OZ,2012-12-19,A proposed 12-storey residential building with 78 units and 73 underground parking spaces.  This site was previously rezoned to permit a 10-storey residential building with 56 units and 67 underground parking spaces.  This application is intended to amen,591 FINCH AVE W,6,0,6409.8,6409.8,0,
2027,Built,16 268941 NNY 09 SA,2016-12-20,((Temporary Address - 27 Frederick Tisdale Drive)) 50 unit stacked towns Blocks 4 and 5 on Block G. (Stanley Greene). Please note that a seperate application (File 16-268887 NNY 09 SA) has been filed for the related 155 town house development on Blocks 1,80 CARL HALL RD,6,6482,0,6482,50,http://app.toronto.ca/DevelopmentApplications/associatedApplicationsList.do?action=init&folderRsn=4082611&isCofASearch=false
2028,Under Review,21 177893 STE 12 OZ,2021-06-30,"Official Plan and Zoning By-law Amendment to facilitate the development of the site for a 24-storey residential building having a gross floor area of 17,326 square metres, and containing 223 dwelling units.  138 vehicle parking spaces and 236 bicycle par",438 AVENUE RD,12,17885,0,17885,220,http://app.toronto.ca/AIC/index.do?folderRsn=khYm%2FYam8oJfJ5BOlPtF3A%3D%3D
2029,Built,15 113064 NNY 25 OZ,2015-02-06,"The application originally proposed to rezone the site to permit two 4-storey stacked townhouse blocks, plus rooftop amenity area, comprised of 80 residential units with a residential gross floor area of 8,604 square metres.  LPAT approved two 4-storey s",214 KEEWATIN AVE,15,5290,0,5290,36,http://app.toronto.ca/AIC/index.do?folderRsn=T%2FgJ2zdWnuJlirMJd%2BYfQg%3D%3D
2030,Under Review,25 140561 NNY 16 OZ,2025-04-07,"Zoning By-Law Amendment for retrofit and adaptive reuse of the existing 15-storey office building to create a rental apartment development. The project will accommodate 331 loft-style rental apartment units, primarily family-sized, along with approximate",250 FERRAND DR,16,23885.33,0,23885.33,331,http://app.toronto.ca/AIC/index.do?folderRsn=gVMBwtpZ9Zl9JmdGw5HyJA%3D%3D
2031,Built,17 225847 STE 20 OZ,2017-08-31,"Zoning By-law Amendment application to facilitate the redevelopment of the site with a 29-storey (100.5)  mixed-use building with a two storey street-related base building: 346 dwelling units, total combined gross floor area of approximately 22,966 squar",292 DUNDAS ST W,11,22544,1862,24406,382,http://app.toronto.ca/AIC/index.do?folderRsn=21kRAl3WpQmG3FYVMudQJQ%3D%3D
2032,Active,21 181257 STE 10 OZ,2021-07-08,"Official Plan & Zoning By-law Amendment application for an 18-storey mixed-use building having a non-residential gross floor area of 585 square metres, and a total of 216 residential dwelling units.",164 BATHURST ST,10,22565.43,582.12,23147.55,384,http://app.toronto.ca/AIC/index.do?folderRsn=XyJBATm4uU0jePj%2FYiPiCw%3D%3D
2033,Under Review,21 251348 STE 14 OZ,2021-12-24,"A 10 storey building adding to, and modifying, the existing heritage church building onsite.  4,892.98 square metres of residential gross floor area (GFA) are proposed, as well as 683 square metres of non-residential space to be allocated to the church c",415 BROADVIEW AVE,14,3886,0,3886,49,http://app.toronto.ca/AIC/index.do?folderRsn=K2n6J9GzI354xMURtuibOg%3D%3D
2034,Active,20 219407 NNY 06 OZ,2020-11-17,Official Plan and Zoning By Law Amendment Application to permit the proposal for a 26 storey mixed use building.,4926 BATHURST ST,6,23829,900,24729,349,http://app.toronto.ca/AIC/index.do?folderRsn=KEAaZ6EVj89fOxKECDqYTg%3D%3D
2035,Under Review,21 109901 ESC 25 SB,2021-01-28,"Concurrent Draft Plan of Subdivision and Site Plan Applications to create new blocks for residential and commercial development with new municipal roads, a parkland block, and a natural heritage buffer block. Development comprises of a new one-storey com",9940 SHEPPARD AVE E,25,37355,0,37355,428,http://app.toronto.ca/AIC/index.do?folderRsn=5jz42z4cGCo72192SviDZw%3D%3D
2036,Active,21 113721 NNY 17 OZ,2021-02-08,"Official Plan and Zoning By Law Amendment application to permit the proposal for a 23-storey residential building containing a 5-storey podium fronting onto Talara Drive. The proposal includes a total of 281 residential dwelling units, including 29 renta",71 TALARA DR,17,27730.1,0,27730.1,385,http://app.toronto.ca/AIC/index.do?folderRsn=OwFTZ6OQ%2BRcfC8de0nwD3w%3D%3D
2037,Under Review,22 185154 STE 13 OZ,2022-08-03,"The application proposes to amend the Official Plan and Zoning By-law to permit a 56-storey mixed use building containing 394 residential dwelling units, 205 square metres of retail space, and 0 car parking spaces.",15 TORONTO ST,13,25711,205,25916,394,http://app.toronto.ca/AIC/index.do?folderRsn=azLt9iEWlwkPs7d07KONqg%3D%3D
2038,Under Review,23 125661 NNY 16 SA,2023-03-22,"Site Plan Application in relation to (OPA), Zoning By-Law Amendment (ZBA), and Draft Plan of Subdivision (SUB) applications (22 187482 NNY 16 OZ and 22 188139 NNY.",7 ST DENNIS DR,16,28276,0,28276,474,http://app.toronto.ca/AIC/index.do?folderRsn=QwserswqjeIRLDKxsWvlYQ%3D%3D
2039,Under Review,20 187617 NNY 06 OZ,2020-10-07,Zoning By Law Amendment application to permit a 12-storey residential building containing 210 dwelling units and 63 parking spaces in underground level.,4700 BATHURST ST,6,15635,0,15635,210,http://app.toronto.ca/AIC/index.do?folderRsn=j82uoVYs804nLtve8MVz2g%3D%3D
2040,Built,16 130337 WET 03 OZ,2016-03-21,"Proposed amendments to the Etobicoke Zoning Code and By-law 569-2013 to permit the development of a total of 88 rental units within three, 3-storey buildings containing 30 multiple attached units plus a 6-storey mid-rise apartment building containing 58",70 DIXFIELD DR,2,5272.61,0,5272.61,42,http://app.toronto.ca/AIC/index.do?folderRsn=pBNcHWc9YIxVs17BJbyiTA%3D%3D
2041,Active,14 223583 STE 30 OZ,2014-09-17,"Rezoning application for a 7-storey mixed-use building containing commercial uses on the ground floor and  residential units above. The proposal is also subject to Site Plan Application No. 14 223587 STE 30 SA, which is being processed concurrently with",763 QUEEN ST E,14,2911,155,3066,28,http://app.toronto.ca/AIC/index.do?folderRsn=NNyqIoCb0MLzKVdfTRTiAQ%3D%3D
2042,Active,22 243087 STE 13 OZ,2022-12-29,"This application proposes to amend the Official Plan and Zoning By-law to permit a 56-storey residential building, containing 532 dwelling units, including 55 rental replacement units.",34 MAITLAND ST,13,38200,0,38200,532,http://app.toronto.ca/AIC/index.do?folderRsn=ansnCb%2BcD0%2BREvhlmSYjdw%3D%3D
2043,Under Review,24 252497 NNY 15 OZ,2024-12-20,"Rezoning Application to permit a transit supportive mixed-use development featuring three towers of 32, 37 and 43 storeys, A total of 1,201 dwelling units and 419 parking spaces.  Provision of both purpose-built rental and condominium units 84,134 square",660 EGLINTON AVE E,15,83512.9,1986.3,85499.2,1199,http://app.toronto.ca/AIC/index.do?folderRsn=%2BEycsSrDyweiRKEua%2F6ozA%3D%3D
2044,Active,21 247109 STE 04 OZ,2021-12-10,"Zoning by-law amendment application to facilitate the redevelopment of the site for an 8-storey mixed-use building having a non-residential gross floor area of 230 square metres, and a residential gross floor area of 7949 square metres.  88 residential d",3239 DUNDAS ST W,4,8692,103,8795,127,http://app.toronto.ca/AIC/index.do?folderRsn=y%2B6qGy7mUdBX8OCipntGkQ%3D%3D
2045,Under Review,22 130742 WET 05 SA,2022-04-05,Site Plan Application proposes an expansion of 2429 sq.m to an existing industrial building with a ground floor area of 6290 sq.m. The total area of the industrial building would be 8719 sq.m.,100 INDUSTRY ST,5,0,2438,2438,0,http://app.toronto.ca/AIC/index.do?folderRsn=FoEWT1yB%2FwRo%2B2UHjmceXA%3D%3D
2046,Built,19 215798 STE 13 SA,2019-09-04,Site Plan Approval Application for proposed four-storey Indigenous Community Health Centre (Phase A);  a 13-storey mixed-use building comprised of 206 condo dwelling units and 912 square metres of non-residential gfa; an 11-storey mixed use building comp,425 CHERRY ST,13,30543,10617,41160,443,http://app.toronto.ca/AIC/index.do?folderRsn=1%2FdjmMBviws78UKJsjjlVg%3D%3D
2047,Under Review,23 106996 ESC 23 SA,2023-01-25,The proposed development currently contemplates three industrial warehouse buildings with associated office areas.,5280 FINCH AVE E,23,0,25576,25576,0,http://app.toronto.ca/AIC/index.do?folderRsn=I7dk1GTn%2Bx6z6c%2FUXeSIuA%3D%3D
2048,Active,19 124138 STE 19 OZ,2019-03-11,Zoning By-Law Amendment to permit two residential towers including a 26-storey (84.0 metres excluding mechanical penthouse) and a 33-storey (104.54 metres excluding mechanical penthouse) atop a shared 7 storey mixed-use podium (25.7 metres) containing re,10 DAWES RD,19,40396,2559,42955,631,http://app.toronto.ca/AIC/index.do?folderRsn=qv7YHdz8DEjD6%2BHSLq%2FSpw%3D%3D
2049,Built,14 117666 NNY 09 SA,2014-02-14,Proposal for 68 units (56 freehold townhouses subject to common element condominium and 12 freehold  semi-detached dwellings) on Block F (Blocks 37 & 38) of a draft-approved Plan of Subdivison (Stanley Greene Phase 1).,2995 KEELE ST,6,11199.55,0,11199.55,68,
2050,Under Review,25 118974 ESC 24 SA,2025-02-19,Toronto Transit Commission (TTC) is proposing to redevelop the existing TTC McCowan Yard into a new two-storey  Administration Building with accompanying surface parking. The proposed Administration Building will support future TTC operations.,1720 ELLESMERE RD,24,0,8098.95,8098.95,0,http://app.toronto.ca/AIC/index.do?folderRsn=o6T%2B5rG%2B%2FH0iQrkOs%2FK6lQ%3D%3D
2051,Under Review,22 236199 ESC 20 SA,2022-12-05,"Site Plan approval for a 6-storey building addition to the existing 6-storey building on the subject site (Midland Garden Care Community), in conjunction with interior alterations to the existing building. A total of 320 long-term care beds will be provi",130 MIDLAND AVE,20,0,8524.58,8524.58,0,http://app.toronto.ca/AIC/index.do?folderRsn=%2BLGGLgbz7bYEI3bfsZaEAw%3D%3D
2052,Active,23 146704 ESC 25 OZ,2023-05-16,"Official Plan and Zoning By-law Amendment application for an eight-storey residential building with a total of 175 residential units, 74 parking spaces and 120 bicycle spaces. The proposed development has a total gross floor area of 11,130 square metres.",1650 MILITARY TRL,25,10469,0,10469,101,http://app.toronto.ca/AIC/index.do?folderRsn=C2L0Dcet6PqOkV95VTYfEQ%3D%3D
2053,Under Review,24 235116 WET 03 OZ,2024-11-05,"Application to amend the Zoning By-law to permit a 42-storey (137.8-metre, plus a 6-metre mechanical penthouse) mixed-use building with 462 dwelling units, and a minimum non-residential gross floor area of 95 square metres. A POPS totaling 32 square metr",5280 DUNDAS ST W,3,28474.5,95.3,28569.8,462,http://app.toronto.ca/AIC/index.do?folderRsn=CUCqCyv2TX1fErhSY6MAYA%3D%3D
2054,Active,22 218732 WET 05 OZ,2022-10-18,Proposal to construct a new 42 storey mixed-use building with commercial uses at grade.,21 JOHN ST,5,34259.62,261.6,34521.22,540,http://app.toronto.ca/AIC/index.do?folderRsn=AQFh%2FwqP%2FLjFE5YF5it0Lw%3D%3D
2055,Built,19 148964 STE 10 SA,2019-05-03,"Proposal for a 17-storey building with commercial uses at-grade and residential uses on the upper floors. This application is associated with rezoning application 15-193651 STE 04 OZ, which also includes the property at 1221 King Street West, which is un",1182 KING ST W,10,29499,2049,31548,410,http://app.toronto.ca/AIC/index.do?folderRsn=lHKS9aPpEbAitM8bUEGdkA%3D%3D
2056,Active,20 161237 ESC 21 OZ,2020-06-29,"Official Plan and Zoning By-law Amendment application to permit the redevelopment of the site with a 40-storey mixed use building that would include 387 residential units, two levels of underground parking with 187 vehicle parking spaces, 699 square metr",1910 EGLINTON AVE E,21,29239.624,2778.02,32017.644,387,http://app.toronto.ca/AIC/index.do?folderRsn=kHI3iPLpKn%2Br0FC5arXUUg%3D%3D
2057,Under Review,16 260867 NNY 23 OZ,2016-12-06,"Zoning by-law amendment application to permit a 4-storey residential apartment building with 41 residential units and 2,447 square metres of residential GFA. The application also proposes 20 vehicular parking spaces and 31 bicycle parking spaces.",240 FINCH AVE W,18,2446.9,0,2446.9,41,http://app.toronto.ca/AIC/index.do?folderRsn=2bX03BWIDXPmoC6FiniTpw%3D%3D
2058,Active,24 208560 STE 11 OZ,2024-09-05,Proposed 11-storey addition that will add 168 long-term care beds and 30 assisted living units at the north end of the existing long-term care home for seniors.,55 BELMONT ST,11,0,18458,18458,198,http://app.toronto.ca/AIC/index.do?folderRsn=Y3B%2FDbOylzv776x9%2F0kH1g%3D%3D
2059,Active,19 263939 ESC 23 OZ,2019-12-20,"Redevelopment of lands for a 4-storey mixed-use buiding, commercial ground floor and residential above.",900 MIDDLEFIELD RD,23,4943.16,199,5142.16,48,http://app.toronto.ca/AIC/index.do?folderRsn=omZrjWKGMvWwBoC8nUfK6A%3D%3D
2060,Under Review,23 231968 ESC 20 SA,2023-12-01,Feeley Group is proposing to redevelop the subject site with an 8-storey mixed-use building. The subject site is currently comprised of four semi-detached residential dwellings fronting the south side of Kingston Road and the west side of Blantyre Avenue,1119 KINGSTON RD,20,3931,69,4000,58,http://app.toronto.ca/AIC/index.do?folderRsn=DJD4P3MpLQPt78q9%2FgPtrw%3D%3D
2061,Active,21 251071 WET 03 OZ,2021-12-23,"Official Plan and Zoning By-law Amendment application proposing to permit a 50-storey mixed use development with a 3-storey podium. The building has 34,590 sm of gross floor area containing 552 dwelling units and 170 sm of ground floor retail space. .",5251 DUNDAS ST W,3,34641,170,34811,552,http://app.toronto.ca/AIC/index.do?folderRsn=kLqm9DDZDnfc04QSHgZigg%3D%3D
2062,Built,13 277902 WET 02 OZ,2013-12-13,The Development of 18 new low-rise commercial buildings and a gas bar supported by surface parking.,2200 ISLINGTON AVE,1,0,45633,45633,0,http://app.toronto.ca/AIC/index.do?folderRsn=HP4eTqAfyqDWToTJtA3J2g%3D%3D
2063,Active,19 236107 ESC 23 OZ,2019-10-15,Proposed development of vacant lands for three multi-tenanted industrial buildings.,3250 MARKHAM RD,23,0,34483,34483,0,http://app.toronto.ca/AIC/index.do?folderRsn=ZVD2u98knwnAZxPeiDR5fQ%3D%3D
2064,Active,24 170605 ESC 23 OZ,2024-06-26,"Rezoning application to permit a 13-storey long-term care facility with 378 beds, amenity space and ancillary uses that would result in a gross floor area of 40,020 square metres. A total of 100 + 25 EV vehicular parking spaces, and 24 bicycle parking sp",4610 FINCH AVE E,23,0,40020,40020,0,http://app.toronto.ca/AIC/index.do?folderRsn=iQVZHbAOw1FqMKwgcGfskg%3D%3D
2065,Active,22 189358 STE 13 OZ,2022-08-11,"The application proposes to amend the Zoning By-law to permit a 46 storey mixed use building containing  437 residential dwelling units, 400 square metres of retail gross floor area, and 1 car-share parking space.",185 KING ST E,13,28561,430,28991,437,http://app.toronto.ca/AIC/index.do?folderRsn=okGlA6Bwm6qVQxClRIpyAw%3D%3D
2066,Built,19 224126 WET 03 SA,2019-09-19,To demolish the existing five non-residential buildings and construct a one-storey industrial building to be used for warehouse and ancillary offices.,121 THIRTIETH ST,3,0,26104,26104,0,http://app.toronto.ca/AIC/index.do?folderRsn=%2BRs5yzT6Zgh22Wgn8qPLnA%3D%3D
2067,Built,15 170321 NNY 34 OZ,2015-06-08,"Resubmission Form Oct 6, 2015 - The applicant proposes to construct four blocks of stacked back-to-back four-storey townhouses, having a total of 179 residential units.  Also proposed are 205 vehicular parking spaces, of which 35 are proposed to be visit",1648-1682 VICTORIA PARK AVE,16,15333,0,15333,147,http://app.toronto.ca/AIC/index.do?folderRsn=9OabWvRlqnKBa6UXcI%2F8Dw%3D%3D
2068,Active,23 232890 ESC 22 SA,2023-12-05,"The applicant proposes a logistics hub / warehouse.  The site area is 124,659.4 square metres.  The proposal is a phased development which would include one industrial warehouse with accessory office uses; total GFA is 41,824.60 square metres and height",3550 PHARMACY AVE,22,0,41824.6,41824.6,0,http://app.toronto.ca/AIC/index.do?folderRsn=e53ntI1tZPPTKE5QKsj2JA%3D%3D
2069,Active,20 230438 STE 12 OZ,2020-12-18,"Proposal for 21-storey residential building with 167 new rental units, in addition to maintaining the 185 rental units in the existing apartment building. Approximately 12493 square metres of new residential GFA is proposed, resulting in an overall FSI o",190 SOUDAN AVE,12,15231,0,15231,194,http://app.toronto.ca/AIC/index.do?folderRsn=NipFr%2Byj5w7d7u%2FZbs7Tyw%3D%3D
2070,Active,23 107528 ESC 21 SA,2023-01-26,"Site Plan Approval for a 7-storey mixed-use (office/residential) with a total GFA of 4,372 square metres of above ground area and one level of underground parking totaling 1,351 square metres. This development is seeking submission into the Mayor's Open",1731 LAWRENCE AVE E,21,4371.77,0,4371.77,95,http://app.toronto.ca/AIC/index.do?folderRsn=PEUeGeXsS6E3UbkyUjmuSg%3D%3D
2071,Under Review,25 129087 STE 12 OZ,2025-03-14,"Combined Official Plan & Zoning By-law Amendment for a 45-storey mixed-use residential building, which includes the partial retention of the existing heritage building at 170 Merton Street. Overall, the proposal includes a total of 531 residential dwelli",170 MERTON ST,12,35727,211,35938,531,http://app.toronto.ca/AIC/index.do?folderRsn=dDqtkvt2ELooYfyLBV6p3A%3D%3D
2072,Active,24 231134 STE 12 OZ,2024-10-25,"Proposal for a 40-storey mixed use purpose built rental building with 494 dwelling units, of which 30% will be affordable rental units. A total gross floor area (GFA) of 31,321 m2 is proposed, including 132 m2 of ground floor non-residential GFA.",275 MERTON ST,12,31205,155,31360,494,http://app.toronto.ca/AIC/index.do?folderRsn=3tFLUtkwj0qFZKbOigmzgw%3D%3D
2073,Active,23 138819 STE 09 OZ,2023-04-27,Proposed St. Clair - Old Weston SmartTrack (GO) station. Two new station entrance buildings with below grade connections to station platforms within the Metrolinx rail corridor and a new TTC bus loop with 7 bus bays that can accomodate 3 articulated buse,2 UNION ST,9,0,1383.59,1383.59,0,http://app.toronto.ca/AIC/index.do?folderRsn=N4pq%2BIzoz3XYlC0zP28zVw%3D%3D
2074,Built,17 145887 NNY 34 OZ,2017-04-19,"A 222 unit , 4 four storey stacked, back to back town house proposal  with 1 storey below grade parking structure.  234 parking spaces are proposed.",71 CURLEW DR,16,18562,0,18562,222,http://app.toronto.ca/AIC/index.do?folderRsn=uNbhECjiIZUtmK0FcKEYvg%3D%3D
2075,Built,13 281025 WET 17 OZ,2013-12-23,"This application at 177 Caledonia Road and 19 Innes Avenue proposes to redevelop the former Hughes Public School site with 14 semi-detached dwellings fronting Caledonia Road, 14 semi-detached dwellings fronting McRoberts Avenue, and 10 semi-detached and",177 CALEDONIA RD,9,10273,0,10273,41,
2076,Active,23 179625 WET 01 SA,2023-07-25,"The proposal contemplates the intensification of the existing industrial use by incorporating a ready-mix concrete batching plant to the east of the existing one-storey industrial building. In addition, the proposal will include outdoor aggregate storage",175 BETHRIDGE RD,1,0,339,339,0,http://app.toronto.ca/AIC/index.do?folderRsn=HJpvPkMiBCl%2BnhMadabCnA%3D%3D
2077,Active,19 191585 WET 02 OZ,2019-07-18,"Application to amend City-wide Zoning By-law No. 569-2013 and the former City of Etobicoke Zoning Code  to permit a new 19-storey residential rental building proposed on the southern portion of the subject site, consisting of 191 rental units and a total",340 MILL RD,2,17689.9,0,17689.9,215,http://app.toronto.ca/AIC/index.do?folderRsn=wpLmwivx%2FVOLOnHHtav7ZQ%3D%3D
2078,Active,20 230569 STE 13 OZ,2020-12-18,This application proposesto amendthe ZoningBy-lawsto permita53-storeymixed  use developmentincluding ground floor commercial uses and  594 dwellingunits with atotal gross floor area of 36338 square metres,241 CHURCH ST,13,36143,247,36390,594,http://app.toronto.ca/AIC/index.do?folderRsn=TfHbPNDuAn3dHrDnFxzrHA%3D%3D
2079,Active,24 129405 NNY 17 OZ,2024-03-25,Official Plan Amendment and Zoning By-law Amendment applications to permit a 44- and 39-storey mixed use development at 1001 Sheppard Avenue East. The development proposes to incorporate an elementary school for the Toronto Catholic District School (TCDS,1001 SHEPPARD AVE E,17,60521.02,4927.82,65448.84,929,http://app.toronto.ca/AIC/index.do?folderRsn=JPOAhPfswlUKcGwGsg0r8w%3D%3D
2080,Under Review,18 272231 ESC 22 OZ,2018-12-27,"Multi-phased, high density, mixed use development including 2,009 residential dwelling units and new office commercial uses on 6 blocks of land on Cowdray Court. Grade related and mid-rise buildings along with five apartment towers ranging in height from",20 COWDRAY CRT,22,165152,2238,167390,2157,http://app.toronto.ca/AIC/index.do?folderRsn=7FWouDSWkcjdTG%2F3GtN7cg%3D%3D
2081,Under Review,24 126134 ESC 21 OZ,2024-03-15,"The proposal contemplates the addition of three buildings with 44-, 35- and 9-storeys in height on the eastern portion of the subject site while retaining the existing 12-storey apartment building. Building A and B will be connected with a podium ranging",123 BELLAMY RD N,21,74441,0,74441,978,http://app.toronto.ca/AIC/index.do?folderRsn=bWXdn8%2F5V5IbE%2F6mi%2BR5EA%3D%3D
2082,Built,17 211689 STE 20 OZ,2017-08-04,"Zoning By-law Amendment application to facilitate redevelopment of the site for a 19-storey residential/mixed-use building (19 storeys), with a total of 309 residential units: 18311 sq. m. residential GFA and 395 square metres of retail/service commercia",193 MC CAUL ST,11,18311,395,18706,309,http://app.toronto.ca/AIC/index.do?folderRsn=XjQsD%2F42FMxA8QWqFThOeA%3D%3D
2083,Under Review,22 176958 STE 12 SA,2022-07-14,"Site Plan Application for proposed 21-storey buidling and three-levels of underground parking, excluding mechanical penthouse. The proposal includes 11,242.7 square metres of residential and 237.4 square metres of retail use. The building includes 139 un",191 EGLINTON AVE E,12,11243,237,11480,139,http://app.toronto.ca/AIC/index.do?folderRsn=ixrXvYro1LfOCSi%2FY5uX%2FQ%3D%3D
2084,Active,19 199383 NNY 18 OZ,2019-08-01,"Official Plan Amendment, Zoning By-Law Amendment and Site Plan application (File No. 19-199394 NNY 18 SA) to construct an eating establishment with zero parking spaces and an outdoor patio.",10 ELMWOOD AVE,18,0,199.69,199.69,0,http://app.toronto.ca/AIC/index.do?folderRsn=qOsXri5mHw6pSLhyFx1N2w%3D%3D
2085,Under Review,25 120011 STE 12 OZ,2025-02-21,Zoning By-law Amendment for 9 townhouse dwelling units in two blocks.,861 AVENUE RD,12,2387,0,2387,9,http://app.toronto.ca/AIC/index.do?folderRsn=6kVao8yZHIndbvGcg%2FV%2BEw%3D%3D
2086,Under Review,24 194913 STE 14 OZ,2024-08-08,"Zoning By-law Amendment to permit a 14-storey (46.6m excluding mechanical penthouse) mixed-use building. A total of 166 dwelling units proposed, with 10,980.4m2 of GFA (10,870.9m2 residential, 109.5m2 of non-residential).",26 LAING ST,14,11168.3,111.6,11279.9,170,http://app.toronto.ca/AIC/index.do?folderRsn=Za2pATwvtR0GBe%2FoM3TyXg%3D%3D
2087,Active,19 156707 WET 03 OZ,2019-05-21,"To construct an 11-storey mixed-use residential building with a total gross floor area of 16,125 m2. Vehicular site access would be provided via Queen Elizabeth Boulevard.",933 THE QUEENSWAY,3,13936.56,617.07,14553.63,210,http://app.toronto.ca/AIC/index.do?folderRsn=dzZ5FxwTSIA9KoMCMwzc7A%3D%3D
2088,Built,15 218429 STE 20 OZ,2015-09-04,"Revised submission for a proposed zoning by-law amendment for mixed use development with three buildings containing office, retail and residential uses.",234 SIMCOE ST,10,61198,7105,68303,899,http://app.toronto.ca/DevelopmentApplications/associatedApplicationsList.do?action=init&folderRsn=3819690&isCofASearch=false
2089,Built,17 181165 STE 19 OZ,2017-06-15,"Zoning By-law Amendment to permit an 8-storey mixed-use building, with a total height of 25.72 metres including wrapped mechanical penthouse, containing 99 dwelling units, 455 square metres of retail space on the ground floor and a total of 28 parking sp",1200 DUNDAS ST W,9,6247.1,355,6602.1,115,http://app.toronto.ca/AIC/index.do?folderRsn=EmO%2FW3aXPlw%2FU8735D28Cw%3D%3D
2090,Under Review,24 243837 WET 05 OZ,2024-11-27,Proposal to redevelop the subject site with a 39-storey residential tower and 436 units.,16 WILBY CRES,5,27547,0,27547,436,http://app.toronto.ca/AIC/index.do?folderRsn=2lH%2FHCTd6uQYbRb53dQUPQ%3D%3D
2091,Under Review,25 151849 STE 09 OZ,2025-04-30,"Zoning By-law Amendment for an 11-storey mixed-use building. The proposal is comprised of approximately 10,776.3 square metres of gross floor area (""GFA""), resulting in a density of approximately 5.59 Floor Space Index (""FSI""). The proposal includes appr",1648 DUPONT ST,9,10434.6,341.7,10776.3,163,http://app.toronto.ca/AIC/index.do?folderRsn=FgjQlRVeFEK%2FkHvxDkf4xg%3D%3D
2092,Active,14 137827 ESC 44 OZ,2014-04-03,"REVISED: The applicant has acquired and added 7 and 11 Franklin Avenue to 6175, 6183 Kingston Road & 1, 2, 4, 5 and 10 Franklin Avenue to facilitate the redevelopment of the new subject site with 16 townhouses, 20 semi-detached dwellings and 8 detached d",6175 KINGSTON RD,25,8350.03,0,8350.03,44,http://app.toronto.ca/AIC/index.do?folderRsn=DguKCktZqbR4J72qtaP9yA%3D%3D
2093,Under Review,19 121813 STE 10 SA,2019-03-05,Site Plan Application to permit a 3-storey mixed use building containing 4 residential units and retail at grade.,26 OSSINGTON AVE,10,667,124,791,4,http://app.toronto.ca/AIC/index.do?folderRsn=2%2BOnwRsvTHKV%2BG0dxHJEXg%3D%3D
2094,Active,18 135022 STE 20 SA,2018-03-27,Site Plan Approval application to allow the redevelopment of the site for a 3-storey non-residential building to house the Estonian Centre,9 MADISON AVE,11,0,2508,2508,0,http://app.toronto.ca/AIC/index.do?folderRsn=0c5qdmoM%2F%2BdnuA4M%2FJy4tg%3D%3D
2095,Built,21 231411 ESC 22 SA,2021-10-28,To expand the one-storey industrial building.,3751 VICTORIA PARK AVE,22,0,10498.5,10498.5,0,http://app.toronto.ca/AIC/index.do?folderRsn=LMboci%2BmkjG5DstSHxQdBQ%3D%3D
2096,Active,13 240860 ESC 37 SA,2013-09-24,"Site Plan Control application for a place of worship to be developed in two phases. The first phase consists of completing an existing, partially-constructed building for a place of worship on the southern portion of the site fronting Canadian Road. The",441 ELLESMERE RD,21,0,6764,6764,0,
2097,Under Review,22 234887 NNY 06 OZ,2022-11-30,"Application to amend the Official Plan and Zoning By-law to allow a three storey non-residential building with gross floor area of 5,148 square metres for vehicle dealership and service shop and other service uses.",3501 DUFFERIN ST,6,0,5148,5148,0,http://app.toronto.ca/AIC/index.do?folderRsn=hqHtuNCz%2B81j4c%2Bvd5GB1A%3D%3D
2098,Active,22 140164 STE 09 SA,2022-04-29,"Site Plan Approval for an 8-storey residential building having a gross floor area of 2643.5 square metres, and containing 56 affordable dwelling units.",1141 BLOOR ST W,9,2837,0,2837,56,http://app.toronto.ca/AIC/index.do?folderRsn=b3CIuDnRwl3gvt568DKhtg%3D%3D
2099,Active,16 188179 STE 28 OZ,2016-07-11,"Rezoning application for a 41-storey, plus mezzanine levels mixed use building consisting of 428 residential units, 81 square metres of retail gross floor area  and 154 parking spaces in a 4-level underground garage.",31 PARLIAMENT ST,10,32914.45,134.12,33048.57,467,http://app.toronto.ca/AIC/index.do?folderRsn=L50CScxz8TYILdssqgU9DQ%3D%3D
2100,Active,23 230561 NNY 18 OZ,2023-11-28,Official Plan & Zoning By-law Amendment application for a 44-storey mixed use building containing 513 residential units and 372 square metres of ground level retail space.,461 SHEPPARD AVE E,18,28703,372,29075,514,http://app.toronto.ca/AIC/index.do?folderRsn=l6Q1xeMCrQxpee9JzO71GQ%3D%3D
2101,Under Review,20 233478 NNY 18 OZ,2020-12-23,"Revised zoning by-law amendment application and new site plan submission to permit a 12-storey (originally 14-storeys) residential apartment building. The proposal would contain a total of 195 (originally 220) residential units and 14,339m2 (originally 1",6035 BATHURST ST,18,14739,65,14804,205,http://app.toronto.ca/AIC/index.do?folderRsn=aUc1diqYVT09osLwGXpdDg%3D%3D
2102,Active,22 168175 NNY 15 OZ,2022-06-27,"Proposed Development is comprised of a 14-storey residential and commercial mixed-use building with 207 dwelling units and two levels of underground parking.  A total of 14,299 square metres of GFA are proposed, including 468 square metres of commercial",503 EGLINTON AVE E,15,14274,461,14735,217,http://app.toronto.ca/AIC/index.do?folderRsn=gSkHHjoJeXp6nCvgEptAGQ%3D%3D
2103,Built,11 330323 NNY 33 OZ,2011-12-22,"Revised application proposes 121 rental dwelling units on the northern portion of the site in five, 4-storey buildings comprising 87 back-to-back stacked  townhouse units and 34 apartment units and proposes 642 condominium dwelling units on the southern",1 ADRA VILLAWAY,17,67732.7,0,67732.7,614,
2104,Under Review,25 139446 WET 02 OZ,2025-04-04,"The proposed development is for a three-storey residential development with 72 units with a total above-grade residential gross floor area of approximately 7,496 square metres, and a proposed density of 1.56 times the lot area. A total of 88 vehicular pa",1455 ROYAL YORK RD,2,7495.71,0,7495.71,72,http://app.toronto.ca/AIC/index.do?folderRsn=mj6TElGc8Pqweuh03DyW9w%3D%3D
2105,Built,21 136188 NNY 06 SA,2021-04-06,"Site Plan application for a two-storey new bulk manufacturing facility (known as B200) to be located in the western quadrant of the campus with a total Gross Floor Area (GFA) of 18,099 m2, of which 1,039 m2 correspond to office use. A demolition permit h",1755 STEELES AVE W,6,0,18099,18099,0,http://app.toronto.ca/AIC/index.do?folderRsn=IBNvr8aO0BeCVHrSatIZ6A%3D%3D
2106,Built,09 184001 NNY 25 SA,2009-10-30,"Proposal for a new single-family dwelling on the south portion of the subject lands identified as Part 2, on lands created by severance.",174 OLD YONGE ST,15,530.2,0,530.2,1,
2107,Active,23 136834 STE 04 OZ,2023-04-21,"The proposed development replaces the existing two-storey commercial building on the site, with a new 24-storey (81 metres, plus mechanical space), 22,104 square metre, 331-unit mixed use building with 395 bike parking spaces and 34 vehicle parking space",1266 QUEEN ST W,4,24591,182.4,24773.4,358,http://app.toronto.ca/AIC/index.do?folderRsn=bA%2F0DhPDeHorCNnj9XWrng%3D%3D
2108,Active,23 138247 STE 10 SA,2023-04-26,Ontario Line King-Bathurst,663 KING ST W,10,0,1726,1726,0,http://app.toronto.ca/AIC/index.do?folderRsn=4sBbBOdrHr5FjdawJzxqGA%3D%3D
2109,Under Review,24 230989 WET 01 OZ,2024-10-25,"Zoning By-law Amendment application to permit a new 14-storey hotel, containing 182 hotel rooms and supported by 333 parking spaces shared between the existing and new hotel buildings. The existing hotel is proposed to be retained.",925 DIXON RD,1,0,6335.5,6335.5,0,http://app.toronto.ca/AIC/index.do?folderRsn=A5kFhhokRpUsu5vpVeg9Cg%3D%3D
2110,Under Review,24 241879 STE 14 OZ,2024-11-21,"Zoning By-law Amendment application to permit a 14-storey mixed use building containing 112 residential units and 7,899 square metres of gross floor area including 291 square metres of non-residential gross floor area, 9 vehicular parking spaces and 136",1012 GERRARD ST E,14,7899,291,8190,112,http://app.toronto.ca/AIC/index.do?folderRsn=rT22Jil3ZAvlTX%2FBYR0uSw%3D%3D
2111,Built,21 122435 STE 04 SA,2021-03-03,Proposal for a 6-storey self-storage facility having a non-residential gross floor area,3524 DUNDAS ST W,4,0,13547,13547,0,http://app.toronto.ca/AIC/index.do?folderRsn=FyK4HRfCc5xARzZZHrqQyw%3D%3D
2112,Active,20 123671 STE 04 OZ,2020-03-09,Zoning By-law Amendment to facilitate the development of the site for an 8-storey mixed-use building containing 86 residential dwelling units and 226 m2 of non-residential gross floor area at grade.  A total of 48 parking spaces will be provided on the s,3194 DUNDAS ST W,4,7240,234,7474,87,http://app.toronto.ca/AIC/index.do?folderRsn=YKsCCUhDiqtnnJ3NrTh0aA%3D%3D
2113,Active,20 218559 WET 05 OZ,2020-11-16,To amend the City of Toronto Zoning By-law No. 569-2013 to permit an 11-storey mixed-use building comprised of 118 residential condominium units and commercial space on the ground floor.,1575 LAWRENCE AVE W,5,9881.5,132.2,10013.7,118,http://app.toronto.ca/AIC/index.do?folderRsn=fYfK1ccGuJ4%2FTizTDjy8zA%3D%3D
2114,Active,11 229626 STE 20 SA,2011-06-29,"Site Plan approval application to permit the re-development of the lands for a new 4 storey apartment building.  New building will contain 14 dwelling units with storage in the basement.  This property includes 1000 and 1002 Bathurst Street, same owner.",1000 BATHURST ST,11,1218.9,0,1218.9,14,
2115,Active,19 253769 NNY 17 SA,2019-11-26,Site Plan application for the proposed two addition to the Armenian Community Youth Centre building.,50 HALLCROWN PL,17,0,1569.49,1569.49,0,http://app.toronto.ca/AIC/index.do?folderRsn=MtaycFUfxJb55PkeCtE77g%3D%3D
2116,Under Review,25 128430 STE 04 OZ,2025-03-13,"Proposed 16-storey residential purpose-built rental building. The proposed development contemplates 145 new rental units within a total proposed gross floor area of 9,773.87 square metres.",138 DOWLING AVE,4,9773.87,0,9773.87,145,http://app.toronto.ca/AIC/index.do?folderRsn=62XqLanxU3O4bFxdkbK6zQ%3D%3D
2117,Active,18 259547 WET 02 SA,2018-11-22,"The site plan application is seeking to permit a new, 8-storey hotel with 196 rooms, a new one-storey open-air parking structure and a 715 sm front addition to the existing hotel (Crowne Plaza).",33 CARLSON CRT,1,0,10793,10793,0,http://app.toronto.ca/AIC/index.do?folderRsn=CLYRXqXRl%2FS2lT42QZVJrQ%3D%3D
2118,Under Review,17 179441 STE 27 OZ,2017-06-13,OPA and Rezoning application to permit a 12-storey mixed-use building (38.5 m plus mechanical penthouse) consisting of 225 square metres of retail uses at grade and 127  dwelling units above.  A total of 96 bicycle parking spaces and 20 vehicular parking,572 CHURCH ST,13,6305,180,6485,98,http://app.toronto.ca/AIC/index.do?folderRsn=5WzX6Lntqx9fa9ITdOr3%2BQ%3D%3D
2119,Active,23 144404 STE 11 SA,2023-05-11,The proposed patient tower has a total height of 15-storeys (13 occupied storeys) and 81.75m including the mechanical penthouse and interstitial mechanical floor on level 8.The proposed building height is 70.98m exclusive of the rooftop mechanical pentho,399 BATHURST ST,11,0,22511,22511,0,http://app.toronto.ca/AIC/index.do?folderRsn=iznDsRgnylx3MHKrP5b7eQ%3D%3D
2120,Active,23 205666 ESC 21 OZ,2023-09-22,"Rezoning application for a proposed 24-storey building (Tower A) at the southeast corner of Lawrence Avenue East and Birchmount Road and a 21-storey building (Tower B) along the easterly portion of the Lawrence Avenue East frontage, together with a 6- st",2157-2183 LAWRENCE AVE E,21,34774,781,35555,526,http://app.toronto.ca/AIC/index.do?folderRsn=mZeiEquEDWqy18ytBRB7qg%3D%3D
2121,Under Review,25 159156 STE 12 SA,2025-05-14,Site Plan Approval for a two-storey north side addition to a private school (Leo Baeck Day School).,501 ARLINGTON AVE,12,0,1072,1072,0,http://app.toronto.ca/AIC/index.do?folderRsn=t0QVZFiLNNaSe8OsDPkrew%3D%3D
2122,Active,17 185378 WET 17 OZ,2017-06-22,"Proposed Official Plan Amendment to the Davenport Village Secondary Plan and Zoning By-law Amendment to former City of Toronto Zoning By-law No. 438-86, as amended by Zoning By-law No. 728-2006, to permit the construction of three residential apartment b",980 LANSDOWNE AVE,9,64372,312,64684,960,http://app.toronto.ca/AIC/index.do?folderRsn=qw9JS5xYeE5pMHm5yQBlqg%3D%3D
2123,Active,22 154014 STE 11 OZ,2022-05-30,"Official Plan Amendment and Zoning By-law Amendment application to permit a 12-storey mixed-use building, containing 30 dwelling units and 2,042 square metres of non-residential gross floor area. The Official Plan Amendment is required to permit the heig",1086 YONGE ST,11,7095,1326,8421,24,http://app.toronto.ca/AIC/index.do?folderRsn=egBT02F%2F5aAIT6owPSPTrw%3D%3D
2124,Under Review,21 235591 NNY 08 OZ,2021-11-08,"Zoning By-law amendment application to allow a 35-storey mixed-use building with 472 residential units, of which 53 are rental replacement units, and comprising of a residential gross floor area of 33,011.70 square metres and a non-residential gross floo",131 LYON CRT,8,31479.5,95.3,31574.8,455,http://app.toronto.ca/AIC/index.do?folderRsn=QodfP5%2FdNc89DXeMen1gAg%3D%3D
2125,Active,23 214176 ESC 22 OZ,2023-10-13,To permit a four-storey stacked and back-to-back townhouse building at 2771 & 2773 Victoria Park Avenue containing a maximum of 62 residential units and associated surface parking spaces.,2771 VICTORIA PARK AVE,22,8131.4,288.8,8420.2,62,http://app.toronto.ca/AIC/index.do?folderRsn=ocxi7tWW1QA9W5QoehANQw%3D%3D
2126,Built,20 119614 NNY 08 OZ,2020-02-26,"Zoning By Law Amendment Application for a four storey residential building with 28 units,  20 below-grade vehicle parking spaces and 33 bicycle parking spaces. Concurrent site plan application (File # 20 119616 NNY 08 SA) is being reviewed. Application w",722 MARLEE AVE,8,2216,0,2216,28,http://app.toronto.ca/AIC/index.do?folderRsn=HDbJ7AMc0XRPUgO64vsVBw%3D%3D
2127,Active,20 222337 WET 03 SA,2020-11-25,This project involves the redevelopment of the 15.64 acre site at 541 Kipling Ave in Etobicoke. An existing aged industrial facility is to be demolished (under a separate application) and will be replaced with a new single storey  industrial distribution,541 KIPLING AVE,3,0,31337.82,31337.82,0,http://app.toronto.ca/AIC/index.do?folderRsn=3FkJ8EkhkyXA0TWrosfbvQ%3D%3D
2128,Under Review,23 106987 STE 10 SA,2023-01-25,"The Project includes:  · Construction of two new platforms, with canopies, stairs and elevators; and  · A new concourse area below the new platforms that will connect the York, Bay and VIA Concourses, Union Square and the Scotiabank Galleria and both Y",61 FRONT ST W  REAR,10,0,3373,3373,0,http://app.toronto.ca/AIC/index.do?folderRsn=PKHyQhXqxfU9N%2B7f7%2Fgyag%3D%3D
2129,Under Review,24 220948 NNY 15 OZ,2024-10-02,"OPA & Rezoning applications to facilitate the redevelopment of the site with a 12-storey mid-rise, mixed-use building with retail fronting Mount Pleasant Road. The proposal will include a total gross floor area (GFA) of 25,190 square metres, consisting o",477 MOUNT PLEASANT RD,15,22793,1000,23793,360,http://app.toronto.ca/AIC/index.do?folderRsn=B%2FlCZoRDD90GuoRHCkxV3A%3D%3D
2130,Active,21 129226 STE 13 OZ,2021-03-19,"Zoning By-law Amendment to permit a 66-storey (232 metres including mechanical penthouse) mixed-use building containing 511 residential dwelling units, 14,778 square metres of office and 1,222 square metres of retail.",53 YONGE ST,13,55856,809,56665,836,http://app.toronto.ca/AIC/index.do?folderRsn=mPmeaofe7IQIEMrh2E3a8Q%3D%3D
2131,Built,21 160390 WET 05 SA,2021-05-25,"Application for Site Plan Approval for the lands municipally addressed as 1480 Jane Street. The proposed development consists of a six-storey self storage facility , with approximately 1,232 storage units, and 23 parking spaces.",1480 JANE ST,5,0,13329,13329,0,http://app.toronto.ca/AIC/index.do?folderRsn=X9Mth7ggCiEPCSPgmlMzCw%3D%3D
2132,Active,24 153505 WET 03 OZ,2024-05-24,"Zoning By-law Amendment application to permit a mixed-use development containing a central public park of 4,286.4 square metres, three new public streets, ten residential and mixed-use buildings with heights ranging from 18- to 46-storeys, and two 7-stor",1025 THE QUEENSWAY,3,281122.6,22917.6,304040.2,4078,http://app.toronto.ca/AIC/index.do?folderRsn=1vNBM2s0RDQ4QLEi%2BKkyyw%3D%3D
2133,Under Review,22 205973 STE 11 OZ,2022-09-20,"Zoning By-law Amendment application to permit a 64-storey mixed-use building, containing 514 dwelling units and 1,000 square metres of non-residential gross floor area. The proposal includes heritage conservation on the site.",699 YONGE ST,11,35131,414,35545,514,http://app.toronto.ca/AIC/index.do?folderRsn=4E7Ep7IfchP%2FuN7O9HkVTQ%3D%3D
2134,Under Review,19 152383 STE 11 OZ,2019-05-10,"Zoning By-law Amendment application to permit an 11-storey residential building, containing 136 dwelling units (of which 40 are replacement rental units). The proposal includes heritage conservation on the site. Related OPA application: 23 126551 STE 11",409 HURON ST,11,6504,0,6504,136,http://app.toronto.ca/AIC/index.do?folderRsn=ENTaWQ0fWgC6nl9H5pjplA%3D%3D
2135,Built,19 166175 STE 10 SA,2019-06-05,"Site Plan Approval Application to permit a 10 storey mid-rise building consisting of approximately 22,569m2 of commercial/retail GFA.",261 QUEENS QUAY  E,10,0,23341,23341,0,http://app.toronto.ca/AIC/index.do?folderRsn=wo3OyYeXG6qGY2wfqDcdvg%3D%3D
2136,Under Review,24 173697 WET 01 SA,2024-07-03,"Site Plan Control application to construct a one-storey, 400.39 square-metre, addition to the existing one-storey industrial building and a three-storey, 1,456.45 square-metre, self-storage warehouse within the front yard.",160 DISCO RD,1,0,1856.84,1856.84,0,http://app.toronto.ca/AIC/index.do?folderRsn=MdleZz4v76ylOLlkoqCN9g%3D%3D
2137,Under Review,21 232793 STE 10 OZ,2021-11-01,"Resubmission of the Zoning By-law Amendment to permit the redevelopment of the site with a 18-storey mixed-use building (60 metres including mechanical penthouse) containing retail and office space on the ground floor, two levels of office space, and 162",18 PORTLAND ST,10,12211.61,2776.93,14988.54,168,http://app.toronto.ca/AIC/index.do?folderRsn=AoicNeaTAA2ahbAv%2B0Mnpg%3D%3D
2138,Built,16 118645 STE 22 OZ,2016-02-19,This application proposes to amend the zoning by-law for 55 and 65 Broadway Avenue to permit two 39-storey residential towers linked by a four-storey base building.,65 BROADWAY AVE,12,59754.3,777.1,60531.4,778,http://app.toronto.ca/AIC/index.do?folderRsn=pR4UlF7kbGk%2Ff15P%2FrAuRA%3D%3D
2139,Built,09 167098 NNY 26 OZ,2009-09-09,"Site Plan Control and Zoning By-law amendment application to amend the Zoning By-law was revised on October 26, 2010. The revised proposal is to construct a retail/office complex with a gross floor area of approximately 10,487 square metres (reduced from",85 LAIRD DR,15,0,6262.6,6262.6,0,
2140,Active,20 233328 STE 04 OZ,2020-12-23,"Proposal for a 5-storey residential apartment building containing 65 dwelling units and having a gross floor area of 4,700 square metres.",406 KEELE ST,4,4587.1,0,4587.1,65,http://app.toronto.ca/AIC/index.do?folderRsn=CD%2FE0BFCDqDol2%2BReCSIAA%3D%3D
2141,Active,15 250774 NNY 23 OZ,2015-11-12,"Proposal to amend the North York Centre Secondary Plan policies regarding land use, density and height.  Currently the site is designated for 100% commercial use,  4.5x FSI and 100 m height.  The proposal is for  23% commercial. 12x FSI and 160 m height",4800 YONGE ST,18,34189.74,15717.1,49906.84,498,http://app.toronto.ca/AIC/index.do?folderRsn=6bWG2%2BK2%2BhwIpdLXwRLB6g%3D%3D
2142,Built,19 128983 STE 10 SA,2019-03-21,Site Plan Control Application to permit the development of a 21-storey mixed-use condominium with 463 residential units and 810 m2 of at-grade retail fronting Queens Quay East and Richardson Street.  The proposed condominium will include four levels of u,162 QUEENS QUAY  E,10,27474,810,28284,463,http://app.toronto.ca/AIC/index.do?folderRsn=Io3PXs0uZSzlaVMd116Bzw%3D%3D
2143,Active,23 110029 STE 14 SA,2023-02-03,"Site Plan Approval for proposed eight-storey mass timber mixed use building, which will retain elements of the existing building. The proposal will consist a mix of dwelling units including 32 dwelling units and 18 dwelling rooms, all which will be opera",285-297 DANFORTH AVE,14,2236,156,2392,50,http://app.toronto.ca/AIC/index.do?folderRsn=6WoLYF7%2BoI5rJzHQ0YjJyA%3D%3D
2144,Under Review,21 251832 NNY 08 OZ,2021-12-29,"Official Plan and Zoning By-law Amendment Applicaitons to facilitate the redevelopment of the site for a 28-storey mixed-use building having a non-residential gross floor area of 971 square metres, and a residential gross floor area of 24,278.4 square me",3300 DUFFERIN ST,8,24226.2,971,25197.2,351,http://app.toronto.ca/AIC/index.do?folderRsn=U8SjSOZKSRczfrR2qhWlQA%3D%3D
2145,Under Review,24 128320 NNY 17 OZ,2024-03-21,"Official Plan Amendment, Zoning By-law Amendment to permit the comprehensive redevelopment of the subject site with a mixed-use development consisting of 52 and 48-storey residential towers on a six-storey podium. A Privately-Owned Publicly Accessible Sp",1125 SHEPPARD AVE E,17,78265.24,2881.88,81147.12,1238,http://app.toronto.ca/AIC/index.do?folderRsn=J3Q%2BdLyUWWVBC%2FITqmGvYQ%3D%3D
2146,Active,22 119174 NNY 18 OZ,2022-03-03,Official Plan Amendment and Zoning By-law Amendment application to facilitate the redevelopment of a 16-storey mixed use development comprising residential and commercial uses.,6125 YONGE ST,18,28310.76,1808.68,30119.44,432,http://app.toronto.ca/AIC/index.do?folderRsn=XTS6BVdLXjvkaBkacMMF%2Fw%3D%3D
2147,Under Review,24 186227 STE 19 SA,2024-07-23,"Site Plan Application to permit the conversion of an existing 1-storey warehouse into a self-storage facility. The total existing GFA of 9,233.64 sq. meters is to remain the same and include 296 sq. meters of existing eating establishment area and 216.85",32 CRANFIELD RD,19,0,216.85,216.85,0,http://app.toronto.ca/AIC/index.do?folderRsn=tPbLCw7IFIRaB2SS1J5sWA%3D%3D
2148,Active,20 150974 NNY 17 OZ,2020-06-01,Official Plan and Zoning By Law Amendment application to permit the redevelopment of the vacant east portion of the subject site with a 34-storey mixed-use building while retaining the existing 2-storey office building on the west portion of the subject,0 HERONS HILL WAY,17,27257,0,27257,343,http://app.toronto.ca/AIC/index.do?folderRsn=8KTFT8A81pgNAw0O6WXj4w%3D%3D
2149,Under Review,23 216400 NNY 15 OZ,2023-10-19,"Provincial (Infrastrucutre Ontario) Transit-Oriented Community Submission for 6 Thorncliffe Park Drive, 36 Overlea Blvd, 26 Overlea Blvd, 14- 16  Overlea Blvd and 4 - 10 Overlea Blvd",6 THORNCLIFFE PARK DR,15,191157,22895,214052,2665,http://app.toronto.ca/AIC/index.do?folderRsn=X3xnANaJBrXsaEhxZXeqYA%3D%3D
2150,Active,22 123730 STE 14 OZ,2022-03-17,"Official Plan and Zoning By-law Amendment application to facilitate the redevelopment of the site for a 9-storey mixed-use building having a non-residential gross floor area of 366.9m2, and a residential gross floor area of 10,088.1m2. A total of 142 dwe",1233 QUEEN ST E,14,10023.9,363.1,10387,149,http://app.toronto.ca/AIC/index.do?folderRsn=wdqsT0eH14vayzZ%2BPrZnRg%3D%3D
2151,Active,20 220827 ESC 24 SA,2020-11-20,"Revised submission (June 2023).    Proposal for a new 10-storey residential building which would provide 168 rental units. The proposed building would have a total gross floor area of 10,622 square metres and a Floor Space Index of 4.9. A total of 683 sq",144 GALLOWAY RD,24,11334,0,11334,178,http://app.toronto.ca/AIC/index.do?folderRsn=MLhP3ldmIPR71K3OfLUVNw%3D%3D
2152,Active,22 230897 ESC 22 OZ,2022-11-18,"The application proposes a 3-storey (or 19.5 metres inclusive of the mechanical penthouse) place of worship building with an ancillary day nursery, as well as a 25-storey (or 84.5 metres inclusive of the mechanical penthouse) residential building at 2575",2575 PHARMACY AVE,22,23801.91,2308.78,26110.69,321,http://app.toronto.ca/AIC/index.do?folderRsn=FzqCTs8D8s6NTijtOzIeNA%3D%3D
2153,Under Review,20 174551 ESC 24 SA,2020-07-30,12-storey residential rental building containing 150 dwelling units with two levels of underground parking.,4151 KINGSTON RD,24,10937,528,11465,150,http://app.toronto.ca/AIC/index.do?folderRsn=oa8xDrwQvpSjXIz4y8TjNA%3D%3D
2154,Under Review,21 177934 WET 05 OZ,2021-06-30,"Proposed 48-storey residential building, comprising of a 6-storey base building with a 42-storey tower. The building will include a total of 583 dwelling units, 103 car parking spaces in three levels of underground parking, 585 bicycle parking spaces and",15 HOLLIS ST,5,39217,0,39217,583,http://app.toronto.ca/AIC/index.do?folderRsn=HAHe86S7YqyUbAI9BZrAdQ%3D%3D
2155,Built,18 147351 NNY 23 OZ,2018-04-23,"The proposal is for a 32-storey residential building.   A total gross floor area of 24,846m2 and a FSI of 4.99 x the lot area.  The proposed building will contain 358 units and 122 parking spaces in the two level below grade garage accessed from the publ",15 HOLMES AVE,18,23929.34,0,23929.34,358,http://app.toronto.ca/AIC/index.do?folderRsn=T7TC%2B60MUjxec%2FdotLm06g%3D%3D
2156,Under Review,25 144316 WET 07 SA,2025-04-14,"Proposed development for a one-storey industrial structure with a gross floor area of 19,262.52 m2.",2 NORELCO DR,7,0,19266.64,19266.64,0,http://app.toronto.ca/AIC/index.do?folderRsn=RsLMsQx3JqZX50HoP5zrmw%3D%3D
2157,Active,17 278700 STE 21 OZ,2017-12-22,"February 2020 resubmission: Proposed 3 towers at 35-storeys, 30-storey, 30 storey; 824 units; newly proposed community space in tower 1; new bus lay-by on Bathurst St; and 2% affordable housing units - in addition to proposed public park, public daycare,",1467 BATHURST ST,12,89302,1820,91122,1338,http://app.toronto.ca/AIC/index.do?folderRsn=TSB1AL78XqnAYTFsTVrbAw%3D%3D
2158,Active,22 166545 STE 12 OZ,2022-06-22,"Rezoning Application for a 49-storey residential building having 597 dwelling units and a residential gross floor area of 38,134 square metres",170 ROEHAMPTON AVE,12,38816,0,38816,599,http://app.toronto.ca/AIC/index.do?folderRsn=uEQtjBlrAXcf4CtGBMx9pQ%3D%3D
2159,Active,20 196539 ESC 24 OZ,2020-09-21,Revised December 2021 Submission to address City staff comments.  Proposal for 45 residential units located in 4 blocks. Block 1 would be occupied by a stacked townhouse building containing 22 residential units. Block 2 would be occupied by a grade-relat,448 MARKHAM RD,24,8922.4,0,8922.4,47,http://app.toronto.ca/AIC/index.do?folderRsn=9G1TrkwMQcYjcxq9zUtBAA%3D%3D
2160,Active,17 186503 STE 22 OZ,2017-06-23,This zoning by-law amendment application proposes to permit the construction of a mixed use building with a maximum height of 36 storeys (118 metres plus a 6 metre mechanical penthouse).  The proposed  building includes a 6-storey base building containin,2161 YONGE ST,12,23232,8367,31599,335,http://app.toronto.ca/AIC/index.do?folderRsn=posVYQ4tBndTjlsV%2FmOikQ%3D%3D
2161,Active,18 111294 STE 27 OZ,2018-01-30,"Zoning By-law Amendment to facilitate redevelopment of the site with a 57-storey mixed-use building with retail uses at grade: 29,900 square metres of residential gross floor area and approximately 250 square metres of non-residential gross floor area; 4",60 QUEEN ST E,13,28753,656,29409,443,http://app.toronto.ca/AIC/index.do?folderRsn=i0ViXtHfoYjMmu670TVFjw%3D%3D
2162,Under Review,25 103014 ESC 24 OZ,2025-01-09,A city-initiated official plan amendment and zoning by-law amendment by CreateTO has been resubmitted to facilitate a mixed use development. The property is currently being used as a parking lot. The proposal consists of three (3) residential towers whic,40 BUSHBY DR,24,109707.84,1063.19,110771.03,1695,http://app.toronto.ca/AIC/index.do?folderRsn=rQRTRp%2BDtem6Ch8L%2FppbKw%3D%3D
2163,Active,23 124689 NNY 18 OZ,2023-03-20,"This application proposes to develop at 50-storey mixed use building at 6355 Yonge Street. The building would contain 613 residential units and a gross floor area of 37,563 square metres, including 231 square metres of non-residential gross floor area. T",6355 YONGE ST,18,36964,256,37220,594,http://app.toronto.ca/AIC/index.do?folderRsn=IwMrWKrRalRZDTXA9qAqkA%3D%3D
2164,Active,24 144833 STE 14 SA,2024-05-06,"Site Plan Control application to permit a new, 3-storey Porsche Centre Downtown automotive dealership and service shop with 5,846 square metres of GFA.",190 CHERRY ST,14,0,5846,5846,0,http://app.toronto.ca/AIC/index.do?folderRsn=NPRR0VXyDsLaeX4cNusIog%3D%3D
2165,Active,24 221140 STE 10 SA,2024-10-02,"Construction of a 3-storey building for water treatment process upgrades, including ultraviolet (UV) disinfection and a residuals management facility (RMF). This building, which will typically be unoccupied, has an approximate building area of 2,505 m2 (",1 CENTRE ISLAND PK,10,0,5221,5221,0,http://app.toronto.ca/AIC/index.do?folderRsn=AS6ZRRrHt5DmSkwqFwz%2F4g%3D%3D
2166,Under Review,24 192670 STE 12 OZ,2024-08-02,"A combined Official Plan and Zoning By-law Amendment for a 39-storey (129.0 metre, plus mechanical penthouse), 26,800-square metre mixed use building, with 423 dwelling units (including 8 rental replacement units) and 500 square metres of non-residential",1711 EGLINTON AVE W,12,26010,287,26297,427,http://app.toronto.ca/AIC/index.do?folderRsn=NE1D7p4Oj%2FOispOBR5kAaw%3D%3D
2167,Under Review,24 194386 STE 12 OZ,2024-08-07,"Combined Official Plan and Zoning By-law Amendment for a 123.0 metre, plus mechanical penthouse (37-storey), 26,500-square metre mixed-use building, with 416 dwelling units (including 75 rental replacement units) and 500 square metres of non-residential",1675 EGLINTON AVE W,12,25837,269,26106,424,http://app.toronto.ca/AIC/index.do?folderRsn=lRDAMOkcC%2FyW12fGfvl%2BWw%3D%3D
2168,Built,16 194679 STE 20 OZ,2016-07-21,"Application to permit a 23-storey (75.1 metres including mechanical penthouse), 230-unit (508-bed) student residence with 406 square metres of retail uses on the first floor and a two-storey base building that would conserve and incorporate the existing",700 SPADINA AVE,11,923,17047,17970,10,http://app.toronto.ca/AIC/index.do?folderRsn=6jqGQxeLYGQujR8PqfOrcw%3D%3D
2169,Built,20 124703 NNY 17 SA,2020-03-11,"Site Plan application for the proposal to construct a new three storey elementary school, St Matthias Catholic School for 525 students, 5 room child care for 88 children, including associated site amenties: parking, parent drop-off loop, and dedicated ou",101 VAN HORNE AVE,17,0,5643,5643,0,http://app.toronto.ca/AIC/index.do?folderRsn=ZR%2BEGB6NPvcXjm%2Fanny3aw%3D%3D
2170,Active,21 169802 NNY 17 OZ,2021-06-13,"This application, along with a concurrent application for Draft Plan of Subdivision (21 169804 NNY 17 SB), proposes 15 residential and mixed use buildings, most of which would range in height from 5 to 8 storeys, with three buildings from 12 to 20 storey",3377 BAYVIEW AVE,17,87103.66,1078.73,88182.39,1511,http://app.toronto.ca/AIC/index.do?folderRsn=lfP7D%2FH4USSdC87CuwuJ4Q%3D%3D
2171,Active,22 111976 ESC 24 OZ,2022-02-08,Redevelopment comprising of a partial demolition of the church to accommodate a 10 storey residential building.  123 residental units are proposed which includes an affordable housing component.. The 6 storey apartment building will be retained.,3379-3385 LAWRENCE AVE E,24,11575,0,11575,155,http://app.toronto.ca/AIC/index.do?folderRsn=EOsiuuz7tw5ZDCVfs1gNlQ%3D%3D
2172,Active,22 143097 ESC 21 OZ,2022-05-06,Original Proposal: The proposed OPA and rezoning and site plan applications are to allow for the redevelopment of thesubject site with an 11-storey (37.2 metres) mixed-use building that is comprised of an 11-storey element fronting on Victoria Park Avenu,1925 VICTORIA PARK AVE,21,16426.45,1356.48,17782.93,185,http://app.toronto.ca/AIC/index.do?folderRsn=dfQsn3TL1UPOi0D6FLFQAA%3D%3D
2173,Under Review,21 203335 ESC 21 SA,2021-08-24,Site Plan Approval for a 6-storey self-storage warehouse with accessory office space.,10 BERTRAND AVE,21,0,8321.6,8321.6,0,http://app.toronto.ca/AIC/index.do?folderRsn=QSOVAq9hhIftwknyWC2snw%3D%3D
2174,Under Review,24 246087 WET 05 SA,2024-12-03,"Proposal to demolish the existing Salvation Army thrift store and vehicle service garage building to accommodate a new Shoppers Drug Mart building (Retail B), with a GFA of approximately 1,579 sq. m.",1641 JANE ST,5,0,1579,1579,0,http://app.toronto.ca/AIC/index.do?folderRsn=%2B%2FbJXp88zXooo6YPleh%2F3A%3D%3D
2175,Active,20 119591 WET 03 OZ,2020-02-26,An Official Plan Amendment and Zoning By-law Amendment application to permit a proposed 10-storey (36.55 m) residential building on the northern portion of the site and four 4-storey (13.1 m) back-to-back townhouse units on the southern portion of the si,26 EARLINGTON AVE,3,14969,0,14969,151,http://app.toronto.ca/AIC/index.do?folderRsn=huqlOplZa%2B6doIo2xZ3dCg%3D%3D
2176,Active,23 142019 STE 13 SA,2023-05-05,for Corktown station,250 FRONT ST E,13,0,1058,1058,0,http://app.toronto.ca/AIC/index.do?folderRsn=qx1Ni%2BisToo58ys5EogFsw%3D%3D
2177,Under Review,22 240925 NNY 08 SA,2022-12-19,Site Plan Approval application to permit a 5-storey office building.  The proposed development has a gross floor area of 4309.33 square metres and includes 34 parking spaces.,165 TYCOS DR,8,0,5133.6,5133.6,0,http://app.toronto.ca/AIC/index.do?folderRsn=fLChT1VsXTKKXXELIcVLiA%3D%3D
2178,Active,18 186858 NNY 16 OZ,2018-06-29,"Revised proposal for a 14-storey mixed use building containing 172 dwelling units (17,681 square metres) and retail uses (1,372 square metres) at grade.  The proposal includes 3 levels of underground parking containing a total of 184 parking spaces.",2500 YONGE ST,8,18685.8,1296.9,19982.7,161,http://app.toronto.ca/AIC/index.do?folderRsn=FqvvECzq9ntDBgXCPEFMUw%3D%3D
2179,Active,22 124524 NNY 16 OZ,2022-03-18,Proposal for a 6 storey mixed use building containing 308 residential units (4 townhouse units and 304 condo units) and a 734 m2 place of worship. The proposal will also provide 253 parking spaces. An Options for Homes development.,230 THE DONWAY  W,16,21173.3,743.3,21916.6,315,http://app.toronto.ca/AIC/index.do?folderRsn=ejEYz8atkHm2Sis68ILQjQ%3D%3D
2180,Built,19 183032 STE 04 OZ,2019-07-04,"Runnymed Healthcare Centre: Zoning By-law Amendment to facilitate construction of a new 6-storey long-term care building to the existing campus.The new building will contain approximately 13,030 square metres of nonresidential GFA, comprised of 200 long-",625 RUNNYMEDE RD,4,0,13608,13608,0,http://app.toronto.ca/AIC/index.do?folderRsn=irSn6Jx%2FCar3ozjbkxP2FA%3D%3D
2181,Under Review,24 240290 STE 09 SA,2024-11-18,"Site Plan Approval for an 8-storey self-storage facility and 12 surface parking spaces, resulting in a total proposed gross floor area ('GFA') of approximately 22,734 square metres. A two-storey commercial building currently exists on the east portion of",259 GEARY AVE,9,0,22734,22734,0,http://app.toronto.ca/AIC/index.do?folderRsn=qiUcGQqHYOMUQXyCmUzMDg%3D%3D
2182,Active,20 109056 WET 05 OZ,2020-01-27,Proposed development of a 16-storey mixed use building with 272 residential units and 393m2 of retail space. The development would have a total gross floor area of 17460m2.,1860 KEELE ST,5,20964,370,21334,353,http://app.toronto.ca/AIC/index.do?folderRsn=qjvaJ3d%2FEtDB0cffMi9aqA%3D%3D
2183,Built,19 190398 NNY 06 SA,2019-07-17,Site Plan Application for Finch West LRT Station,3933 KEELE ST,6,0,6721.37,6721.37,0,http://app.toronto.ca/AIC/index.do?folderRsn=xj%2F8FccT0o1D9IRbFjXFIg%3D%3D
2184,Active,20 173349 ESC 21 SA,2020-07-28,Rear addition to existing industrial building.,110 RIDGETOP RD,21,0,3716,3716,0,http://app.toronto.ca/AIC/index.do?folderRsn=ZXmjtUAOG98vldih4CRuYQ%3D%3D
2185,Active,23 109996 STE 04 OZ,2023-02-03,"Zoning By-law Amendmenet application for a six-storey mixed-use building  at 2760 Dundas Street West on the north side of Dundas Street West within the block bound by Watkinson Avenue to the east, Indian Grove to the west and Hook Avenue to the north. Th",2760 DUNDAS ST W,4,1961,115,2076,28,http://app.toronto.ca/AIC/index.do?folderRsn=7u70kZqenutczeRcjf%2BIHA%3D%3D
2186,Under Review,22 207881 WET 02 OZ,2022-09-23,"This application proposes to amend the Zoning By-law to permit the development of one residential building containing two 24-storey towers connected by a 9-storey podium, and one 12-storey building fronting The East Mall. A total of 839 units are propose",630 THE EAST MALL,2,46087.7,0,46087.7,816,http://app.toronto.ca/AIC/index.do?folderRsn=l4UTK%2Fq2jg3viwRcp9uYFw%3D%3D
2187,Active,22 150580 STE 11 OZ,2022-05-24,"Official Plan and Zoning By-law Amendment application to permit a 31-storey mixed-use building, containing 490 new rental dwelling units (including 408 new affordable units) and 1,356 square metres of non-residential gross floor area. The proposal includ",191 COLLEGE ST,11,19996,1356,21352,502,http://app.toronto.ca/AIC/index.do?folderRsn=B5iRHQ%2BtV5%2F0Dod6NNajjQ%3D%3D
2188,Under Review,22 234848 ESC 21 OZ,2022-11-30,"The proposal includes one 25-storey residential building and one 35-storey mixed-use building, each with an 8-storey podium, together with a shared 3-level underground parking garage as well as a public park. The proposed development would have a total G",2650 LAWRENCE AVE E,21,66155,1940,68095,1001,http://app.toronto.ca/AIC/index.do?folderRsn=TcPJt79eePCOHnNOigd%2FuA%3D%3D
2189,Built,23 146507 WET 01 SA,2023-05-16,"Site Plan Control application for two new 10.54-metre tall industrial buildings. The buildings would result in 14,926.69 square metres of gross floor area containing 22 industrial units. The proposal is supported by 165 vehicular parking spaces and 32 bi",111 STEINWAY BLVD,1,0,16419.4,16419.4,0,http://app.toronto.ca/AIC/index.do?folderRsn=MtVpB9DUrscoa02ngGViWw%3D%3D
2190,Built,20 192344 WET 05 SA,2020-09-11,To demolish an existing 2 storey secondary school and construct a 2 storey elementary school with childcare.,155 FALSTAFF AVE,5,0,6469,6469,0,http://app.toronto.ca/AIC/index.do?folderRsn=T4demuzAZ31P5rCt7jTVmQ%3D%3D
2191,Active,22 137816 ESC 23 SA,2022-04-25,"Site Plan Application to facilitate redevelopment of the Site with two single storey, multi tenant warehouse buildings, a restaurant and a six storey self storage building.",2250 MARKHAM RD,23,0,20547.4,20547.4,0,http://app.toronto.ca/AIC/index.do?folderRsn=Cjxy1HrHx26Ik6JlXgV7ig%3D%3D
2192,Built,18 150447 STE 19 SA,2018-04-30,"The proposed development consists of a purpose-built 39-storey rental apartment tower that incorporates a 6-storey base podium with commercial uses at-grade. The proposed building will contain 433 rental apartments units, a 385 square metre commercial un",45 STRACHAN AVE,10,32887,496,33383,425,http://app.toronto.ca/AIC/index.do?folderRsn=xEBazQkND8PD9U%2FjCvaZrw%3D%3D
2193,Built,18 122673 STE 27 OZ,2018-02-28,"Application for Official Plan and Zoning By-law Amendment by SickKids Hospital for a new Patient Support Centre (PSC) at 175 Elizabeth Street. The proposed development features a 22-storey institutional tower with an approximate 1,740 m2 institutional fl",175 ELIZABETH ST,11,0,39385.33,39385.33,0,http://app.toronto.ca/DevelopmentApplications/associatedApplicationsList.do?action=init&folderRsn=4329410&isCofASearch=false
2194,Under Review,22 179213 NNY 15 OZ,2022-07-19,"The applications propose to develop a 12 storey mixed-use building, which would include residential uses, a church (place of worship) and multifunction space, a commercial community space, and a proposed day-care. The development will include a total of",25 OLD YORK MILLS RD,15,7518,1817,9335,103,http://app.toronto.ca/AIC/index.do?folderRsn=2Z3I7XbxTh3%2Fw5s10Cn4ug%3D%3D
2195,Under Review,22 200446 WET 03 OZ,2022-09-07,"Sept 2025- Revised submission is 37 and 10 storeys.    Original submission: Official Plan and Zoning By-law amendment for a mixed-use building composed of two towers rising to 35 and 18 storeys with a total gross floor area (GFA) of 39,699 square metres",2256 LAKE SHORE BLVD W,3,39327,629.61,39956.61,575,http://app.toronto.ca/AIC/index.do?folderRsn=YJTfJFgYJNPme7v9fFZr4w%3D%3D
2196,Under Review,18 111118 STE 20 SA,2018-01-29,Proposal for site plan approval related to a five storey addition to existing hostel with portion of ground floor to be used as retail,357 COLLEGE ST,11,0,1705,1705,0,http://app.toronto.ca/AIC/index.do?folderRsn=3knNJY5z7mZRIxgTFzdwEA%3D%3D
2197,Active,18 118403 STE 29 OZ,2018-02-16,Official Plan and zoning by-law amendment application to permit the construction of a 14 storey building that is predominantly residential except for one retail space with a proposed size of 175 square metres. The proposal is 14 storeys tall (50.5 metres,954 BROADVIEW AVE,14,19740,0,19740,310,http://app.toronto.ca/AIC/index.do?folderRsn=yDn%2FBTJL6greEx9yERQV0g%3D%3D
2198,Active,23 140195 NNY 15 OZ,2023-05-01,The Proposed Development is for an outdoor sports and recreation facility for Greenwood College School. The Proposal involves the demolition of all existing buildings and structures on the Site to enable the construction of a multi-purpose outdoor sports,405 MOUNT PLEASANT RD,15,0,88,88,0,http://app.toronto.ca/AIC/index.do?folderRsn=1YDWxFreMceoBghy1AD8pg%3D%3D
2199,Under Review,21 251886 STE 11 OZ,2021-12-29,"Official Plan and Zoning By-law Amendment application to permit a 47-storey mixed-use building, containing 730 dwelling units (including 40 replacement rental units) and 332 square metres of non-residential gross floor area. The Official Plan Amendment i",1233 YONGE ST,11,47697,344,48041,763,http://app.toronto.ca/AIC/index.do?folderRsn=KSMhl3mooqK4eAEO%2ByX%2BhA%3D%3D
2200,Active,22 133923 STE 12 OZ,2022-04-13,Zoning by-law amendment application to permit a 4-storey back-to-back townhouse development containing 10 dwelling units.,1647 BATHURST ST,12,2006,0,2006,10,http://app.toronto.ca/AIC/index.do?folderRsn=zwfZtLwAQD8%2Fdf%2F8jsoEbg%3D%3D
2201,Under Review,25 134898 NNY 18 OZ,2025-03-26,"OPA & Rezoning Application proposes the development of 49 and 53-storey mixed-use towers above a 5-7-storey mixed use podium providing residential and commercial use at grade. The building will provide a total of 1,313 residential units, being a mix of s",110 SHEPPARD AVE E,18,77968.55,362.16,78330.71,1313,http://app.toronto.ca/AIC/index.do?folderRsn=jB6gXk1OeWJ5UxTfXPqVYg%3D%3D
2202,Under Review,22 101191 ESC 21 OZ,2022-01-06,Proposed redevelopment comprising of a 11 storey residential building wtih rental apartment 192 units.,1296 KENNEDY RD,21,14973.98,0,14973.98,192,http://app.toronto.ca/AIC/index.do?folderRsn=7tDV3rQFVpdNGoPegM3YEg%3D%3D
2203,Built,14 266616 STE 29 OZ,2014-12-22,"The proposed rezoning would permit a 6-storey residential condominium build (with a height of 19.8 metres, excluding mechanical penthouse), containing 30 residential units as well as 359.34 square metres of non-residential, commercial space. There are tw",796 BROADVIEW AVE,14,3420,154,3574,33,http://app.toronto.ca/DevelopmentApplications/associatedApplicationsList.do?action=init&folderRsn=3676555&isCofASearch=false
2204,Active,17 207556 STE 18 OZ,2017-07-28,"Zoning By-law Amendment for a 11-storey plus mezzanine mixed-use building with a total of  approximately 94 residential units and 7177 square metres of residential gross floor area, with approximately 320  square metres of commercial space on the ground",990 BLOOR ST W,9,8379,310,8689,116,http://app.toronto.ca/AIC/index.do?folderRsn=rcm6akMDZdEFIUSntDxW1A%3D%3D
2205,Under Review,24 241292 ESC 20 SA,2024-11-20,"This project involves the replacement of an existing pool and 74 square metre pool accessory building with a new pool and 246 square metre pool building, including change rooms and washrooms, as well as some landscape improvements to Blantyre Park.",180 FALLINGBROOK RD,20,0,210,210,0,http://app.toronto.ca/AIC/index.do?folderRsn=7pLVXZr2OpXSgjFAfumkZA%3D%3D
2206,Active,20 209863 ESC 20 OZ,2020-10-22,"Official Plan Amendment and Zoning Amendment application which proposes the development of an 11-storey residential building containing 309 dwelling units and a total GFA of 20,983.9 m2. A total of 287 vehicle parking spaces and 233 bicycle parking space",3291 KINGSTON RD,20,22267,0,22267,357,http://app.toronto.ca/AIC/index.do?folderRsn=YH0pi%2FDCuiVti%2Bj4Dq6Wnw%3D%3D
2207,Built,18 114724 NNY 26 SA,2018-02-07,Site Plan Application to permit the development of a new two storey car dealership on the northern portion of the site and a new 4 storey parking garage on the northeast portion of the site. The existing dealership on the southern portion of the site is,139 LAIRD DR,15,0,3464.2,3464.2,0,http://app.toronto.ca/AIC/index.do?folderRsn=UypiCUERM2IqR6332ioLTg%3D%3D
2208,Under Review,16 129328 WET 05 OZ,2016-03-17,"14-storey midrise with 619 residential units and retail at grade, and a 4-storey townhouse block with 6 units.",4195 DUNDAS ST W,3,54617,1970,56587,625,http://app.toronto.ca/AIC/index.do?folderRsn=QWgjV9510Law30%2FRMwYeKQ%3D%3D
2209,Active,22 137808 STE 19 SA,2022-04-25,"Site Plan Approval for three towers having heights of 29, 39, and 37-storeys.  The proposed non-residential gross floor area is 2188 square metres, and the proposed residential gross floor area is 71,340 square metres.  897 rental residential dwelling un",6 DAWES RD,19,79004,827,79831,923,http://app.toronto.ca/AIC/index.do?folderRsn=jw%2BNz9AfsPzt0HEVtjXmtQ%3D%3D
2210,Under Review,23 138638 STE 10 SA,2023-04-27,Queen-Spadina Ontario Line,443 QUEEN ST W,10,0,887,887,0,http://app.toronto.ca/AIC/index.do?folderRsn=7yDQDPsv5ZSl4rJaFJFIDg%3D%3D
2211,Active,17 279303 STE 20 OZ,2017-12-27,"Zoning By-law Amendment Application to permit the redevelopment of the site for a 29-storey mixed-use building containing office, retail/café, worship and community, and residential uses (249 dwelling units). The majority of the existing church and the",300 BLOOR ST W,11,20055,4707,24762,283,http://app.toronto.ca/AIC/index.do?folderRsn=vc%2FQbzC4qhTxDaC0VzcCsA%3D%3D
2212,Built,17 267875 STE 27 OZ,2017-11-27,"A Zoning By-law Amendment to allow the redevelopment of the site with a new 55-storey mixed-use building with 602  dwelling units, 106 parking spaces, and602  bicycle parking spaces. A total of 37,500 m2 is proposed comprised of 470 m2 of non-residential",10 WELLESLEY ST W,13,35795,225,36020,600,http://app.toronto.ca/AIC/index.do?folderRsn=dacvqLbVx0m4C83zlfahpQ%3D%3D
2213,Active,21 250500 ESC 25 OZ,2021-12-21,"Proposal for a 13-storey (46.2 metres, including mechanical penthouse) mixed-use building containing 28,332.7 square metres of residential floor area (417 residential units) and 273. 1 square metres of retail floor area, totalling a gross floor area of 2",4630 KINGSTON RD,25,33228.5,1087.2,34315.7,566,http://app.toronto.ca/AIC/index.do?folderRsn=VVTr4EI4t96uIF1HSju%2FEw%3D%3D
2214,Active,18 268503 NNY 06 OZ,2018-12-14,OLT approved 10-storey rental apartment building containing 90 dwelling units and 2-levels of underground parking for 88 vehicles and 72 bicycle parking spaces.   A combination of indoor and outdoor amenity areas are provided at grade and on the 10th sto,1304 WILSON AVE,6,7479.32,0,7479.32,90,http://app.toronto.ca/AIC/index.do?folderRsn=i8mBPt7f6oTRPPmcXzJBMw%3D%3D
2215,Active,21 235108 STE 13 OZ,2021-11-07,The application proposes to amend Zoning By-law 569-2013 to permit a 34- to 37-storey mixed use building containing 450 residential dwelling units and 448 square metres of retail space.,225 QUEEN ST E,13,26730,448,27178,450,http://app.toronto.ca/AIC/index.do?folderRsn=qwHBZVghwPJQAf2d0FkPwA%3D%3D
2216,Active,21 234923 STE 12 OZ,2021-11-05,Zoning By-law Amendment application to permit a 48 and 53-storey mixed use building with 939 residential units.  Rental replacement  required for 102 rental units. Below-grade connection to Davisville subway Station.,1910 YONGE ST,12,70836,15797,86633,1041,http://app.toronto.ca/AIC/index.do?folderRsn=WDu2RZu5PBhYxfm7vvj%2FdA%3D%3D
2217,Built,21 231369 STE 11 SA,2021-10-27,Site Plan Approval for a one-storey addition to the existing daycare facility on the northern side of the existing three-storey school. The proposed addition will have a floor area of 421 square metres.,65 GRACE ST,11,0,421,421,0,http://app.toronto.ca/AIC/index.do?folderRsn=2HWY0jiQvnMZo%2B0LPv30dg%3D%3D
2218,Active,20 159444 NNY 06 OZ,2020-06-23,"Zoning Bylaw Amendment application to permit a 30,800 m2 mixed use condominium complex with an 11-storey midrise building attached to a 24-storey tower by an 8-storey mid-rise building.  The complex will comprise 398 dwelling units with  369 parking spac",2699 KEELE ST,6,30473.7,313.8,30787.5,418,http://app.toronto.ca/AIC/index.do?folderRsn=2DmZiRZLbz0YByp0RW8qGw%3D%3D
2219,Built,11 209308 WET 03 OZ,2011-06-02,Previous proposal included a 9-storey residential apartment building fronting Bloor Street West (Bloor Building) with an integrated 3-storey residential townhouse block at the northwest corner of Broadfield Drive (Broadfield Townhomes) as well as a 3-sto,240 MARKLAND DR,2,16974,0,16974,234,http://app.toronto.ca/AIC/index.do?folderRsn=GdvQveixGCgX1hJSBRuLdw%3D%3D
2220,Active,17 213544 STE 20 OZ,2017-08-09,"Proposed 16-storey, 8,224 square metre building with a height of 49.99 metres (including the mechanical penthouse) and containing 129 dwelling units. The existing designated townhouses at 139-143 Portland Street will be integrated into the base of the bu",135 PORTLAND ST,10,8224,0,8224,129,http://app.toronto.ca/AIC/index.do?folderRsn=Y70OLjr%2Fbl%2BVqO01eqVpgA%3D%3D
2221,Built,16 199836 STE 27 OZ,2016-08-02,"Proposal for a 32 storey residential building containing 234 units, with 3 levels of underground parking containing 45 spaces to be used for residents and visitors.",79 SHUTER ST,13,17025,0,17025,234,http://app.toronto.ca/DevelopmentApplications/associatedApplicationsList.do?action=init&folderRsn=4002148&isCofASearch=false
2222,Active,17 218847 NNY 25 OZ,2017-08-18,Proposed Zoning By-law Amendment and Rental Housing/Demolition applications to permit the development of a 28 storey and 35 storey building at 110-120 Broadway Avenue. The proposed development consists of 822 residential units including 121 required rent,110 BROADWAY AVE,15,51818.5,626.5,52445,858,http://app.toronto.ca/AIC/index.do?folderRsn=oLQhEfLcaHEuz6Sv3kOtTQ%3D%3D
2223,Built,06 200145 ESC 40 OZ,2006-12-28,"Revised development application for proposed Harmony Village Senior's-oriented community consisting of two towers fronting Sheppard (30 storeys each), stepping down to two 11-storey buildings in the middle of the site and a row of 3-storey townhouses at",3260 SHEPPARD AVE E,22,73944,687,74631,804,
2224,Active,20 185654 NNY 08 SA,2020-08-26,"Site Plan application to permit the proposal for a 9 storey mixed use building. The proposal has a total gross floor area of 14,207.5 square metres. 194  residential units and 1,201 square metres of ground-floor retail are proposed. The proposal includes",1886 EGLINTON AVE W,8,12996.1,1202.3,14198.4,194,http://app.toronto.ca/AIC/index.do?folderRsn=Fk9itMHMXzehyxUVeTl%2BLw%3D%3D
2225,Active,18 153602 STE 19 OZ,2018-05-04,Zoning By-law to permit a 14-storey mixed use building with an overall height of 49.9 metres (inclusive of mechanical equipment) containing 263 square metres of retail uses and 191 dwelling units. The design proposes to retain the southern and western el,950 KING ST W,10,14650.03,266.27,14916.3,229,http://app.toronto.ca/AIC/index.do?folderRsn=GV6eTxfgi0CTju3rFNX9yA%3D%3D
2226,Under Review,14 262051 ESC 41 SA,2014-12-09,"Proposed addition to existing one storey industrial building - ""Bld A"" on the Road frontage.",72 DYNAMIC DR,23,0,845.59,845.59,0,http://app.toronto.ca/AIC/index.do?folderRsn=W8xKBBeywLzVpXo5Aon4uQ%3D%3D
2227,Active,20 214204 NNY 08 OZ,2020-11-03,,3180-3182 YONGE ST,8,14662.1,400,15062.1,115,http://app.toronto.ca/AIC/index.do?folderRsn=BMJDRO7sxgw2lviOOPwZLQ%3D%3D
2228,Active,21 168576 STE 09 SA,2021-06-10,Site Plan approval for a 6-storey (22.5m) self storage facility.  The proposal will have a non-residential gross floor area of 7981 square metres.,70 CALEDONIA PARK RD,9,0,7981.5,7981.5,0,http://app.toronto.ca/AIC/index.do?folderRsn=8vv1mUohJKdaWdm9MShSbg%3D%3D
2229,Active,23 198001 STE 14 OZ,2023-09-05,"Proposed 6-storey mixed use building of 29 dwelling units. The building will contain approximately 1,996 square metres of gross floor area including 274 square metres. of non-residential uses.",1134 QUEEN ST E,14,1731,274.7,2005.7,29,http://app.toronto.ca/AIC/index.do?folderRsn=rRZZ5t3QZlfCb6UyFXogrg%3D%3D
2230,Built,18 263184 NNY 26 SA,2018-11-30,Site Plan Control application involving the reconstruction of a 516.6 sqm maintenance shop and demolition of the existing 200 sqm maintenance shop connected to the single storey office building.  A compressed natural gas (CNG) fueling system for Waste Ma,20 ESANDAR DR,15,0,526,526,0,http://app.toronto.ca/AIC/index.do?folderRsn=W6nVUFeVGtMgcBnLYSMDFg%3D%3D
2231,Active,21 151073 WET 05 OZ,2021-05-06,"The initial application proposed two 4-storey walkup apartments and two stacked townhouse blocks, in four building modules, consisting of 150 residential units. The revised proposal submitted in January 2023 proposed 58 back-to-back townhouses in two blo",175 EILEEN AVE,5,10204,0,10204,58,http://app.toronto.ca/AIC/index.do?folderRsn=RqhnrakknUqDg2dBjdJZGQ%3D%3D
2232,Active,23 165943 ESC 23 OZ,2023-06-25,"Zoning By-law Amendment for a one-storey storage and distribution warehouse. Two designated heritage properties are located on the northeastern portion of the site, which would be renovated for possible commercial/office use.",5951 STEELES AVE E,23,0,35612,35612,0,http://app.toronto.ca/AIC/index.do?folderRsn=yGl0KMDSvSOPU6GYrKgAHQ%3D%3D
2233,Under Review,23 140447 STE 14 OZ,2023-05-02,"This application proposes to amend the Zoning By-law to permit a 12-storey residential building containing 282 residential units, 1271 square metres of GFA of retail on the ground floor, 51 vehicle parking spaces, and 322 bicycle parking spaces.",1291 GERRARD ST E,14,18690.2,1270.6,19960.8,282,http://app.toronto.ca/AIC/index.do?folderRsn=7SHoSY5V4oM4ErsmPg9utw%3D%3D
2234,Under Review,19 115511 STE 13 OZ,2019-02-14,"Zoning By-law Amendment application to permit a 59-storey mixed-use building (210.25 metres) containing commercial space on the first and second floor, office space on the 3rd to 10th floor, and 541 residential units in the tower above. A 265 square metr",1075 BAY ST,13,49392,705,50097,738,http://app.toronto.ca/AIC/index.do?folderRsn=rPB0nELBJA2KW8BdFVLlhw%3D%3D
2235,Built,18 171536 STE 22 OZ,2018-06-04,"Zoning By-law Amendment application to facilitate redevelopment of the site with a 12-storey mixed-use building, with a height of 35 metres. 84 new residential units and 7 rental replacement units, 7203.0 square metres of residential gross floor area, an",2100 YONGE ST,12,7357,298,7655,83,http://app.toronto.ca/AIC/index.do?folderRsn=biqHi6KrLaVS8g%2FyufDaWg%3D%3D
2236,Active,13 198702 NNY 25 OZ,2013-07-04,To permit the addition of 192 new apartment units in a stacked townhouse form that are 3 and 4 storeys in height within 7 building blocks.  The proposed new gross floor area for the site would be  19568 m2.  The three existing 18 storey rental apartment,740 YORK MILLS RD,15,21128,0,21128,192,http://app.toronto.ca/AIC/index.do?folderRsn=2lqXi1pYFSh0wFCGgaLcGg%3D%3D
2237,Under Review,24 241176 STE 19 OZ,2024-11-20,"Official Plan and Zoning By-law Amendment to permit a 13 and 29-storey mixed-use building connected by a 2- and 8-storey podium, containing 620 dwelling units, 3,220 square metres of non-residential gross floor area. The proposal includes 354 square metr",2455 DANFORTH AVE,19,39273.3,3219.9,42493.2,620,http://app.toronto.ca/AIC/index.do?folderRsn=CKSFdGDc6e1Wf%2FS6jiN%2FoA%3D%3D
2238,Under Review,22 137060 STE 11 OZ,2022-04-22,"Official Plan and Zoning By-law Amendment application for a 12-storey mixed-use building, containing 33 new rental dwelling units and 372 square metres of non-residential gross floor area. The Official Plan Amendment is required to redesignate a portion",219 ROXTON RD,11,1599,87,1686,25,http://app.toronto.ca/AIC/index.do?folderRsn=7WwRY%2F2ljxXHNCTdS6RXIw%3D%3D
2239,Under Review,24 229360 NNY 17 SA,2024-10-22,The Site Plan application for the development of a ten (10)-storey hotel with 243 suites.,3125 STEELES AVE E,17,0,14270,14270,0,http://app.toronto.ca/AIC/index.do?folderRsn=3%2FCk3Tz%2BmA2C3rfLzDYLUA%3D%3D
2240,Active,22 222178 ESC 21 SA,2022-10-26,"Site Plan application for proposed 25,828.8 square metre industrial/warehousing facility.",1845 BIRCHMOUNT RD,21,0,24953.58,24953.58,0,http://app.toronto.ca/AIC/index.do?folderRsn=w%2F2q%2Fd549fbvgppos4Dprw%3D%3D
2241,Active,18 170127 STE 18 OZ,2018-06-01,"The revised application proposes a 10-storey residential building (9-storeys + mezzanine) with 10368 sqm of residential GFA. The unit count has increased from 128 units,  The application proposes 45  vehicular parking spaces and 129 bicycle parking space",72 PERTH AVE,9,19390.5,0,19390.5,258,http://app.toronto.ca/AIC/index.do?folderRsn=37F7XrE1QstTsbxAgvz5qg%3D%3D
2242,Built,19 148811 STE 10 SA,2019-05-03,"Proposed 10-storey institutional building: 17414square metres total GFA, including a child care facility on the ground floor (approximately 731 square metres).",185 QUEENS QUAY  E,10,0,17412,17412,0,http://app.toronto.ca/AIC/index.do?folderRsn=uWpB%2Be7CVaEZW50hmTociA%3D%3D
2243,Active,24 253875 NNY 16 SA,2024-12-27,"Site Plan application for a one (1)-storey warehouse addition (Gross Floor Area (GFA) of 1,459 sq. m.) to the existing two (2)-storey office, retail, and warehouse building to support the construction and storage of modular wall assembly pieces for resid",155 BERMONDSEY RD,16,0,1459,1459,0,http://app.toronto.ca/AIC/index.do?folderRsn=gMRvg2D2yHxY1qXJtGVCUg%3D%3D
2244,Active,22 194893 ESC 23 SA,2022-08-23,"Site Plan application for a 5-storey, 224 bed Long Term Care Home with accessory institutional and commercial space.",80 SCOTTFIELD DR,23,0,17122,17122,0,http://app.toronto.ca/AIC/index.do?folderRsn=dFjtua1WNAX%2BiEZTsW3aoA%3D%3D
2245,Built,15 150340 NNY 26 OZ,2015-05-01,Zoning By-law and Official Plan Amendment application to permit a 7 storey  residential building containing 39 dwelling units and 76 parking spaces in 2 levels of underground parking at 3 and 5 Southvale Drive.,3 SOUTHVALE DR,15,5222.47,0,5222.47,38,http://app.toronto.ca/DevelopmentApplications/associatedApplicationsList.do?action=init&folderRsn=3739775&isCofASearch=false
2246,Active,20 191099 STE 12 OZ,2020-09-08,"Proposal for two mixed-use buildings at 30 and 45 storeys connected by an 8 storey base building. Proposal will contain 821 residential units and 2,569 square metres of grade-related commercial space. Proposed are 442 vehicle parking spaces (92 visitor/c",1913 YONGE ST,12,60121,5775,65896,815,http://app.toronto.ca/AIC/index.do?folderRsn=hfe%2F1WBpqAwabLaoUNocRg%3D%3D
2247,Active,19 247355 STE 04 OZ,2019-11-08,"Zoning By-law Amendment to facilitate redevelopment of the site with an 8-storey mixed-use building including 78 residential units (5,622.92 square metres of residential gross floor area) and retail uses at grade (300.42 square metres). 3 car share space",1521 QUEEN ST W,4,6219,281,6500,95,http://app.toronto.ca/AIC/index.do?folderRsn=FH0urTlBMSJMXTJQ3tC31A%3D%3D
2248,Under Review,21 196590 WET 03 OZ,2021-08-11,"Zoning By-law Amendment for the development of a 10-storey mixed-use building including a total of 280 dwelling units, 743 square metres of non-residential gross floor area and 141 parking spaces within a two-level underground garage. The proposal includ",351 ROYAL YORK RD,3,19661,682,20343,278,http://app.toronto.ca/AIC/index.do?folderRsn=tZXmuBeSo19QOBzKfvvO3Q%3D%3D
2249,Under Review,24 114801 NNY 18 SA,2024-02-12,Proposal to construct a two-storey child care centre as part of redevelopment of site. Child care centre will have a gross floor area of 913 square metres and a height of 12.0metres. A total of 7 surface vehicle parking spaces are proposed along with 18,5800 YONGE ST,18,0,939,939,0,http://app.toronto.ca/AIC/index.do?folderRsn=bskKj%2FhrL8PwlcNdTsDfbQ%3D%3D
2250,Under Review,24 222002 NNY 15 SA,2024-10-04,"Site Plan Control Application for the proposed development of a 3-storey addition to the existing Senior School building, which will function as a performing arts centre. The building addition is 13.06m in height and comprises 3,160 m2 of new gross floor",318 LAWRENCE AVE E,15,0,3160,3160,0,http://app.toronto.ca/AIC/index.do?folderRsn=urnnbfzaWK69p0blsjiTxA%3D%3D
2251,Active,20 222605 ESC 20 SA,2020-11-25,"Development comprising of an 8 storey mixed-use building with commercial uses at grade and 43 residential units above. The application is proposed to have a total gros floor area of 4,649 sq.m and below grade parking.",2448-2450 KINGSTON RD,20,4524.47,134.53,4659,43,http://app.toronto.ca/AIC/index.do?folderRsn=SNncbonKgOFLdb2BPUWJBg%3D%3D
2252,Active,24 226394 STE 11 OZ,2024-10-15,"Zoning By-law Amendment to permit the demolition, renovation and reconfiguration of the existing Toronto Lawn Tennis Club clubhouse and the semi-detached dwelling located at 43 and 45 Price Street in order to provide a new clubhouse with up-to-date facil",44 PRICE ST,11,0,6316,6316,0,http://app.toronto.ca/AIC/index.do?folderRsn=I20Ryne%2B%2FJ2caahdHdgyyw%3D%3D
2253,Active,17 269557 ESC 39 SA,2017-11-30,construct retail plaza.,3101 KENNEDY RD,22,0,4877.08,4877.08,0,http://app.toronto.ca/AIC/index.do?folderRsn=e4G7%2Bwn5NXRZAle%2B74042w%3D%3D
2254,Built,20 230414 ESC 20 SA,2020-12-18,"Site Plan Control Application proposing the development of an 8-storey mixed use building.  The proposed GFA is 5,371 sq. m., comprised of 5,146 sq. m. residential and 225 sq. m. of grade related commercial space.  The total number of dwelling units prop",1161 KINGSTON RD,20,5146,225,5371,57,http://app.toronto.ca/AIC/index.do?folderRsn=oxG54UT1lUWzGsAjI58nvQ%3D%3D
2255,Active,15 208844 STE 28 OZ,2015-08-18,This application proposes to amend the Zoning By-law for the lands at 141 Bay Street and a portion of the adjoining Metrolinx Downtown Rail Corridor. This proposal is the second phase of a larger redevelopment that includes a 48-storey office tower at 45,141 BAY ST,10,0,127816.2,127816.2,0,
2256,Active,22 137382 STE 19 SA,2022-04-22,"A site plan application for a new public library building of 4-storeys (16.4 metres) and with a total gross floor area of 2,457 m2.",416 DAWES RD,19,0,2416,2416,0,http://app.toronto.ca/AIC/index.do?folderRsn=a7y4k2lBSlC6221cGwO9Wg%3D%3D
2257,Active,21 210738 WET 03 SA,2021-09-10,"Addition and Renovations to Meat Packaging Plant. Expand Office Area, 2 Storey and Production Area with Coolers on 2nd Storey. Parking Area provided North of Building with Acquisition of Lots to Include Address 111-127(Increase Existing Site 4818m2 lot s",121 SHORNCLIFFE RD,3,0,7172.6,7172.6,0,http://app.toronto.ca/AIC/index.do?folderRsn=jSXKbiJ30XxT904L4Btelw%3D%3D
2258,Built,19 182689 ESC 21 SA,2019-07-04,"Proposal for a new fleet maintenance building (City of Toronto) having a gross floor area of 5,751 square metres, with 83 vehicular and 20 bicycle parking spaces.",1050 ELLESMERE RD,21,0,7043,7043,0,http://app.toronto.ca/AIC/index.do?folderRsn=%2BNQakReev2%2F88IAubcCGXw%3D%3D
2259,Active,18 189938 STE 22 OZ,2018-07-06,"The City has received applications to amend the Official Plan and Zoning By-law for a 44-storey (150 metres tall including the mechanical penthouse) mixed-use building with 293 dwelling units and retail uses at grade. Overall, a total of 34,869  square m",1 DELISLE AVE,12,32375,1640,34015,371,http://app.toronto.ca/AIC/index.do?folderRsn=22PQdDrYKWXrYUitfuTwUA%3D%3D
2260,Under Review,21 192052 ESC 24 OZ,2021-07-30,REVISED PROPOSAL: Revised Zoning By-Law Amendment Application and site plan application (23 139161 ESC 24 SA) is to permit the development of a 24-storey building with a 7-storey podium that steps down to the adjacent properties to the north and east. Th,3718 KINGSTON RD,24,30278,673,30951,419,http://app.toronto.ca/AIC/index.do?folderRsn=8jdKwifrL6rX01SeBOSBJg%3D%3D
2261,Active,25 150915 ESC 20 OZ,2025-04-29,Proposal for a 650-square-metre addition to the existing single-storey building for a municipal shelter with approximately 80 beds.,2535 GERRARD ST E,20,1749,0,1749,19,http://app.toronto.ca/AIC/index.do?folderRsn=f20HXfoegb%2F22PlvfrhkUg%3D%3D
2262,Active,19 262835 STE 14 SA,2019-12-18,"Proposal to demolish the existing 670m2 Enbridge operations building and construct a new three-storey office space facility fronting onto Eastern Avenue. Below-grade parking is proposed, and accesses as well as the existing rear operations yard will be r",405 EASTERN AVE,14,0,7555,7555,0,http://app.toronto.ca/AIC/index.do?folderRsn=a%2BweZ85KZMhtLHJvltMgIg%3D%3D
2263,Under Review,14 147891 STE 30 OZ,2014-04-28,The revised proposal continues to contemplate a triangular-shaped residential/mixed-use   devlopment. The revised proposal consists of a 10-storey (34.67 metres plus 5.0 metres to the top of a mechanical penthouse) mid-rise building. The building will co,354-358 PAPE AVE,14,3217,462,3679,41,http://app.toronto.ca/AIC/index.do?folderRsn=FP%2BCpffK6Lh4aaQ0suPsOQ%3D%3D
2264,Active,21 234917 STE 12 OZ,2021-11-05,Zoning by-law amendment application for a 31-storey residential building connected to an 8-storey building at 305 Balliol Street.,289 BALLIOL ST,12,18075,0,18075,273,http://app.toronto.ca/AIC/index.do?folderRsn=ZeP7BgaSVPoSEHrTjPRaOg%3D%3D
2265,Under Review,18 208427 WET 11 OZ,2018-08-13,Proposal to develop the property with 98 back-to-back townhouse units and the renovation of the existing two-storey employment building. The townhouse units will be located within 5 blocks along private condominium roads. The existing 2-storey building f,2650 ST CLAIR AVE W,5,15858,3794,19652,96,http://app.toronto.ca/AIC/index.do?folderRsn=lIJkdcdSVKrzm9UJbOz2EQ%3D%3D
2266,Active,17 190839 STE 20 OZ,2017-06-30,"Zoning By-law Amendment to permit a 47-storey mixed-use building (156.9 metres, including mechanical penthouse), with a total of 612 residential units and approximately 3419 square metres of ground floor retail space and second floor office space.  The t",400 KING ST W,10,38575,3491,42066,612,http://app.toronto.ca/AIC/index.do?folderRsn=9HOr7m1lVal0EtqK7ZXfzw%3D%3D
2267,Built,16 118618 NNY 24 OZ,2016-02-19,"Official Plan and Zoning By-law Amendment applications to permit a mixed use building containing: 879 square metres of retail fronting on Sheppard Avenue; 13,016 square metres of residential gross floor area (178 dwelling units) with a 3 storey, 6 unit t",627 SHEPPARD AVE E,17,16240.2,417.5,16657.7,238,http://app.toronto.ca/AIC/index.do?folderRsn=lkecXxN29xDphoNWiM%2FY0A%3D%3D
2268,Under Review,24 121126 STE 04 OZ,2024-03-01,"Zoning By-law Amendment and Rental Housing Demolition & Conversion application to permit a 19-storey mixed-use building, containing 144 dwelling units (of which 12 are rental replacement units) and 380 square metres of non-residential gross floor area.",1938 BLOOR ST W,4,12159,325,12484,137,http://app.toronto.ca/AIC/index.do?folderRsn=ShD04eyUtlngTGFxV7%2FwFA%3D%3D
2269,Active,13 203675 STE 19 OZ,2013-07-12,"Official Plan Amendment and Re-Zoning application to permit a 9-storey mixed use development including office, retail, and residential uses.  The total proposed residential gross floor area will be 26,221 square metres and the non residential gross floor",840 DUPONT ST,11,26144.5,3067.1,29211.6,328,http://app.toronto.ca/AIC/index.do?folderRsn=8j%2F3t9%2BO6RWK32MxZqf53w%3D%3D
2270,Built,17 277713 NNY 15 SA,2017-12-20,"Site Plan application for phases 1D-1F of the phase 1 of the Lawrence Heights revitalization. Application proposed the development of 28 three storey building blocks with 222 townhouse units, 52 of these are TCHC replacement social housing units. Residen",11 BAGOT CRT,8,51047.84,0,51047.84,222,http://app.toronto.ca/AIC/index.do?folderRsn=MUtH0wSWuyIPjBH5lyR2Rw%3D%3D
2271,Active,22 129491 STE 09 SA,2022-04-01,"Site Plan Approval for an 11-storey mixed-use building having a non-residential gross floor area of 5755.70 square metres, and a residential gross floor area of 15,948.80 square metres.  211 residential dwelling units are proposed.",1141 BLOOR ST W,9,15395,5798,21193,211,http://app.toronto.ca/AIC/index.do?folderRsn=WIZXw%2FpEOCHNCn4VD1pHQA%3D%3D
2272,Active,12 276890 STE 20 OZ,2012-11-09,Rezoning application to permit the redevelopment of the lands municipally known as 266 -322 King Street west for the purposes of a new mixed use development on two parcels.  The East Parcel would be developed with an 85 storey mixed use building.  The We,266-270 KING ST W,10,155962,3229,159191,2268,
2273,Under Review,23 159680 STE 14 OZ,2023-06-12,Official Plan and Zoning By-law amendment applications to facilitate the construction of  a C shaped residential building with a 14-storey building element to the north and a 16 storey element to the south connected by a five storey podium including 313,1099 BROADVIEW AVE,14,29847.8,632.7,30480.5,313,http://app.toronto.ca/AIC/index.do?folderRsn=QMLnugv38O4rNJvN9voOVA%3D%3D
2274,Active,22 205695 ESC 21 OZ,2022-09-19,"Jan. 13, 2025 Proposed 8 storey residential building includes the retention of an existing 16 storey apartment building. The proposed GFA is 12, 285.32sq.m., FSI 1.97. The proposal consist of 184 residential units. Proposed eight storey residential build",126 BELLAMY RD N,21,12247.31,0,12247.31,184,http://app.toronto.ca/AIC/index.do?folderRsn=YVEoXTIbL4%2F1kLN29z2Pfg%3D%3D
2275,Under Review,22 199142 NNY 18 OZ,2022-09-02,"Proposed development consists of a new 50-storey (155.8 metres) mixed-use building with a 6-storey podium, containing 427 residential units, a residential Gross Floor Area of 30,630 square metres, and a non-residential Gross Floor Area of 239 square metr",6979-6991 YONGE ST,18,29301.27,239.7,29540.97,427,http://app.toronto.ca/AIC/index.do?folderRsn=JWyfOaz4bevsaQ1BkzVhnw%3D%3D
2276,Built,16 145600 NNY 10 OZ,2016-04-25,"Proposal for a 10-storey, mixed-use building with 134 residential units and 447.0m2 of commercial space at grade.  Parking is proposed underground with 152 underground parking spaces.",700 SHEPPARD AVE W,6,9986.8,436,10422.8,134,http://app.toronto.ca/AIC/index.do?folderRsn=8B1yP8s60BmtVB3stc6dBA%3D%3D
2277,Active,22 140740 STE 14 OZ,2022-05-02,Zoning By-law Amendment application proposes partial demolition of the existing mixed-use building to construct a 7 storey (27.2 metres including mechanical penthouse) mixed-use building with 19 rental dwelling units and two commercial units. A total of,1400 GERRARD ST E,14,1338.4,121.8,1460.2,24,http://app.toronto.ca/AIC/index.do?folderRsn=lqaqoaH4Px3mm5lwAXHGEg%3D%3D
2278,Active,22 178545 NNY 08 SA,2022-07-18,"Proposal for demolition of the existing infirmary building and construction of an addition, interior alteration to the existing heritage building with new main entrance, gymnasium and cafeteria, and new parking drop-off driveway - Loretto Abbey Catholic",101 MASON BLVD,8,0,2453.92,2453.92,0,http://app.toronto.ca/AIC/index.do?folderRsn=deVIjYR4BCXmanTzb2WGjQ%3D%3D
2279,Active,20 160774 STE 10 SA,2020-06-26,"Proposal for a 6-storey mixed-use building containing19 residential dwelling units.  The proposed non-residential gross floor area is 136 square metres, and the proposed residential gross floor area is 1118 square metres.",835 QUEEN ST W,10,1118.1,136.9,1255,19,http://app.toronto.ca/AIC/index.do?folderRsn=dQ0egZScCDK5L97FoXfmQw%3D%3D
2280,Under Review,24 123608 STE 13 OZ,2024-03-08,"Combined Official Plan & Zoning By-law amendment for a 68-storey mixed-use building comprised of approximately 44,737 square metres of residential gross floor area with 679 dwelling units and 402 square metres of grade-related retail space.",543 YONGE ST,13,44737,402,45139,679,http://app.toronto.ca/AIC/index.do?folderRsn=oxr4dFA%2FPsgMAj57qsC5hA%3D%3D
2281,Active,22 192578 STE 12 OZ,2022-08-18,"May 2023 resubmission: The application has been revised as follows: A 73.5 metre (19-storey nclusive of mechanical penthouse) mixed-use building is proposed with 17,930 square metres of gross floor area of which 200 square metres is non-residential. 98 r",429 WALMER RD,12,17130,0,17130,48,http://app.toronto.ca/AIC/index.do?folderRsn=JWtQH%2B%2BexSO6%2BffqG%2FwAfA%3D%3D
2282,Active,17 162972 WET 17 SA,2017-05-19,"Site Plan application for proposed 12-storey mixed use building containing 173 residential condominium units with retail on the ground floor and underground parking. The proposed development would have a total residential gross floor area of 12,481 squar",908 ST CLAIR AVE W,9,12481,656,13137,173,http://app.toronto.ca/AIC/index.do?folderRsn=mmGqgnzLUnPIl9S90MVOsQ%3D%3D
2283,Under Review,23 183133 ESC 22 SA,2023-08-01,The proposal consists of a 14-storey mixed use building with 158 dwelling units. The Site Plan Refusal Letter was issued in February 2024 as the proposal was found zoning non-compliant. Revisions are undergoing.    Site Plan Approval for a 15-storey mixe,2992 SHEPPARD AVE E,22,10600.3,142,10742.3,158,http://app.toronto.ca/AIC/index.do?folderRsn=9y9c0xvea6Z6IslAOGZw1A%3D%3D
2284,Under Review,21 235947 STE 10 OZ,2021-11-09,Application to amend the Zoning By-law to allow a 16-storey mixed-use building with a height of 52 metres (58.15 metres including the mechanical penthouse). A total of 237 residential units are proposed.    OLT Approved (OLT-22-003265)    Related App 23,39 CAMDEN ST,10,13739,349,14088,237,http://app.toronto.ca/AIC/index.do?folderRsn=1Q%2B9MVroNbAaxeB9nInp1g%3D%3D
2285,Built,22 110986 WET 01 SA,2022-02-04,To construct a two-storey data centre (communications/technology facility) with a one storey office/administrative wing at the west end of the site.,0 LOWE'S PL,1,0,25864,25864,0,http://app.toronto.ca/AIC/index.do?folderRsn=SJZqsXtifIKcxR3PnSGH%2FQ%3D%3D
2286,Built,12 111249 WET 04 OZ,2012-01-24,"Proposal for a  mixed use development (Humbertown) at 259, 270 The Kingsway and 1144 Royal York Road.",270 THE KINGSWAY,2,51202,19283,70485,592,
2287,Under Review,23 145949 NNY 15 OZ,2023-05-15,"On April 10, 2025, the OLT approved (with conditions) the appealed proposal to permit a 5-storey (21.7m + 4.8m MPH) residential building containing 62 units with a gross floor area of 13,235.1 sqm (FSI of 1.81). Vehicular access will be provided off of P",8 HYDE PARK CRCL,15,13422.34,0,13422.34,62,http://app.toronto.ca/AIC/index.do?folderRsn=a59WVlTl5fibMJDR80oNhQ%3D%3D
2288,Active,19 232228 WET 03 OZ,2019-10-04,"The application is proposing to amend the Zoning By-law to permit a 44-storey mixed-use building consisting of 509 dwelling units, 246 square metres of non-residential gross floor area at grade, and a publicly accessible space.",4 BEAMISH DR,3,31872,240,32112,530,http://app.toronto.ca/AIC/index.do?folderRsn=Ekp%2FEMEIPYoVMb5frrsuAw%3D%3D
2289,Under Review,20 160837 STE 10 OZ,2020-06-26,"Revised Zoning Amendment proposal to permit a 58-storey (185 metre tall, including the mechanical penthouse) mixed-use building containing ground floor retail and 557 residential units above. The north, west and a portion of the south facade of the herit",355 ADELAIDE ST W,10,34213,120,34333,551,http://app.toronto.ca/AIC/index.do?folderRsn=zEN9NWxPVHk4%2By82aNmx3g%3D%3D
2290,Active,21 176276 NNY 15 OZ,2021-06-26,Application to demolish the existing two-storey residential building with three dwelling units and construct a new four-storey apartment building with a height of 12.95 metres and 16 dwelling units.,47 RANLEIGH AVE,15,1147.62,0,1147.62,16,http://app.toronto.ca/AIC/index.do?folderRsn=s8aV4aWdB2ijIMlhp8%2BZrw%3D%3D
2291,Active,16 226894 WET 12 SA,2016-09-22,"Proposed development of a 3-storey building containing 9 rental stacked townhouse units and a GFA of 1,052 sq. m. The existing 9-storey rental apartment building (7,686 sq. m) would be retained on the site. Alterations to the existing parking, waste coll",2110 KEELE ST,5,1052,0,1052,9,http://app.toronto.ca/AIC/index.do?folderRsn=b07nDTMevpsOBJOaYn1mnA%3D%3D
2292,Built,18 153780 NNY 15 OZ,2018-05-04,This application proposes to construct a mixed-use mid-rise building with a height of 9-storeys and a partial 10th storey incorporating a mechanical penthouse and additional habitable space that also provides access to a roof top terrace.  The building w,2788 BATHURST ST,8,22356,3729,26085,126,http://app.toronto.ca/AIC/index.do?folderRsn=UCmnraJCc4JmFeTAfxsbdg%3D%3D
2293,Under Review,24 185488 NNY 18 OZ,2024-07-22,"Proposed 42-storey residential building with 30,601 square metres of GFA and 540 dwelling units. The proposed building would contain 134 parking spaces and 406 bicycle parking spaces.",2810 BAYVIEW AVE,18,30845,0,30845,477,http://app.toronto.ca/AIC/index.do?folderRsn=rzOIu88fpBrv%2F4i1e7P1UA%3D%3D
2294,Built,16 216502 NNY 15 OZ,2016-09-01,"The development consists of three tall buildings that would be 23, 27 and 29 storeys high, with a total gross floor area of 62,528 square metres including 61,190.6 square metres of Residential, 525 square metres of Retail, and 812.5 square metres of Inst",3450 DUFFERIN ST,8,63134,2234.6,65368.6,759,http://app.toronto.ca/AIC/index.do?folderRsn=UrWVsVgw7ULW%2B9nQJh%2B7oA%3D%3D
2295,Active,19 243755 NNY 18 OZ,2019-10-31,Official Plan and Zoning By Law Amendment application for the proposal of a mid rise mixed use building that comprises an entire block along Yonge Street between Pleasant Avenue and Goulding Avenue. The proposed building would have 521 residential units,6150 YONGE ST,18,44692.4,1418.8,46111.2,674,http://app.toronto.ca/AIC/index.do?folderRsn=RZUQb%2FW%2FUMQ58vQPU1ATaA%3D%3D
2296,Under Review,23 140846 NNY 08 SA,2023-05-03,"Site Plan Approval application for two one-storey industrial buildings. The proposed buildings would accommodate warehouse uses with accessory office consisting of  43,449 square metres of gross floor area (GFA) and a floor space index (FSI) of 0.48.  A",1100 CALEDONIA RD,8,0,56734.73,56734.73,0,http://app.toronto.ca/AIC/index.do?folderRsn=ZMKuGpY%2FR7E0Pz8zZpx%2FDQ%3D%3D
2297,Active,20 220898 STE 11 OZ,2020-11-20,"Zoning By-law Amendment application to permit a 27-storey residential building, containing 270 dwelling units. The proposal includes a 130 square metre POPS.",717 CHURCH ST,11,17624,0,17624,303,http://app.toronto.ca/AIC/index.do?folderRsn=Aa6GskA5FLik94yS5n4tPw%3D%3D
2298,Under Review,23 154398 STE 10 SA,2023-06-01,Ontario Line Exhibition Station,1 JEFFERSON AVE,10,0,22472,22472,0,http://app.toronto.ca/AIC/index.do?folderRsn=6j4WAj5FOzrBH4AhM4s3uQ%3D%3D
2299,Active,20 102415 STE 10 SA,2020-01-08,"Proposal for a 7-storey research building comprised of 31,421 m2 of non-residential gross floor area on the south side of stokes street to the west of Shaw Street.  Phase 1D of CAMH redevelopment.",1001 QUEEN ST W,10,0,31421,31421,0,http://app.toronto.ca/AIC/index.do?folderRsn=ZAnyDy8vZooh4UD7yy4uWA%3D%3D
2300,Built,19 192154 NNY 17 OZ,2019-07-19,"Official Plan and Zoning by Law Amendment application to permit an 12 storey mixed use building with 169 residential units and a total gross floor area of  10,829 m2. Vehicluar access to the site will be provided by a single driveway via Sheppard Avenue",699 SHEPPARD AVE E,17,10789,0,10789,174,http://app.toronto.ca/AIC/index.do?folderRsn=%2FZGwBm%2FDsuLOtGy3yYoGfQ%3D%3D
2301,Active,22 138766 ESC 20 SA,2022-04-26,"Site Plan Approval for redevelopment of the former Eli Lily site into a state of the art data centre comprised of 42,883 square meters of redesigned and new industrial/ office space.",3650 DANFORTH AVE,20,0,39858.6,39858.6,0,http://app.toronto.ca/AIC/index.do?folderRsn=93E41KMOH9FY02VTKetuNw%3D%3D
2302,Active,14 266161 ESC 41 SA,2014-12-19,"Proposed Site Plan application  to construct two new buildings ""Bld A"" & ""Bld B"" to be used as auto repair facilities.",95 STATE CROWN BLVD,23,0,2405.78,2405.78,0,
2303,Built,17 244663 WET 05 OZ,2017-10-06,Proposal for an eight story mixed use building with 665 m2 commercial spaces at grade. Proposal to include residential gross floor area of 7494m2,880 THE QUEENSWAY,3,7494,671,8165,103,http://app.toronto.ca/AIC/index.do?folderRsn=fcW2x%2F%2B5C%2Fd%2BIkBwZO2oHw%3D%3D
2304,Active,23 146691 STE 10 SA,2023-05-16,Ontario Line Osgoode Station,205 QUEEN ST W,10,0,12418,12418,0,http://app.toronto.ca/AIC/index.do?folderRsn=hNKRCqquMb%2BA%2FprsneWoRA%3D%3D
2305,Built,15 264792 WET 05 OZ,2015-12-14,Proposed amendments to the Etobicoke Zoning Code (Site Specific By-law No. 514-2003) to permit a mixed-use development consisting of  545 residential units (12 of which are to be affordable rental dwelling units ) within two new residential buildings wit,1025 THE QUEENSWAY,3,39264,2724,41988,532,http://app.toronto.ca/AIC/index.do?folderRsn=ZCccPrj%2FCvzsO9%2FQwYqOZQ%3D%3D
2306,Under Review,23 153890 NNY 18 SA,2023-05-31,"Site Plan Application for Phase 1 (western towers) of 46 and 48 storeys. A total gross floor area of 71,030.1 square metres of residential uses with 999 dwelling units are proposed for this phase. 799 vehicular parking spaces are included in the Phase 1",5800 YONGE ST,18,70339.2,386.3,70725.5,1016,http://app.toronto.ca/AIC/index.do?folderRsn=qazR%2FagKMaaCLKxfQ5D%2BOA%3D%3D
2307,Under Review,24 254706 STE 19 OZ,2024-12-31,"Proposal for a residential building with a height of 39 storeys inclusive of a four storey podium, containing  452 dwelling units. The project would include 69  vehicle parking spaces in three above-grade levels and 508 bike parking spaces. The site incl",6 DAWES RD,19,32343,49.7,32392.7,452,http://app.toronto.ca/AIC/index.do?folderRsn=PW0h6WYQi65hkfHerzRNmg%3D%3D
2308,Built,11 330487 NNY 23 OZ,2011-12-23,"To revise the existing site specific by-laws to include an increase in building height, clarifying the list of permitted uses and refining the applicable commercial and institutional parking standards",4917-4975 YONGE ST,18,37215.3,8518.75,45734.05,478,
2309,Under Review,24 146962 STE 11 OZ,2024-05-10,"A proposal to construct a 10-storey (50 metres, mechanical not included) residential building, above an existing 4-storey heritage building. The proposal includes 70 new dwelling units, and maintains the existing 24 rental dwelling units.",41 SPADINA RD,11,5135,0,5135,70,http://app.toronto.ca/AIC/index.do?folderRsn=GjCCH6hObaELC74YJ1cZlw%3D%3D
2310,Active,21 151369 STE 13 SA,2021-05-07,"Site Plan Approval for a 13-storey non-profit long-term care facility, comprised of 348 long-term care beds in combination with a Seniors Assessment Centre, a Dialysis Clinic, a Personal Support Worker College program and a café/bistro at Cherry and Fro",55 EASTERN AVE,13,0,24272,24272,0,http://app.toronto.ca/AIC/index.do?folderRsn=60d3y2OTKy4QYs7y2VLA3g%3D%3D
2311,Under Review,23 143869 WET 03 SA,2023-05-10,Replacing existing 440 m2 storage warehouse with a proposed 2663 m2 storage warehouse of purlin bearing panel construction at the rear of the site. Main building on site to remain.,54 ATOMIC AVE,3,0,2525,2525,0,http://app.toronto.ca/AIC/index.do?folderRsn=yJqkG%2FcXlSzlNKI1KtbwBg%3D%3D
2312,Active,22 203333 STE 13 OZ,2022-09-14,"As further described in the application materials, we are proposing to remove the existing building at 33 Maitland as well as the rear section of 37 Maitland and redevelop the property with a design-forward residential project. The main street-facing vol",33 MAITLAND ST,13,37937,0,37937,501,http://app.toronto.ca/AIC/index.do?folderRsn=ewlzydERgIyQyOu1nDfJfQ%3D%3D
2313,Active,21 203868 STE 12 OZ,2021-08-25,"Zoning By-law Amendment application to permit residential building with two towers, 59 and 55 storeys , comprising 1,374 residential units, daycare facility and a gross floor area of 97,194 square metres.  A 575.3-square-metre public park is proposed.The",61 BROWNLOW AVE,12,96685,935,97620,1409,http://app.toronto.ca/AIC/index.do?folderRsn=pbDsZfOxsz6DMKSkNV4lHg%3D%3D
2314,Under Review,20 174472 ESC 23 SA,2020-07-29,One-storey rear addition to existing industrial building.,2255 MARKHAM RD,23,0,4443,4443,0,http://app.toronto.ca/AIC/index.do?folderRsn=aqgIMOx%2BWw7%2Bi5G%2FDyXZ2A%3D%3D
2315,Active,25 133694 STE 11 OZ,2025-03-24,"Application to permit a 16-storey building at 604-610 Bay Street and a 43-storey building at 130 Elizabeth Street. The proposed development integrates the designated heritage Coach Terminal building and includes 1,623 square metres of retail space and 4,",604 BAY ST,11,59704,5502,65206,827,http://app.toronto.ca/AIC/index.do?folderRsn=XVqEf7KSCW%2BODr%2FFlP%2FB3w%3D%3D
2316,Active,20 230695 NNY 17 OZ,2020-12-18,"Zoning bylaw Amendment to retain the existing 13-storey rental apartment building with 155 residential units, construct a 14-storey rental apartment building with 182 residential units, and construct a 10-storey condominium apartment building with 127 re",10 RUDDINGTON DR,17,19864,0,19864,244,http://app.toronto.ca/AIC/index.do?folderRsn=z6%2FrvmD5SElPIDRzgju9bg%3D%3D
2317,Active,22 113864 NNY 17 OZ,2022-02-14,"Official Plan and Zoning by-law Amendment application to facilitate the redevelopment of the site for a 25-storey residential building containing 325 dwelling units, of which, 22 units are replacement purpose-built rentals.  The proposed residential gros",23 GREENBRIAR RD,17,22131.1,0,22131.1,325,http://app.toronto.ca/AIC/index.do?folderRsn=H05CADKVUDQJiJEj256ztw%3D%3D
2318,Active,16 182232 NNY 26 OZ,2016-06-28,"Five townhomes.  LPAT approved February 19, 2019 Case No. PL170134",32 EVERGREEN GDNS,15,1632.9,0,1632.9,5,http://app.toronto.ca/AIC/index.do?folderRsn=y011gZ04plO1aClQgpxblA%3D%3D
2319,Under Review,24 142776 WET 07 OZ,2024-05-01,"A Zoning By-law Amendment application to facilitate an infill development to construct a 29-storey residential apartment building containing 451 new dwelling units, ranging from studio to three-bedroom units, and grade-related townhome units. The develop",2775 JANE ST,7,26665,0,26665,420,http://app.toronto.ca/AIC/index.do?folderRsn=Ry53tv3wFuM%2FTImeYBBoxQ%3D%3D
2320,Built,20 153356 NNY 15 OZ,2020-06-08,"Resubmission to include 5 additional lots to the north and south of the subject site have been acquired by the Owner. The expanded subject site now includes the properties municipally known as 1710, 1712, 1714, 1716 and 1736 Bayview Avenue. The revised p",1710 BAYVIEW AVE,15,16020,432,16452,197,http://app.toronto.ca/AIC/index.do?folderRsn=sbDYyMIpISQZ1zSV0WR%2FtQ%3D%3D
2321,Built,19 260968 WET 03 OZ,2019-12-13,Proposal for a 10-storey mixed-use building containing 206 dwelling units and a total gross floor area of 14 428 square meters of which 327 square meters would be retail space.  The development would have 2  levels of underground parking with a total of,801 THE QUEENSWAY,3,14428,327,14755,206,http://app.toronto.ca/AIC/index.do?folderRsn=YNk2wG%2FBYUQLGQKYUAtEgg%3D%3D
2322,Active,21 148097 STE 11 OZ,2021-04-30,"Official Plan and Zoning By-law Amendment application to permit a 6-storey residential building, containing 42 dwelling units. An Official Plan Amendment is required to redesignate the site from Neighbourhoods to Mixed Use Areas.",287 CHRISTIE ST,11,4952,70,5022,65,http://app.toronto.ca/AIC/index.do?folderRsn=pU9qmwt7cYgp4TOHmJO%2BIg%3D%3D
2323,Active,22 222952 ESC 22 OZ,2022-10-27,"Zoning By-law Amendment application for three four-storey stacked and back-to-back townhouse buildings with rooftop access, containing 68 units. This file is also associated with an Official Plan Amendment application (File No. 23 216720 ESC 22 OZ) and a",2221 KENNEDY RD,22,9110,0,9110,68,http://app.toronto.ca/AIC/index.do?folderRsn=ltGDSw1%2FUg2yBFXcj4buVA%3D%3D
2324,Active,19 108243 NNY 18 SA,2019-01-24,"The Local Planning Appeal Tribunal (LPAT) decision of July 20, 2018 approved in principle the redevelopment of the site (5840-5870 Yonge St) for mixed-use development.  Refer to Case Number PL160863.  This site plan application proposes a 32-storey resid",5840 YONGE ST,18,33195,0,33195,407,http://app.toronto.ca/AIC/index.do?folderRsn=PqnPELQrT1Gz0z5euXyuAw%3D%3D
2325,Active,18 178870 ESC 44 OZ,2018-06-15,This is a zoning by-law amendment application to permit a residential development consisting of two 11-storey residential buildings and a public park. A total of 417 residential units and 5 live-work units are proposed.,7437 KINGSTON RD,25,28932,0,28932,422,http://app.toronto.ca/AIC/index.do?folderRsn=bdBd15B6S4P1pUS%2BamhT6Q%3D%3D
2326,Under Review,23 168385 NNY 08 SA,2023-06-30,Site Plan Control application for a new 5-storey motor vehicle dealership with 663 parking spaces.,130-150 BRIDGELAND AVE,8,0,7492.49,7492.49,0,http://app.toronto.ca/AIC/index.do?folderRsn=6Oj9AsB4%2BrK8XaR7zUZIuw%3D%3D
2327,Active,22 108115 WET 05 SA,2022-01-27,"Proposed development for an 8 storey affordable housing residential building at 1550 Weston Road,  containing a total of  50 residential uses and amenity spaces. Severed via consent application.",1552 WESTON RD,5,2254,0,2254,50,http://app.toronto.ca/AIC/index.do?folderRsn=SyfAVNTPTtqChG5WJ4YRPg%3D%3D
2328,Active,22 162536 WET 02 OZ,2022-06-15,"Original Proposal: Proposing to redevelop the subject lands with ten (10) townhouse units. The proposed development is to have a total gross floor area (GFA) of 2,093.00 square metres (22,529 square feet), resulting in a density of 1.066 Floor Space Inde",419 BURNHAMTHORPE RD,2,2977.7,0,2977.7,18,http://app.toronto.ca/AIC/index.do?folderRsn=9zpclri3viCIcmNW4qjtUg%3D%3D
2329,Built,01 036261 NNY 07 OZ,2002-01-07,,2277-2295 SHEPPARD AVE W,7,0,5361.12,5361.12,0,
2330,Active,15 255425 STE 20 OZ,2015-11-23,"This application has been appealed to the Ontario Muncipal Board by the applicant.  This submission is a settlement proposal proposed by the applicant.  A mediation meeting has been scheduled by the Ontario Municipal Board for Februrary 12, and 13, 2018.",122 PETER ST,10,22886,1243,24129,385,http://app.toronto.ca/AIC/index.do?folderRsn=Gh71yrLi5JM99MLLCiR1dw%3D%3D
2331,Active,19 155827 NNY 17 SA,2019-05-17,"Proposal for three towers (19, 27 and 31-storeys) atop a 6-storey podium with a total of 990 residential units, 80,247 square-metres of residential gross floor area, and 1,995 square-metres of non-residential gross floor area.",1001 SHEPPARD AVE E,17,80246.56,1995,82241.56,990,http://app.toronto.ca/AIC/index.do?folderRsn=FtYnljatXvpImr1NwOJExg%3D%3D
2332,Active,23 112047 STE 10 OZ,2023-02-09,The purpose of this application is to amend the City of Toronto Zoning By-law 569-2013 to permit a 4-storey apartment building containing 12 dwelling units in the rear of the site at 100-104 Beverley Street. The site contains an existing 3-storey apartme,100 BEVERLEY ST,10,844,0,844,12,http://app.toronto.ca/AIC/index.do?folderRsn=M4OLF%2B8bjtlKfypMXpgYeA%3D%3D
2333,Under Review,21 235229 NNY 08 OZ,2021-11-08,"Zoning by-law amendment to facilitate the redevelopment of the site for a 24-storey mixed use building and a 9-storey apartment building.  the proposed total non-residential gross floor area is 883 square metres, and the proposed residential gross floor",2402 DUFFERIN ST,8,31132,520,31652,505,http://app.toronto.ca/AIC/index.do?folderRsn=4ssV4GcXebunq%2F7VdQYPyw%3D%3D
2334,Active,18 268779 STE 12 OZ,2018-12-14,The City has recevied applications to amend the Official Plan and Zoning By-law for a new 13-storey (44 metres plus a 5.5-metre mechanical penthouse) seniors care facility containing 147 units (62 memory care units; 21 assited living units; 64 independen,145 BALMORAL AVE,12,5355,8369,13724,64,http://app.toronto.ca/AIC/index.do?folderRsn=TFUnhuHtR8DSLBePW9GIYw%3D%3D
2335,Active,24 123236 ESC 25 SA,2024-03-07,Site Plan Application for the construction of a one-storey herd pen for the Toronto Zoo's wildebeest enclosure.,361 A OLD FINCH AVE,25,0,269.24,269.24,0,http://app.toronto.ca/AIC/index.do?folderRsn=Tu%2FKXH6dLAtNnx%2BfwjkeJA%3D%3D
2336,Under Review,22 170531 NNY 08 OZ,2022-06-30,"Proposal for a redevelopment of a 24-storey mixed-use building with 306 residential dwelling units, 525 square metres of grade-related retail space fronting onto Montgomery Avenue, 124 vehicular parking spaces, 348 bicycle parking spaces, and one loading",34 MONTGOMERY AVE,8,23716.8,0,23716.8,335,http://app.toronto.ca/AIC/index.do?folderRsn=Airq5oJm6FIXtjBXTyLtSA%3D%3D
2337,Built,12 137224 ESC 42 SA,2012-03-15,This is a  revised residential development proposal of 50 affordable ownership townhouse units comprised of 3 blocks of back to back townhouse units. An underground parking area is proposed under Block C only. The site is zoned MF (Multiple Family) subje,140 PINERY TRL,23,5563.1,0,5563.1,50,
2338,Built,17 248145 ESC 42 SA,2017-10-16,"This site plan control application is to permit a 27,414.45 (295,087 sq.ft.) square metre industrial warehouse building. The new industrial building would be used for warehousing/logistics operations.The existing industrial building on the site would be",75 VENTURE DR,25,0,27414.45,27414.45,0,http://app.toronto.ca/AIC/index.do?folderRsn=LbY18Ej6%2Fg00gVn7x2GqOg%3D%3D
2339,Built,14 174774 STE 20 OZ,2014-06-16,To re-zone the subject lands  for the purposes of constructing a two new buildings.  A 14 storey residential apartment building containing 184 units with below grade parking and a three-storey building which will be an art gallery.,60 MC CAUL ST,10,13910,143,14053,189,
2340,Under Review,23 167843 STE 10 SA,2023-06-29,"Site Plan Control application for Quayside Building 1A - ""The Western Curve""    Proposed 68-storey (222.7 m) mixed-use building containing 910 residential units and 9035 sqm of institutional space for use by an educational institution.  The proposal incl",259 LAKE SHORE BLVD E,10,58994,9035,68029,910,http://app.toronto.ca/AIC/index.do?folderRsn=T%2FSejA1bS6%2Btw2EDPSHWUA%3D%3D
2341,Under Review,25 133899 NNY 06 SA,2025-03-24,Site plan control application proposing  a 1-storey wood panel manufacturing building.,1377 SHEPPARD AVE W,6,0,12226,12226,0,http://app.toronto.ca/AIC/index.do?folderRsn=WvrSc65rkNWKM4Lw9yP%2FBA%3D%3D
2342,Under Review,25 139649 NNY 15 SA,2025-04-04,Site Plan Control contemplates a 5 storey Catholic Elementary School with 88 pupil place childcare and a 45 space underground parking to replace existing Catholic Elementary School.,14 BROADWAY AVE,15,0,10079,10079,0,http://app.toronto.ca/AIC/index.do?folderRsn=wtD38It7FMGD4PcGPz5MoQ%3D%3D
2343,Under Review,25 155953 STE 09 OZ,2025-05-07,"Zoning By-law Amendment for a 43-storeys mixed use building. The building will contain 638 residential units and an overall height of 133.5 metres, including a 5.0-metre mechanical penthouse.",2343 EGLINTON AVE W,9,45963,878,46841,638,http://app.toronto.ca/AIC/index.do?folderRsn=hjvdkN1wz52oYSCj2sLVlw%3D%3D
2344,Under Review,25 165357 STE 04 OZ,2025-05-26,"Zoning By-law Amendment for a 11-storey mixed-use building which includes a total of 189 residential dwelling units, including 6 rental replacement units and 460 square metres of retail space at grade.",3316 DUNDAS ST W,4,12783,460,13243,189,http://app.toronto.ca/AIC/index.do?folderRsn=afoDxDhugTHBK0Tic0Qg2w%3D%3D
2345,Under Review,25 166552 NNY 18 OZ,2025-05-28,"OPA & Rezoning Application proposes the development of a 7-storey residential building. The building will provide a total of 40 residential units, being a mix of 2-bedroom and 3-bedroom.  A paved access from Finch Ave East will be provided, leading to 1",179 FINCH AVE E,18,3806.6,0,3806.6,40,http://app.toronto.ca/AIC/index.do?folderRsn=aD3w9%2FErLlv8DVnPsDQhHA%3D%3D
2346,Under Review,25 166590 STE 09 SA,2025-05-28,Site Plan Approval for a 3-storey switchgear building for Toronto Hydro.,1045 DUFFERIN ST,9,0,1120.36,1120.36,0,http://app.toronto.ca/AIC/index.do?folderRsn=xNE3GxWT4LcyEhlB8nWiTw%3D%3D
2347,Under Review,25 184214 STE 04 SA,2025-06-26,"Site Plan Control application for Phase 1 of 2400-2440 Dundas Street West, which consists of a 37-storey tower on a 3 storey podium (Tower A) and will include 447 purpose built rental units, 11 of which will be affordable units secured as in-kind contrib",2440 DUNDAS ST W,4,25764.5,3324.3,29088.8,459,http://app.toronto.ca/AIC/index.do?folderRsn=EaVRaQdkWKpBjN4XKExbHg%3D%3D
2348,Under Review,25 184923 STE 04 SA,2025-06-27,"Site Plan Control application for Phase 2 of 2400-2440 Dundas Street West, which consists of two towers at 25 and 42 storeys on a 2-storey shared podium with 56 affordable rental units. Phase 2 also includes a new public park, a POPs and a surface easeme",2440 DUNDAS ST W,4,45510.3,3114.6,48624.9,756,http://app.toronto.ca/AIC/index.do?folderRsn=tzpa3AbOR4gLYdn4w3ca0A%3D%3D
2349,Under Review,25 186202 STE 12 SA,2025-06-30,"Proposed 3 storey place of worship building on 542 St. Clair Avenue West (eastern portion), which would act as an extension to the existing Chabad of Midtown on 544-546 St. Clair Avenue West (western portion).",542 ST CLAIR AVE W,12,0,1822,1822,0,http://app.toronto.ca/AIC/index.do?folderRsn=BwdcL2ktzRdqDGMOBHkDaw%3D%3D
2350,Under Review,25 188115 WET 05 OZ,2025-07-04,"Proposal to replace the existing low-rise commercial building and associated  surface parking area with a 46-storey (147 metre, plus mechanical space) tower with a total of  gross floor area of 32,923 square metres, consisting of 512-residential units.",1151 WESTON RD,5,32608,315,32923,512,http://app.toronto.ca/AIC/index.do?folderRsn=uzaXCz2vqUaK7nhf8%2BHPyA%3D%3D
2351,Under Review,25 189153 WET 03 OZ,2025-07-07,"Proposal to permit a 16-storey mixed-use building with 343 units, two retail units at-grade, and 189 parking spaces within two levels of underground parking.",829 THE QUEENSWAY,3,25234,590,25824,343,http://app.toronto.ca/AIC/index.do?folderRsn=cCGyWXCfKDvKqtsIn2cjjA%3D%3D
2352,Under Review,25 191657 STE 12 OZ,2025-07-10,"The application proposes to redevelop the subject site by constructing a 49-storey residential building with a height of 162.15 m + 8.0 m MPH. The proposed redevelopment consists of a total gross floor area (GFA) of 34,588.9 sq. m., which results in a to",41 BERWICK AVE,12,34589,0,34589,552,http://app.toronto.ca/AIC/index.do?folderRsn=XfdoWtSZaHdOIxpD1Ex8Cg%3D%3D
2353,Under Review,25 191902 STE 09 SA,2025-07-10,Site Plan Approval for a 6-storey mass timber residential building for 19 affordable dwelling units.,976 COLLEGE ST,9,1243.42,0,1243.42,19,http://app.toronto.ca/AIC/index.do?folderRsn=ygjoFgonECMrXCPbTL7S3g%3D%3D
2354,Under Review,25 193910 NNY 15 OZ,2025-07-15,"OPA and Zoning By-law Amendment application proposes a mixed-use development consisting of two towers, 65 and 60 storeys in height, with residential and commercial uses at grade. The building will provide a total of 1,278 residential units, being a mix o",245 EGLINTON AVE E,15,84587.81,2850.4,87438.21,1278,http://app.toronto.ca/AIC/index.do?folderRsn=ry9wpSc%2Fp9o6myJz9ZSW5w%3D%3D
2355,Under Review,25 124765 ESC 24 SA,2025-03-04,"The proposed development for an Education Centre and parking garage is located on an existing surface parking lot in the northwest corner of the property. A total GFA of 46,577 square metres is proposed; 17,750 square metres are for the 6-storey L-shaped",2863 ELLESMERE RD,24,0,46577,46577,0,http://app.toronto.ca/AIC/index.do?folderRsn=G6Vy6sJUUh99qJ5c6rxTWw%3D%3D
2356,Under Review,24 252341 ESC 24 OZ,2024-12-19,"Official Plan and Zoning By-law Amendment applications for the lands to facilitate the construction of a mixed-use development (on the south portion of the site only) consisting of two residential towers (34 and 42 storeys) atop a shared base building, c",1774 ELLESMERE RD,24,54858.5,393.6,55252.1,880,http://app.toronto.ca/AIC/index.do?folderRsn=jVAby7a6F%2F0T14HNGw10rw%3D%3D
2357,Under Review,24 222084 ESC 25 SA,2024-10-04,"Site Plan Amendment to expand the existing 2-storey East Court Ford Lincoln dealership on the Subject Lands. The current Gross Floor Area (""GFA"") is 2,336.69 square metres, and the proposed additions, which includes a new service area and showroom, will",958 MILNER AVE,25,0,2350.61,2350.61,0,http://app.toronto.ca/AIC/index.do?folderRsn=IDW%2BU%2BZJiBgH%2FnMzx5rEaA%3D%3D
2358,Under Review,24 254930 ESC 20 OZ,2024-12-31,"OPA and Rezoning application to permit the development of 2 mixed use buildings (39 and 16 storeys) atop a shared L-shaped podium. The proposal includes 412.7 square metres of retail space, 149.9 square metres of School / Daycare space, 1,432.7 square me",507 VICTORIA PARK AVE,20,43675,562.6,44237.6,578,http://app.toronto.ca/AIC/index.do?folderRsn=bRJT%2FgKiZRJwAqjmKyxHMA%3D%3D
2359,Under Review,25 198600 NNY 15 OZ,2025-07-23,"OPA & Rezoning Application proposes the development of an 25-storey mixed-use building providing commercial use at grade. The building will provide a total of 256 residential units, with a mix of studio, 1-bedroom, 2-bedroom, and 3-bedroom units.A paved",544 EGLINTON AVE E,15,19624.3,177.1,19801.4,256,http://app.toronto.ca/AIC/index.do?folderRsn=FKsItyLsOqr8CHCKIpcngw%3D%3D
2360,Under Review,25 200349 ESC 21 SA,2025-07-25,Proposal of adding another warehouse of 2922.4 sqm attached to the existing warehouse building.,1870 BIRCHMOUNT RD,21,0,2922.4,2922.4,0,http://app.toronto.ca/AIC/index.do?folderRsn=eOFXe7ywcRxlCuoOSR1CAQ%3D%3D
2361,Under Review,25 200375 ESC 21 OZ,2025-07-25,"Proposal for redevelop the Subject Lands with two residential high-rise buildings with  heights of 36 and 40 storeys and a 15 storey mixed-use mid-rise building with a total net FSI of 7.96. Proposed total floor area  88,265.1 sq. m. (950,078 sq.ft.), co",2130 LAWRENCE AVE E,21,86387.2,1877.8,88265,1303,http://app.toronto.ca/AIC/index.do?folderRsn=7WXDnKONXZ70jFjX2q3VoQ%3D%3D
2362,Under Review,25 203821 NNY 08 OZ,2025-08-01,"CreateTO, as a City agnecy, has submitted a Zoning By-law Amendment proposing a mixed-use development consisting of two affordable rental housing buildings, with heights of 41 and 6 storeys. The development will include residential units and community/co",9 SHORTT ST,8,35070.91,496.55,35567.46,458,http://app.toronto.ca/AIC/index.do?folderRsn=mW2yqO0XNnxqZZBT1rurng%3D%3D
2363,Under Review,25 206513 NNY 08 OZ,2025-08-07,"Official Plan and Zoning By-law Amendment to permit a 13-storey (41.5 metre) mixed-use building containing 200 residential units with a total gross floor area (GFA) of 13,115 square metres (including 228 square metres of commercial space at grade), resul",744 MARLEE AVE,8,12887,228,13115,200,http://app.toronto.ca/AIC/index.do?folderRsn=vBd9bUFJ9uvyZLCpV3%2FQMw%3D%3D
2364,Under Review,25 187527 STE 13 OZ,2025-07-03,"Combined Official Plan & Zoning By-law Amendment for a 56-storey mixed-use building. The proposed building contains a total of 579 dwelling units, of which 36 are rental replacement units, and a total of approximately 4,739 square metres of institutional",110 MAITLAND ST,13,37875,2262,40137,579,http://app.toronto.ca/AIC/index.do?folderRsn=7aG2rMJO2xzTxH1l2FFmqg%3D%3D
2365,Under Review,25 208823 WET 03 OZ,2025-08-12,"Proposes to construct a new 29-storey mixed-use building, containing 423 dwelling units, including 7 rental replacement units, and a total of 26,114 sq. m of gross floor area (GFA), including 1,024 sq. m of non-residential GFA, resulting in a Floor Space",2915-2917 BLOOR ST W,3,25090,1024,26114,423,http://app.toronto.ca/AIC/index.do?folderRsn=%2BZ1XmcIZGUAFoV5jHJynbA%3D%3D
2366,Under Review,25 173118 NNY 08 OZ,2025-06-06,"Zoning By-law Amendment proposing seven 12 to 40-storey mixed-use towers and a 6-storey mid-rise building. 2,693 dwelling units are proposed with two levels of below-grade parking, providing a total of 1298 parking spaces and 2072 bicycle parking spaces.",490 LAWRENCE AVE W,8,195807,11829,207636,2693,http://app.toronto.ca/AIC/index.do?folderRsn=1CMjSV5jfYg5zG1%2FXjGJdA%3D%3D
2367,Under Review,25 209063 STE 11 OZ,2025-08-12,"Proposed 31-storey (107.9 metres) purpose-built rental building and the restoration and adaptive reuse of the heritage building at 50 Park Road, which is proposed to be integrated into the new development. The proposed development includes 289 purpose-bu",40 PARK RD,11,24409,0,24409,289,http://app.toronto.ca/AIC/index.do?folderRsn=1WMnDOV9JfMey1COIfN3Mg%3D%3D
2368,Under Review,25 147499 ESC 20 OZ,2025-04-22,"Rezoning application to redevelop the existing low-rise commercial building and associated   surface parking area with a 36-storey (116.7 meters, plus mechanical space), 31,182 square   meters, 483-unit residential apartment building fronting Danforth Av",3130 DANFORTH AVE,20,31182,678,31860,483,http://app.toronto.ca/AIC/index.do?folderRsn=ZUj01QDoNoMg2by546Z3rg%3D%3D
2369,Under Review,25 212266 WET 03 OZ,2025-08-18,"The proposed development includes three buildings ranging from 39 to 42 storeys. These buildings will deliver approximately 1,578 new residential units¿offering a mix of studio, one-bedroom, two-bedroom, and three-bedroom units across 105,325 square met",39 NEWCASTLE ST,3,105325,510,105835,1578,http://app.toronto.ca/AIC/index.do?folderRsn=Wsk%2BOq5rNltGz05dKG%2Fidw%3D%3D
2370,Under Review,25 211860 NNY 08 OZ,2025-08-15,"OPA & Rezoning Application proposes the development of an 48-storey residential building. The building will provide a total of 505 residential units, being a mix of studio, 1-bedroom, 1-bedroom + den, 2-bedroom, 2-bedroom + den, and 3-bedroom units.  A p",5 PARK HILL RD,8,34123,0,34123,505,http://app.toronto.ca/AIC/index.do?folderRsn=bgs45NVrL9MpUqEkgHCypQ%3D%3D
2371,Under Review,25 213803 ESC 21 SA,2025-08-20,"Site plan application proposes the demolition of the existing gas station located at 2320 Lawrence Ave E. The redevelopment includes the construction of a new gas canopy, a new convenience store/quick-service restaurant with an associated drive-through f",2320 LAWRENCE AVE E,21,0,288.1,288.1,0,http://app.toronto.ca/AIC/index.do?folderRsn=s%2BBQ84mrP5EvZbf8cUYMcQ%3D%3D
2372,Under Review,25 213384 WET 03 OZ,2025-08-20,"The proposed development contemplates a 48-storey mixed-use building with a height of approximately 153.5 metres plus mechanical penthouse. The building will comprise approximately 647 residential units, including 21% two-bedroom units and 12% three-bedr",4975 DUNDAS ST W,3,45177,456,45633,647,http://app.toronto.ca/AIC/index.do?folderRsn=xrzCSO4KM8bfsS2R0y%2BLkA%3D%3D
2373,Under Review,25 214214 STE 11 OZ,2025-08-21,"Proposed 19-storey mixed-use building containg 746 rooms, Proposal contains 18, 404sqm of residential GFA, and 38sqm of non-residential GFA.",333 COLLEGE ST,11,18404,38,18442,629,http://app.toronto.ca/AIC/index.do?folderRsn=v%2BIOEv9k6dU2ODWBmPTxXA%3D%3D
2374,Under Review,25 215644 ESC 22 OZ,2025-08-25,"Proposal to construct a new 24-storey mixed-use building, containing 309 new  rental dwelling units and a total of 27,392 sq. m of gross floor area (GFA), including 709 sq. m  of non-residential GFA, resulting in a Floor Space Index (FSI) of approximatel",3719 SHEPPARD AVE E,22,26683,709,27392,309,http://app.toronto.ca/AIC/index.do?folderRsn=vDYLBJft5tx4roG7X7wZPw%3D%3D
2375,Under Review,25 216777 NNY 06 OZ,2025-08-27,"OPA & Rezoning Application to redevelop the site with a 14-storey residential building that contemplates 301 new units with a total proposed gross floor area of 23,373.80 square metres and a total proposed density of 7.03 times the area of the lot. The p",1 VINCI CRES,6,23373.4,0,23373.4,301,http://app.toronto.ca/AIC/index.do?folderRsn=uSCY7iqoqu5rDym%2FuFxb5Q%3D%3D
2376,Under Review,25 217373 WET 02 SA,2025-08-28,"Site Plan Application proposes to redevelop the site including the construction of a new convenience store/quick-service restaurant with an associated drive-through facility, a patio area, and improved landscaping throughout the property. The existing Ga",5495 EGLINTON AVE W,2,0,288.4,288.4,0,http://app.toronto.ca/AIC/index.do?folderRsn=pgTiawnO01U18HMB5l8Unw%3D%3D
2377,Under Review,25 215767 STE 13 OZ,2025-08-25,Zoning By-law Amednement for a 38-storey infill mixed-use building while maintaining the existing 24-storey rental apartment building on site. The proposed new building will comprised of 456 residential units and 480 square metres of non-residential spac,77 HOWARD ST,13,28495,480,28975,456,http://app.toronto.ca/AIC/index.do?folderRsn=oHCxGjjokig%2FAQEGNYWN1A%3D%3D
2378,Under Review,25 166443 STE 11 OZ,2025-05-28,"Official Plan and Zoning By-law Amendment application to permit a 35-storey mixed-use building, containing 235 dwelling units and 1,645 square metres of non-residential gross floor area.",1087 YONGE ST,11,17114,1645,18759,235,http://app.toronto.ca/AIC/index.do?folderRsn=0gqsYktSOIJeXBu4bseNlQ%3D%3D
2379,Under Review,25 210997 STE 12 OZ,2025-08-15,"Proposed: Zoning By-law Amendment application for a 17-storey mixed use purpose-built rental building containing 110 residential units (including 6 new affordable rental housing units), 60 square metres of ground floor commercial-retail space, 4 rear sur",146 VAUGHAN RD,12,8360,60,8420,110,http://app.toronto.ca/AIC/index.do?folderRsn=gFNi1fcHYPPVOG3g1PTmHw%3D%3D
2380,Under Review,25 110294 ESC 23 OZ,2025-01-29,"The proposed new Tamil Community Centre will consist of a 2-storey community centre building with a GFA for Phase 1 of 2,606 square metres.   Phase 2 will be for an auditorium with a GFA of approximately 1,972 square metres.    Parking for  Phase one wil",311 STAINES RD,23,0,4578,4578,0,http://app.toronto.ca/AIC/index.do?folderRsn=hg3o14krONlHf69mXP%2F1vA%3D%3D
2381,Under Review,25 222465 STE 04 OZ,2025-09-09,"Combined Official Plan & Zoning By-law Amendment for two towers (41-storey and 39-storey respectively) with a 6-storey podium. The proposed development contemplates a total of 873 residential units, all proposed as rental.",26 MOUNTVIEW AVE,4,61378.04,0,61378.04,873,http://app.toronto.ca/AIC/index.do?folderRsn=zrNmDcBh%2Bo7UEDdzl2tVYw%3D%3D
2382,Under Review,25 220439 STE 11 SA,2025-09-04,"Site Plan Approval for a 25-storey building with a mix of rental replacement units (33 units) and condominium ownership units, totalling 253 units.",40 WALMER RD,11,15932,0,15932,253,http://app.toronto.ca/AIC/index.do?folderRsn=cRuwHneQnqT0wIZ54VeV4A%3D%3D
2383,Under Review,25 224219 ESC 21 OZ,2025-09-11,"To permit the development of a  21-storey building (Building A on the north-east corner of Lawrence Avenue East and Birchmount Road, an 8-storey mid-rise building (Building B) along the Birchmount Road frontage, a 7-storey mid-rise building (Building C),",2180 LAWRENCE AVE E,21,26646,0,26646,488,http://app.toronto.ca/AIC/index.do?folderRsn=E3ZqvoGU%2Bzeq%2BQRRB0WhzQ%3D%3D
2384,Under Review,25 120193 NNY 15 SA,2025-02-21,Site Plan Amendent proposes the construction of a 743.4 m2 preengineered steel building addition adjoined to an existing 933.9 m2 pre-engineered steel building operating as an unoccupied waste transfer building. The intended use of the addition is for wa,20 ESANDAR DR,15,0,734.4,734.4,0,http://app.toronto.ca/AIC/index.do?folderRsn=0uUiRJCxPeeBq%2Bb9506SXA%3D%3D
2385,Under Review,25 227957 NNY 15 OZ,2025-09-19,"OPA & Rezoning Application proposes the development of an 8-storey mixed-use building providing residential and commercial use at grade. The building will provide a total of 60 residential units, being a mix of 1-bedroom, 2-bedroom, and 3-bedroom units.",922 MILLWOOD RD,15,5084,50,5134,60,http://app.toronto.ca/AIC/index.do?folderRsn=fRM5ufR1%2FtKpDZjgnc4JiA%3D%3D
2386,Active,24 117170 NNY 06 SA,2024-02-20,"Site Plan application proposing a one-storey industrial building with a GFA of 3,321.2 square metres and 417 parking spaces.",1133 FINCH AVE W,6,0,3321.2,3321.2,0,http://app.toronto.ca/AIC/index.do?folderRsn=yJD%2FhcUs45tcFtkbSWRVCQ%3D%3D
2387,Under Review,25 210128 STE 13 OZ,2025-08-14,"The proposed development contemplates a 69-storey residential building containing 660 units, ranging in size from studio to three-bedrooms. A total of 2,646 square metres amenity space is proposed, including 411 square metres of outdoor amenity space and",164 ISABELLA ST,13,46434,0,46434,660,http://app.toronto.ca/AIC/index.do?folderRsn=%2FfelwHv6cpgvItn5LeIKXA%3D%3D
2388,Under Review,25 231195 STE 10 SA,2025-09-26,"Site plan application for Quayside Building 2, a 53 storey, 576 unit building to be delivered as part of the Quayside project. The proposed development includes a total GFA of 40,887 square metres (m2), comprised of 37,636 m2 of residential and 3,251 m2",259 LAKE SHORE BLVD E,10,37636,3252,40888,576,http://app.toronto.ca/AIC/index.do?folderRsn=Lp9IrpWm3Tv2toET6S4IkA%3D%3D
2389,Under Review,23 167863 STE 10 SA,2023-06-29,"Site Plan Control application for Quayside Building 1C     Two proposed 12-storey (39 m) buildings containing a total of 377 units, all of which are affordable rental units. 1,583.34 m2 of ground-level retail and a rooftop urban garden are also proposed.",259 LAKE SHORE BLVD E,10,31204.18,1583.34,32787.52,377,http://app.toronto.ca/AIC/index.do?folderRsn=h0K%2F8wMYzTeRBBL23HdwpA%3D%3D
2390,Under Review,23 167857 STE 10 SA,2023-06-29,"Site Plan Control application for Quayside Building 1B - ""The Overstory""    Proposed 66 storey (233.50 m including mechanical penthouse), 729 unit building to be delivered as part of the Quayside project. The proposed development includes a total GFA of",259 LAKE SHORE BLVD E,10,52700,0,52700,729,http://app.toronto.ca/AIC/index.do?folderRsn=fzXU0Vd9mWCNwDQvbzVr3w%3D%3D
2391,Under Review,24 254890 NNY 17 OZ,2024-12-31,"Combined Official Plan & Zoning By-law Amendment for four buildings with heights of 47, 42, 42 and 42-storeys, together with an onsite public park occupying 1,096.8 m2. The total residential gross floor area (GFA) of the four buildings is 126,673 m2, wit",2600 DON MILLS RD,17,126673,0,126673,1814,http://app.toronto.ca/AIC/index.do?folderRsn=yzrqCZOt%2BnMuhlg18lxE%2Fw%3D%3D
2392,Under Review,25 125641 NNY 06 OZ,2025-03-06,"A request to amend the Official Plan and Zoning By-law to facilitate a mixed use development at 75-81 Billy Bishop Way (the ""subject lands"").     The proposal seeks to permit 5 towers, ranging in height from 21 to 49 storeys and containing 2,055 dwelling",75 BILLY BISHOP WAY,6,149161.4,2493.4,151654.8,2055,http://app.toronto.ca/AIC/index.do?folderRsn=JcPA%2B1MP165ZX4bC%2B77yfA%3D%3D
2393,Under Review,25 104550 WET 02 SA,2025-01-14,"Site Plan Control application to consolidate and retrofit existing, underutilized space within the building envelope. The space will be converted into 15 new residential units (2 bachelor units, five one-bedroom units - 3 are barrier free, and eight one-",38 DIXINGTON CRES,2,216.26,0,216.26,15,http://app.toronto.ca/AIC/index.do?folderRsn=fweUzQRj34Q0mxUQqldIiA%3D%3D
2394,Under Review,25 187440 NNY 15 OZ,2025-07-03,"Redevelopment of 299 Roehampton Avenue with a new purpose-built rental apartment building with a shared 10-storey (33.3 metres) podium element and two towers with a total building height of 59-storeys (189.2 metres, inclusive of 7.0-metre mechanical pent",299 ROEHAMPTON AVE,15,98495.45,0,98495.45,1301,http://app.toronto.ca/AIC/index.do?folderRsn=uuNm4znfsu0OqOu1EYWcig%3D%3D
2395,Under Review,25 214186 WET 01 SA,2025-08-21,"The proposed development contemplates the redevelopment of the subject site for a waste transfer and sorting facility, to construct a quonset shed with a four-layer concrete block foundation which is approximately 1405.50 sq.m in area, a container office",401 ATTWELL DR,1,0,1463.46,1463.46,0,http://app.toronto.ca/AIC/index.do?folderRsn=AEDdFxA9xDF5MYbeLUZm0w%3D%3D
2396,Under Review,25 199458 STE 12 OZ,2025-07-24,"Proposed 37-storey purpose built rental apartment building, containing approximately 400 apartment dwelling units. The proposed dwelling units are comprised of 49 bachelor units (12%), 154 one-bedroom units (39%), 59 one-bedroom plus den units (15%), 74",77 DAVISVILLE AVE,12,29271,0,29271,400,http://app.toronto.ca/AIC/index.do?folderRsn=kIDx71rQUzYWqgx0qmCNFw%3D%3D
2397,Under Review,25 124181 ESC 20 OZ,2025-03-03,"Proposal for 3 blocks of 4-story back-to-back stacked condominium buildings consisting of 115 units and total above grade GFA 13,100 sqm.",5 BELLAMY RD S,20,13158.85,0,13158.85,115,http://app.toronto.ca/AIC/index.do?folderRsn=20aE5A7WCRgYZSIiIOE2eQ%3D%3D
2398,Under Review,25 191175 STE 11 OZ,2025-07-09,"Zoning By-law Amendment application for three towers of 65, 75 and 96 storeys proposed above the existing designated heritage College Park building, which will form the base of the towers. A total of 2,334 residential units are proposed, including the re",444 YONGE ST,11,164263,22903,187166,2334,http://app.toronto.ca/AIC/index.do?folderRsn=CEnqsL7HMbWmaM16PoCY3g%3D%3D
